/* C:\Windows\System32\ntoskrnl.exe (6/9/2026 1:16:34 PM)
   StartOffset(h): 00C63A25, EndOffset(h): 00C70617, Length(h): 0000CBF3 */

unsigned char rawData[52211] = {
	0xD0, 0x32, 0x00, 0x0C, 0x00, 0x00, 0x00, 0x49, 0x1C, 0x6E, 0x1C, 0x00,
	0xE0, 0x32, 0x00, 0x0C, 0x00, 0x00, 0x00, 0x49, 0x18, 0x88, 0x18, 0x00,
	0xF0, 0x32, 0x00, 0x10, 0x00, 0x00, 0x00, 0x9D, 0x10, 0xAD, 0x13, 0x5A,
	0x18, 0xA2, 0x18, 0x00, 0x10, 0x33, 0x00, 0x0C, 0x00, 0x00, 0x00, 0x42,
	0x1E, 0x00, 0x00, 0x00, 0x50, 0x33, 0x00, 0x10, 0x00, 0x00, 0x00, 0x7B,
	0x14, 0x8E, 0x1C, 0x32, 0x1F, 0xB3, 0x1F, 0x00, 0x90, 0x33, 0x00, 0x0C,
	0x00, 0x00, 0x00, 0x47, 0x1E, 0x62, 0x1E, 0x00, 0xA0, 0x33, 0x00, 0x0C,
	0x00, 0x00, 0x00, 0x17, 0x19, 0x05, 0x1A, 0x00, 0xD0, 0x33, 0x00, 0x0C,
	0x00, 0x00, 0x00, 0xAC, 0x10, 0x00, 0x00, 0x00, 0xE0, 0x33, 0x00, 0x18,
	0x00, 0x00, 0x00, 0x4F, 0x10, 0x96, 0x14, 0xDA, 0x14, 0x12, 0x16, 0xF5,
	0x17, 0x38, 0x19, 0xBE, 0x1F, 0x00, 0x00, 0x00, 0x00, 0x34, 0x00, 0x0C,
	0x00, 0x00, 0x00, 0x31, 0x18, 0x00, 0x00, 0x00, 0x10, 0x34, 0x00, 0x0C,
	0x00, 0x00, 0x00, 0xD8, 0x14, 0x00, 0x00, 0x00, 0x20, 0x34, 0x00, 0x0C,
	0x00, 0x00, 0x00, 0x01, 0x18, 0x00, 0x00, 0x00, 0x30, 0x34, 0x00, 0x0C,
	0x00, 0x00, 0x00, 0xCC, 0x10, 0xDC, 0x10, 0x00, 0x40, 0x34, 0x00, 0x0C,
	0x00, 0x00, 0x00, 0x20, 0x11, 0xE8, 0x12, 0x00, 0x50, 0x34, 0x00, 0x0C,
	0x00, 0x00, 0x00, 0xC7, 0x1E, 0x00, 0x00, 0x00, 0x70, 0x34, 0x00, 0x0C,
	0x00, 0x00, 0x00, 0x20, 0x1E, 0x00, 0x00, 0x00, 0x80, 0x34, 0x00, 0x0C,
	0x00, 0x00, 0x00, 0xBD, 0x11, 0x00, 0x00, 0x00, 0xE0, 0x34, 0x00, 0x0C,
	0x00, 0x00, 0x00, 0x05, 0x13, 0x27, 0x13, 0x00, 0x00, 0x35, 0x00, 0x10,
	0x00, 0x00, 0x00, 0x62, 0x13, 0xC0, 0x13, 0xD2, 0x13, 0x00, 0x00, 0x00,
	0x10, 0x35, 0x00, 0x0C, 0x00, 0x00, 0x00, 0xB1, 0x19, 0x60, 0x1B, 0x00,
	0xC0, 0x35, 0x00, 0x0C, 0x00, 0x00, 0x00, 0x2E, 0x13, 0x00, 0x00, 0x00,
	0x10, 0x36, 0x00, 0x0C, 0x00, 0x00, 0x00, 0x41, 0x1B, 0x54, 0x1E, 0x00,
	0x20, 0x36, 0x00, 0x0C, 0x00, 0x00, 0x00, 0x1D, 0x1F, 0xC9, 0x1F, 0x00,
	0x30, 0x36, 0x00, 0x14, 0x00, 0x00, 0x00, 0x26, 0x12, 0xBC, 0x12, 0xF1,
	0x15, 0xB9, 0x17, 0xDC, 0x1F, 0x00, 0x00, 0x00, 0x40, 0x36, 0x00, 0x24,
	0x00, 0x00, 0x00, 0x64, 0x13, 0x85, 0x13, 0x99, 0x13, 0xAD, 0x13, 0xBF,
	0x13, 0xD3, 0x13, 0x50, 0x14, 0xD2, 0x14, 0xD9, 0x15, 0xC1, 0x17, 0xE0,
	0x17, 0x47, 0x18, 0x87, 0x19, 0x00, 0x00, 0x00, 0x50, 0x36, 0x00, 0x18,
	0x00, 0x00, 0x00, 0xDE, 0x15, 0x30, 0x16, 0x7F, 0x1B, 0x67, 0x1F, 0x78,
	0x1F, 0x89, 0x1F, 0x97, 0x1F, 0xC9, 0x1F, 0x00, 0x60, 0x36, 0x00, 0x14,
	0x00, 0x00, 0x00, 0x60, 0x10, 0x94, 0x10, 0x2F, 0x11, 0x09, 0x17, 0x83,
	0x17, 0x00, 0x00, 0x00, 0x70, 0x36, 0x00, 0x0C, 0x00, 0x00, 0x00, 0xDB,
	0x1B, 0x00, 0x00, 0x00, 0x90, 0x36, 0x00, 0x10, 0x00, 0x00, 0x00, 0xB5,
	0x10, 0xC3, 0x10, 0xE2, 0x10, 0xFA, 0x10, 0x00, 0xA0, 0x36, 0x00, 0x14,
	0x00, 0x00, 0x00, 0x9F, 0x13, 0xBF, 0x13, 0xAA, 0x16, 0x71, 0x1C, 0x96,
	0x1C, 0x00, 0x00, 0x00, 0xE0, 0x36, 0x00, 0x0C, 0x00, 0x00, 0x00, 0x89,
	0x12, 0x00, 0x00, 0x00, 0xF0, 0x36, 0x00, 0x10, 0x00, 0x00, 0x00, 0xDB,
	0x11, 0xEF, 0x11, 0x03, 0x12, 0xDE, 0x1F, 0x00, 0x10, 0x37, 0x00, 0x10,
	0x00, 0x00, 0x00, 0x44, 0x12, 0x4C, 0x13, 0xC7, 0x15, 0x00, 0x00, 0x00,
	0x20, 0x37, 0x00, 0x0C, 0x00, 0x00, 0x00, 0x97, 0x11, 0x00, 0x00, 0x00,
	0x30, 0x37, 0x00, 0x10, 0x00, 0x00, 0x00, 0x7F, 0x12, 0x1C, 0x18, 0xCB,
	0x19, 0x00, 0x00, 0x00, 0x40, 0x37, 0x00, 0x10, 0x00, 0x00, 0x00, 0x64,
	0x11, 0x7A, 0x1E, 0x8B, 0x1E, 0x8E, 0x1F, 0x00, 0x50, 0x37, 0x00, 0x10,
	0x00, 0x00, 0x00, 0x58, 0x10, 0xA3, 0x10, 0xEE, 0x10, 0x00, 0x00, 0x00,
	0x70, 0x37, 0x00, 0x0C, 0x00, 0x00, 0x00, 0x9A, 0x13, 0x00, 0x00, 0x00,
	0xA0, 0x37, 0x00, 0x10, 0x00, 0x00, 0x00, 0x89, 0x19, 0x9D, 0x19, 0x2A,
	0x1E, 0x00, 0x00, 0x00, 0xB0, 0x37, 0x00, 0x10, 0x00, 0x00, 0x00, 0x25,
	0x16, 0xB3, 0x18, 0x58, 0x1A, 0x00, 0x00, 0x00, 0xC0, 0x37, 0x00, 0x10,
	0x00, 0x00, 0x00, 0x45, 0x19, 0x3E, 0x1E, 0xAC, 0x1E, 0xBC, 0x1F, 0x00,
	0xD0, 0x37, 0x00, 0x14, 0x00, 0x00, 0x00, 0x25, 0x10, 0x41, 0x10, 0x31,
	0x12, 0x20, 0x16, 0xA5, 0x16, 0x10, 0x1A, 0x00, 0xF0, 0x37, 0x00, 0x0C,
	0x00, 0x00, 0x00, 0x61, 0x17, 0x0E, 0x1F, 0x00, 0x00, 0x38, 0x00, 0x0C,
	0x00, 0x00, 0x00, 0xFF, 0x13, 0x00, 0x00, 0x00, 0x10, 0x38, 0x00, 0x0C,
	0x00, 0x00, 0x00, 0x28, 0x1D, 0x00, 0x00, 0x00, 0x20, 0x38, 0x00, 0x0C,
	0x00, 0x00, 0x00, 0xE7, 0x1B, 0x00, 0x00, 0x00, 0x30, 0x38, 0x00, 0x0C,
	0x00, 0x00, 0x00, 0x22, 0x12, 0x0E, 0x16, 0x00, 0x90, 0x38, 0x00, 0x10,
	0x00, 0x00, 0x00, 0xB2, 0x16, 0x51, 0x19, 0x12, 0x1C, 0xF1, 0x1D, 0x00,
	0xA0, 0x38, 0x00, 0x14, 0x00, 0x00, 0x00, 0x5B, 0x12, 0xD7, 0x16, 0xBF,
	0x19, 0x21, 0x1A, 0x5B, 0x1A, 0x56, 0x1E, 0x00, 0xB0, 0x38, 0x00, 0x10,
	0x00, 0x00, 0x00, 0xE5, 0x15, 0xF9, 0x15, 0x17, 0x16, 0x76, 0x16, 0x00,
	0xF0, 0x38, 0x00, 0x0C, 0x00, 0x00, 0x00, 0xD7, 0x1C, 0x00, 0x00, 0x00,
	0x40, 0x39, 0x00, 0x0C, 0x00, 0x00, 0x00, 0x65, 0x1E, 0x76, 0x1E, 0x00,
	0x50, 0x39, 0x00, 0x0C, 0x00, 0x00, 0x00, 0xEF, 0x19, 0x59, 0x1D, 0x00,
	0x60, 0x39, 0x00, 0x10, 0x00, 0x00, 0x00, 0x4D, 0x17, 0x5F, 0x17, 0x6A,
	0x1B, 0x79, 0x1B, 0x00, 0x70, 0x39, 0x00, 0x0C, 0x00, 0x00, 0x00, 0x3C,
	0x13, 0x00, 0x00, 0x00, 0x90, 0x39, 0x00, 0x0C, 0x00, 0x00, 0x00, 0xB4,
	0x10, 0xC4, 0x10, 0x00, 0xC0, 0x39, 0x00, 0x10, 0x00, 0x00, 0x00, 0x3A,
	0x14, 0x4C, 0x14, 0xF4, 0x1C, 0x00, 0x00, 0x00, 0xD0, 0x39, 0x00, 0x0C,
	0x00, 0x00, 0x00, 0xC0, 0x19, 0xCF, 0x19, 0x00, 0xF0, 0x39, 0x00, 0x0C,
	0x00, 0x00, 0x00, 0x2C, 0x1E, 0x00, 0x00, 0x00, 0x00, 0x3A, 0x00, 0x0C,
	0x00, 0x00, 0x00, 0xE0, 0x18, 0xE2, 0x1B, 0x00, 0x10, 0x3A, 0x00, 0x0C,
	0x00, 0x00, 0x00, 0xC3, 0x1C, 0x00, 0x00, 0x00, 0x20, 0x3A, 0x00, 0x0C,
	0x00, 0x00, 0x00, 0xE8, 0x1A, 0x00, 0x00, 0x00, 0x30, 0x3A, 0x00, 0x0C,
	0x00, 0x00, 0x00, 0x3D, 0x19, 0x75, 0x19, 0x00, 0x40, 0x3A, 0x00, 0x0C,
	0x00, 0x00, 0x00, 0xC2, 0x1E, 0x00, 0x00, 0x00, 0x50, 0x3A, 0x00, 0x0C,
	0x00, 0x00, 0x00, 0x8C, 0x17, 0x80, 0x1A, 0x00, 0x60, 0x3A, 0x00, 0x0C,
	0x00, 0x00, 0x00, 0x01, 0x19, 0x00, 0x00, 0x00, 0x70, 0x3A, 0x00, 0x0C,
	0x00, 0x00, 0x00, 0x40, 0x12, 0xFD, 0x19, 0x00, 0xA0, 0x3A, 0x00, 0x10,
	0x00, 0x00, 0x00, 0x8F, 0x12, 0x94, 0x13, 0x15, 0x15, 0x00, 0x00, 0x00,
	0xB0, 0x3A, 0x00, 0x10, 0x00, 0x00, 0x00, 0x0B, 0x13, 0xBF, 0x16, 0xCF,
	0x18, 0x00, 0x00, 0x00, 0xC0, 0x3A, 0x00, 0x10, 0x00, 0x00, 0x00, 0xD4,
	0x11, 0xFE, 0x11, 0xCF, 0x1C, 0x00, 0x00, 0x00, 0xD0, 0x3A, 0x00, 0x0C,
	0x00, 0x00, 0x00, 0x72, 0x14, 0x46, 0x15, 0x00, 0xE0, 0x3A, 0x00, 0x0C,
	0x00, 0x00, 0x00, 0xA9, 0x10, 0xD7, 0x10, 0x00, 0x00, 0x3B, 0x00, 0x14,
	0x00, 0x00, 0x00, 0x91, 0x10, 0x4D, 0x14, 0xCD, 0x18, 0x57, 0x19, 0x83,
	0x1F, 0x00, 0x00, 0x00, 0x10, 0x3B, 0x00, 0x0C, 0x00, 0x00, 0x00, 0xEF,
	0x13, 0x80, 0x17, 0x00, 0x20, 0x3B, 0x00, 0x10, 0x00, 0x00, 0x00, 0x80,
	0x11, 0x0E, 0x14, 0x20, 0x14, 0x00, 0x00, 0x00, 0x30, 0x3B, 0x00, 0x0C,
	0x00, 0x00, 0x00, 0x7B, 0x15, 0xA0, 0x18, 0x00, 0x40, 0x3B, 0x00, 0x0C,
	0x00, 0x00, 0x00, 0x28, 0x19, 0xAD, 0x1C, 0x00, 0x60, 0x3B, 0x00, 0x18,
	0x00, 0x00, 0x00, 0x85, 0x13, 0x16, 0x15, 0x9C, 0x15, 0x41, 0x17, 0x0F,
	0x19, 0x06, 0x1F, 0x6E, 0x1F, 0xCD, 0x1F, 0x00, 0x70, 0x3B, 0x00, 0x10,
	0x00, 0x00, 0x00, 0xFE, 0x10, 0xC6, 0x16, 0x86, 0x17, 0x00, 0x00, 0x00,
	0xB0, 0x3B, 0x00, 0x10, 0x00, 0x00, 0x00, 0x43, 0x13, 0xA4, 0x17, 0x68,
	0x19, 0x00, 0x00, 0x00, 0xC0, 0x3C, 0x00, 0x0C, 0x00, 0x00, 0x00, 0x56,
	0x1D, 0x00, 0x00, 0x00, 0xD0, 0x3C, 0x00, 0x10, 0x00, 0x00, 0x00, 0xD8,
	0x14, 0xC1, 0x18, 0x85, 0x1D, 0x00, 0x00, 0x00, 0xF0, 0x3C, 0x00, 0x0C,
	0x00, 0x00, 0x00, 0x9C, 0x13, 0x00, 0x00, 0x00, 0x00, 0x3D, 0x00, 0x10,
	0x00, 0x00, 0x00, 0x9E, 0x18, 0xDB, 0x1C, 0xEF, 0x1C, 0x00, 0x00, 0x00,
	0x10, 0x3D, 0x00, 0x0C, 0x00, 0x00, 0x00, 0x50, 0x18, 0x00, 0x00, 0x00,
	0x20, 0x3D, 0x00, 0x0C, 0x00, 0x00, 0x00, 0x9E, 0x1E, 0x00, 0x00, 0x00,
	0x50, 0x3D, 0x00, 0x10, 0x00, 0x00, 0x00, 0x2F, 0x11, 0x0B, 0x17, 0x2C,
	0x1B, 0x00, 0x00, 0x00, 0x60, 0x3D, 0x00, 0x10, 0x00, 0x00, 0x00, 0x0A,
	0x10, 0x08, 0x11, 0x14, 0x16, 0x00, 0x00, 0x00, 0x70, 0x3D, 0x00, 0x10,
	0x00, 0x00, 0x00, 0xB3, 0x10, 0xC4, 0x10, 0xD5, 0x10, 0x00, 0x00, 0x00,
	0x80, 0x3D, 0x00, 0x0C, 0x00, 0x00, 0x00, 0xEF, 0x11, 0x00, 0x00, 0x00,
	0x90, 0x3D, 0x00, 0x10, 0x00, 0x00, 0x00, 0x13, 0x10, 0xCD, 0x10, 0xFF,
	0x18, 0x00, 0x00, 0x00, 0xB0, 0x3D, 0x00, 0x14, 0x00, 0x00, 0x00, 0x59,
	0x13, 0xAC, 0x14, 0x4D, 0x1A, 0x61, 0x1A, 0x21, 0x1B, 0x17, 0x1E, 0x00,
	0xC0, 0x3D, 0x00, 0x10, 0x00, 0x00, 0x00, 0x9F, 0x19, 0xCE, 0x1B, 0xED,
	0x1C, 0x00, 0x00, 0x00, 0xD0, 0x3D, 0x00, 0x0C, 0x00, 0x00, 0x00, 0xBD,
	0x17, 0x00, 0x00, 0x00, 0xE0, 0x3D, 0x00, 0x0C, 0x00, 0x00, 0x00, 0x85,
	0x10, 0xF3, 0x1D, 0x00, 0x00, 0x3E, 0x00, 0x10, 0x00, 0x00, 0x00, 0x71,
	0x14, 0x43, 0x1B, 0x92, 0x1D, 0x00, 0x00, 0x00, 0x10, 0x3E, 0x00, 0x10,
	0x00, 0x00, 0x00, 0x05, 0x11, 0x52, 0x1E, 0x63, 0x1F, 0x00, 0x00, 0x00,
	0x20, 0x3E, 0x00, 0x0C, 0x00, 0x00, 0x00, 0x96, 0x13, 0x00, 0x00, 0x00,
	0x30, 0x3E, 0x00, 0x0C, 0x00, 0x00, 0x00, 0xB0, 0x14, 0xB4, 0x18, 0x00,
	0x50, 0x3E, 0x00, 0x0C, 0x00, 0x00, 0x00, 0x84, 0x12, 0xBD, 0x12, 0x00,
	0x60, 0x3E, 0x00, 0x10, 0x00, 0x00, 0x00, 0x24, 0x12, 0x34, 0x12, 0x75,
	0x13, 0xCE, 0x1F, 0x00, 0x90, 0x3E, 0x00, 0x0C, 0x00, 0x00, 0x00, 0x79,
	0x1E, 0x00, 0x00, 0x00, 0xB0, 0x3E, 0x00, 0x0C, 0x00, 0x00, 0x00, 0xA7,
	0x17, 0x00, 0x00, 0x00, 0xD0, 0x3E, 0x00, 0x0C, 0x00, 0x00, 0x00, 0x6A,
	0x15, 0x00, 0x00, 0x00, 0xE0, 0x3E, 0x00, 0x0C, 0x00, 0x00, 0x00, 0x09,
	0x12, 0x00, 0x00, 0x00, 0x00, 0x3F, 0x00, 0x0C, 0x00, 0x00, 0x00, 0xC6,
	0x1D, 0x00, 0x00, 0x00, 0x10, 0x3F, 0x00, 0x10, 0x00, 0x00, 0x00, 0x32,
	0x10, 0xDA, 0x13, 0x32, 0x14, 0x0D, 0x1E, 0x00, 0x20, 0x3F, 0x00, 0x0C,
	0x00, 0x00, 0x00, 0xA1, 0x1D, 0xB0, 0x1D, 0x00, 0x30, 0x3F, 0x00, 0x0C,
	0x00, 0x00, 0x00, 0x44, 0x1C, 0x00, 0x00, 0x00, 0x50, 0x3F, 0x00, 0x0C,
	0x00, 0x00, 0x00, 0x76, 0x13, 0x84, 0x1A, 0x00, 0xA0, 0x3F, 0x00, 0x0C,
	0x00, 0x00, 0x00, 0x48, 0x12, 0x00, 0x00, 0x00, 0xB0, 0x3F, 0x00, 0x0C,
	0x00, 0x00, 0x00, 0x55, 0x1D, 0x00, 0x00, 0x00, 0xE0, 0x3F, 0x00, 0x10,
	0x00, 0x00, 0x00, 0xBE, 0x1A, 0x98, 0x1B, 0xAC, 0x1B, 0x00, 0x00, 0x00,
	0xF0, 0x3F, 0x00, 0x0C, 0x00, 0x00, 0x00, 0xCA, 0x1A, 0x39, 0x1E, 0x00,
	0x10, 0x40, 0x00, 0x0C, 0x00, 0x00, 0x00, 0x81, 0x19, 0x00, 0x00, 0x00,
	0x20, 0x40, 0x00, 0x18, 0x00, 0x00, 0x00, 0x56, 0x10, 0x5A, 0x11, 0xE7,
	0x11, 0x16, 0x12, 0x2F, 0x12, 0xF6, 0x16, 0x8A, 0x17, 0xFF, 0x1B, 0x00,
	0x50, 0x40, 0x00, 0x10, 0x00, 0x00, 0x00, 0xC0, 0x1B, 0xD1, 0x1B, 0xE3,
	0x1B, 0x00, 0x00, 0x00, 0x60, 0x40, 0x00, 0x0C, 0x00, 0x00, 0x00, 0x25,
	0x14, 0x00, 0x00, 0x00, 0x70, 0x40, 0x00, 0x0C, 0x00, 0x00, 0x00, 0x4C,
	0x10, 0x00, 0x00, 0x00, 0xA0, 0x40, 0x00, 0x0C, 0x00, 0x00, 0x00, 0xB5,
	0x1A, 0x00, 0x00, 0x00, 0xD0, 0x40, 0x00, 0x0C, 0x00, 0x00, 0x00, 0xD2,
	0x17, 0xF1, 0x17, 0x00, 0x10, 0x41, 0x00, 0x0C, 0x00, 0x00, 0x00, 0x00,
	0x19, 0x00, 0x00, 0x00, 0x20, 0x41, 0x00, 0x0C, 0x00, 0x00, 0x00, 0x95,
	0x17, 0x28, 0x18, 0x00, 0x30, 0x41, 0x00, 0x0C, 0x00, 0x00, 0x00, 0xCD,
	0x15, 0x00, 0x00, 0x00, 0x40, 0x41, 0x00, 0x0C, 0x00, 0x00, 0x00, 0x43,
	0x1C, 0x00, 0x00, 0x00, 0x50, 0x41, 0x00, 0x0C, 0x00, 0x00, 0x00, 0xED,
	0x1C, 0x49, 0x1E, 0x00, 0x70, 0x41, 0x00, 0x0C, 0x00, 0x00, 0x00, 0x88,
	0x13, 0x95, 0x13, 0x00, 0xA0, 0x41, 0x00, 0x0C, 0x00, 0x00, 0x00, 0x32,
	0x1A, 0x00, 0x00, 0x00, 0xC0, 0x41, 0x00, 0x0C, 0x00, 0x00, 0x00, 0x35,
	0x1A, 0x00, 0x00, 0x00, 0xF0, 0x41, 0x00, 0x0C, 0x00, 0x00, 0x00, 0x35,
	0x16, 0x00, 0x00, 0x00, 0x10, 0x42, 0x00, 0x0C, 0x00, 0x00, 0x00, 0x95,
	0x17, 0x8D, 0x1E, 0x00, 0x20, 0x42, 0x00, 0x0C, 0x00, 0x00, 0x00, 0xC6,
	0x11, 0x00, 0x00, 0x00, 0x30, 0x42, 0x00, 0x10, 0x00, 0x00, 0x00, 0x76,
	0x11, 0xCB, 0x13, 0xF3, 0x15, 0xE7, 0x1F, 0x00, 0x50, 0x42, 0x00, 0x0C,
	0x00, 0x00, 0x00, 0xF2, 0x1D, 0x00, 0x00, 0x00, 0x60, 0x42, 0x00, 0x0C,
	0x00, 0x00, 0x00, 0xE6, 0x11, 0x00, 0x00, 0x00, 0x80, 0x42, 0x00, 0x0C,
	0x00, 0x00, 0x00, 0x51, 0x17, 0xF5, 0x19, 0x00, 0xB0, 0x42, 0x00, 0x0C,
	0x00, 0x00, 0x00, 0x8A, 0x17, 0x82, 0x1A, 0x00, 0xC0, 0x42, 0x00, 0x1C,
	0x00, 0x00, 0x00, 0x75, 0x13, 0x27, 0x15, 0xE3, 0x1A, 0x05, 0x1B, 0x20,
	0x1B, 0x3F, 0x1B, 0x61, 0x1B, 0x83, 0x1B, 0xB1, 0x1B, 0x00, 0x00, 0x00,
	0xD0, 0x42, 0x00, 0x14, 0x00, 0x00, 0x00, 0x30, 0x14, 0x3E, 0x14, 0x4F,
	0x14, 0x60, 0x14, 0x97, 0x19, 0xA6, 0x19, 0x00, 0x00, 0x43, 0x00, 0x0C,
	0x00, 0x00, 0x00, 0x01, 0x10, 0x47, 0x1D, 0x00, 0x10, 0x43, 0x00, 0x0C,
	0x00, 0x00, 0x00, 0x3E, 0x10, 0xEA, 0x18, 0x00, 0x30, 0x43, 0x00, 0x0C,
	0x00, 0x00, 0x00, 0xFC, 0x11, 0x7C, 0x1D, 0x00, 0x40, 0x43, 0x00, 0x0C,
	0x00, 0x00, 0x00, 0x80, 0x17, 0x7D, 0x1D, 0x00, 0x50, 0x43, 0x00, 0x0C,
	0x00, 0x00, 0x00, 0xD8, 0x1A, 0x00, 0x00, 0x00, 0x60, 0x43, 0x00, 0x0C,
	0x00, 0x00, 0x00, 0x0C, 0x12, 0x00, 0x00, 0x00, 0x70, 0x43, 0x00, 0x0C,
	0x00, 0x00, 0x00, 0xF5, 0x13, 0x76, 0x14, 0x00, 0x80, 0x43, 0x00, 0x0C,
	0x00, 0x00, 0x00, 0x14, 0x1F, 0x00, 0x00, 0x00, 0xB0, 0x43, 0x00, 0x0C,
	0x00, 0x00, 0x00, 0x0E, 0x11, 0x1C, 0x11, 0x00, 0xE0, 0x43, 0x00, 0x0C,
	0x00, 0x00, 0x00, 0x76, 0x12, 0x00, 0x00, 0x00, 0xF0, 0x43, 0x00, 0x0C,
	0x00, 0x00, 0x00, 0xF3, 0x10, 0x00, 0x00, 0x00, 0x00, 0x44, 0x00, 0x0C,
	0x00, 0x00, 0x00, 0x12, 0x1C, 0x00, 0x00, 0x00, 0x30, 0x44, 0x00, 0x0C,
	0x00, 0x00, 0x00, 0xB3, 0x19, 0x00, 0x00, 0x00, 0x40, 0x44, 0x00, 0x0C,
	0x00, 0x00, 0x00, 0x96, 0x14, 0x00, 0x00, 0x00, 0x50, 0x44, 0x00, 0x0C,
	0x00, 0x00, 0x00, 0xE0, 0x15, 0x00, 0x00, 0x00, 0x70, 0x44, 0x00, 0x10,
	0x00, 0x00, 0x00, 0xB1, 0x19, 0xB3, 0x1D, 0xC5, 0x1D, 0x00, 0x00, 0x00,
	0xC0, 0x44, 0x00, 0x0C, 0x00, 0x00, 0x00, 0x97, 0x1A, 0x9E, 0x1B, 0x00,
	0xD0, 0x44, 0x00, 0x0C, 0x00, 0x00, 0x00, 0x56, 0x1E, 0x00, 0x00, 0x00,
	0x10, 0x45, 0x00, 0x0C, 0x00, 0x00, 0x00, 0x87, 0x18, 0x00, 0x00, 0x00,
	0x20, 0x45, 0x00, 0x0C, 0x00, 0x00, 0x00, 0xFA, 0x15, 0x2F, 0x1C, 0x00,
	0x30, 0x45, 0x00, 0x0C, 0x00, 0x00, 0x00, 0x26, 0x13, 0x00, 0x00, 0x00,
	0x40, 0x45, 0x00, 0x0C, 0x00, 0x00, 0x00, 0xD8, 0x1C, 0xCE, 0x1F, 0x00,
	0x50, 0x45, 0x00, 0x1C, 0x00, 0x00, 0x00, 0x8D, 0x10, 0xD9, 0x10, 0x5A,
	0x11, 0x4E, 0x12, 0xE1, 0x12, 0x35, 0x13, 0x82, 0x13, 0xFD, 0x14, 0xEE,
	0x15, 0x00, 0x00, 0x00, 0x60, 0x45, 0x00, 0x0C, 0x00, 0x00, 0x00, 0xD5,
	0x11, 0xE4, 0x11, 0x00, 0x70, 0x45, 0x00, 0x10, 0x00, 0x00, 0x00, 0xD1,
	0x14, 0xC9, 0x17, 0x94, 0x19, 0x00, 0x00, 0x00, 0x80, 0x45, 0x00, 0x10,
	0x00, 0x00, 0x00, 0xDB, 0x16, 0x94, 0x1E, 0xA2, 0x1E, 0x00, 0x00, 0x00,
	0xB0, 0x45, 0x00, 0x0C, 0x00, 0x00, 0x00, 0x80, 0x16, 0xA1, 0x16, 0x00,
	0xC0, 0x45, 0x00, 0x0C, 0x00, 0x00, 0x00, 0x34, 0x16, 0x00, 0x00, 0x00,
	0xD0, 0x45, 0x00, 0x0C, 0x00, 0x00, 0x00, 0x68, 0x1D, 0x00, 0x00, 0x00,
	0xE0, 0x45, 0x00, 0x0C, 0x00, 0x00, 0x00, 0xD5, 0x1A, 0xEC, 0x1F, 0x00,
	0xF0, 0x45, 0x00, 0x0C, 0x00, 0x00, 0x00, 0x5C, 0x10, 0xE3, 0x16, 0x00,
	0x00, 0x46, 0x00, 0x0C, 0x00, 0x00, 0x00, 0xD1, 0x1C, 0xBA, 0x1E, 0x00,
	0x10, 0x46, 0x00, 0x0C, 0x00, 0x00, 0x00, 0x19, 0x10, 0x00, 0x00, 0x00,
	0x30, 0x46, 0x00, 0x0C, 0x00, 0x00, 0x00, 0x6D, 0x14, 0x00, 0x00, 0x00,
	0x40, 0x46, 0x00, 0x10, 0x00, 0x00, 0x00, 0x7D, 0x1E, 0xD5, 0x1F, 0xFE,
	0x1F, 0x00, 0x00, 0x00, 0x60, 0x46, 0x00, 0x0C, 0x00, 0x00, 0x00, 0x15,
	0x10, 0x00, 0x00, 0x00, 0x90, 0x46, 0x00, 0x0C, 0x00, 0x00, 0x00, 0x6F,
	0x15, 0x23, 0x1A, 0x00, 0xB0, 0x46, 0x00, 0x10, 0x00, 0x00, 0x00, 0x8D,
	0x14, 0x9E, 0x14, 0xCB, 0x1F, 0x00, 0x00, 0x00, 0xC0, 0x46, 0x00, 0x0C,
	0x00, 0x00, 0x00, 0x37, 0x1B, 0x00, 0x00, 0x00, 0xD0, 0x46, 0x00, 0x10,
	0x00, 0x00, 0x00, 0x21, 0x13, 0x57, 0x18, 0xC8, 0x1A, 0x00, 0x00, 0x00,
	0xE0, 0x46, 0x00, 0x0C, 0x00, 0x00, 0x00, 0x0A, 0x14, 0x19, 0x14, 0x00,
	0x00, 0x47, 0x00, 0x0C, 0x00, 0x00, 0x00, 0x5A, 0x1A, 0x00, 0x00, 0x00,
	0x10, 0x47, 0x00, 0x10, 0x00, 0x00, 0x00, 0x94, 0x1B, 0x81, 0x1E, 0xCE,
	0x1F, 0xDC, 0x1F, 0x00, 0x20, 0x47, 0x00, 0x0C, 0x00, 0x00, 0x00, 0xE1,
	0x14, 0x92, 0x16, 0x00, 0x30, 0x47, 0x00, 0x14, 0x00, 0x00, 0x00, 0xA9,
	0x10, 0xA4, 0x15, 0xB1, 0x15, 0xA6, 0x1C, 0x3A, 0x1F, 0x00, 0x00, 0x00,
	0x50, 0x47, 0x00, 0x0C, 0x00, 0x00, 0x00, 0xE8, 0x16, 0x7D, 0x19, 0x00,
	0x60, 0x47, 0x00, 0x10, 0x00, 0x00, 0x00, 0x0A, 0x17, 0x87, 0x17, 0xF4,
	0x17, 0x00, 0x00, 0x00, 0x70, 0x47, 0x00, 0x14, 0x00, 0x00, 0x00, 0x8C,
	0x14, 0xC7, 0x14, 0x6A, 0x1C, 0x16, 0x1D, 0xCD, 0x1E, 0xF5, 0x1E, 0x00,
	0x80, 0x47, 0x00, 0x0C, 0x00, 0x00, 0x00, 0x35, 0x1E, 0x06, 0x1F, 0x00,
	0xA0, 0x47, 0x00, 0x0C, 0x00, 0x00, 0x00, 0x20, 0x1B, 0x00, 0x00, 0x00,
	0xB0, 0x47, 0x00, 0x0C, 0x00, 0x00, 0x00, 0xBA, 0x12, 0x00, 0x00, 0x00,
	0xC0, 0x47, 0x00, 0x10, 0x00, 0x00, 0x00, 0xD5, 0x11, 0x47, 0x16, 0x3E,
	0x17, 0x00, 0x00, 0x00, 0xE0, 0x47, 0x00, 0x0C, 0x00, 0x00, 0x00, 0x59,
	0x1E, 0x00, 0x00, 0x00, 0x00, 0x48, 0x00, 0x0C, 0x00, 0x00, 0x00, 0xA2,
	0x12, 0x00, 0x00, 0x00, 0x10, 0x48, 0x00, 0x0C, 0x00, 0x00, 0x00, 0x8D,
	0x19, 0x9F, 0x19, 0x00, 0x30, 0x48, 0x00, 0x10, 0x00, 0x00, 0x00, 0x5D,
	0x12, 0xEF, 0x17, 0x5E, 0x18, 0x00, 0x00, 0x00, 0x40, 0x48, 0x00, 0x18,
	0x00, 0x00, 0x00, 0xEF, 0x12, 0xFD, 0x12, 0x25, 0x13, 0xB4, 0x13, 0xF6,
	0x13, 0x65, 0x18, 0x67, 0x1D, 0x85, 0x1D, 0x00, 0x50, 0x48, 0x00, 0x0C,
	0x00, 0x00, 0x00, 0x3B, 0x1E, 0x00, 0x00, 0x00, 0x60, 0x48, 0x00, 0x10,
	0x00, 0x00, 0x00, 0xFE, 0x13, 0xD2, 0x1A, 0x4C, 0x1B, 0x00, 0x00, 0x00,
	0x70, 0x48, 0x00, 0x10, 0x00, 0x00, 0x00, 0xE1, 0x14, 0x46, 0x1A, 0x86,
	0x1A, 0x00, 0x00, 0x00, 0x80, 0x48, 0x00, 0x0C, 0x00, 0x00, 0x00, 0xB4,
	0x10, 0x00, 0x00, 0x00, 0x90, 0x48, 0x00, 0x0C, 0x00, 0x00, 0x00, 0x68,
	0x13, 0x00, 0x00, 0x00, 0xA0, 0x48, 0x00, 0x0C, 0x00, 0x00, 0x00, 0xA0,
	0x11, 0x00, 0x00, 0x00, 0xB0, 0x48, 0x00, 0x0C, 0x00, 0x00, 0x00, 0x9F,
	0x15, 0x00, 0x00, 0x00, 0xC0, 0x48, 0x00, 0x0C, 0x00, 0x00, 0x00, 0xFE,
	0x16, 0x00, 0x00, 0x00, 0xD0, 0x48, 0x00, 0x0C, 0x00, 0x00, 0x00, 0x95,
	0x15, 0x00, 0x00, 0x00, 0xE0, 0x48, 0x00, 0x0C, 0x00, 0x00, 0x00, 0x83,
	0x13, 0x00, 0x00, 0x00, 0xF0, 0x48, 0x00, 0x0C, 0x00, 0x00, 0x00, 0xE8,
	0x11, 0x42, 0x16, 0x00, 0x00, 0x49, 0x00, 0x10, 0x00, 0x00, 0x00, 0xAD,
	0x10, 0x33, 0x12, 0xCD, 0x1B, 0x00, 0x00, 0x00, 0x10, 0x49, 0x00, 0x0C,
	0x00, 0x00, 0x00, 0x82, 0x11, 0x3C, 0x15, 0x00, 0x20, 0x49, 0x00, 0x0C,
	0x00, 0x00, 0x00, 0xA1, 0x12, 0x36, 0x13, 0x00, 0x30, 0x49, 0x00, 0x10,
	0x00, 0x00, 0x00, 0xB1, 0x10, 0xC3, 0x10, 0xDE, 0x10, 0xF0, 0x10, 0x00,
	0x40, 0x49, 0x00, 0x0C, 0x00, 0x00, 0x00, 0xA1, 0x18, 0x17, 0x19, 0x00,
	0x60, 0x49, 0x00, 0x0C, 0x00, 0x00, 0x00, 0xE3, 0x17, 0x00, 0x00, 0x00,
	0x70, 0x49, 0x00, 0x0C, 0x00, 0x00, 0x00, 0x5C, 0x14, 0x00, 0x00, 0x00,
	0x80, 0x49, 0x00, 0x0C, 0x00, 0x00, 0x00, 0x1C, 0x1F, 0x00, 0x00, 0x00,
	0x90, 0x49, 0x00, 0x10, 0x00, 0x00, 0x00, 0x13, 0x1A, 0xCF, 0x1B, 0x68,
	0x1E, 0x00, 0x00, 0x00, 0xA0, 0x49, 0x00, 0x10, 0x00, 0x00, 0x00, 0x8E,
	0x11, 0x48, 0x1C, 0xA8, 0x1D, 0x00, 0x00, 0x00, 0xB0, 0x49, 0x00, 0x0C,
	0x00, 0x00, 0x00, 0xE1, 0x11, 0xF1, 0x11, 0x00, 0xF0, 0x49, 0x00, 0x0C,
	0x00, 0x00, 0x00, 0xE3, 0x12, 0xB3, 0x14, 0x00, 0x00, 0x4A, 0x00, 0x0C,
	0x00, 0x00, 0x00, 0x04, 0x10, 0x18, 0x10, 0x00, 0x10, 0x4A, 0x00, 0x0C,
	0x00, 0x00, 0x00, 0x8B, 0x1D, 0xCF, 0x1D, 0x00, 0x20, 0x4A, 0x00, 0x0C,
	0x00, 0x00, 0x00, 0xAC, 0x1B, 0x00, 0x00, 0x00, 0x30, 0x4A, 0x00, 0x0C,
	0x00, 0x00, 0x00, 0xDC, 0x1F, 0x00, 0x00, 0x00, 0x40, 0x4A, 0x00, 0x0C,
	0x00, 0x00, 0x00, 0x07, 0x10, 0x00, 0x00, 0x00, 0x50, 0x4A, 0x00, 0x0C,
	0x00, 0x00, 0x00, 0x95, 0x10, 0x00, 0x00, 0x00, 0x70, 0x4A, 0x00, 0x14,
	0x00, 0x00, 0x00, 0xA1, 0x16, 0xB1, 0x16, 0x32, 0x1A, 0x00, 0x1B, 0xB0,
	0x1F, 0x00, 0x00, 0x00, 0x80, 0x4A, 0x00, 0x0C, 0x00, 0x00, 0x00, 0xA2,
	0x10, 0x00, 0x00, 0x00, 0x90, 0x4A, 0x00, 0x0C, 0x00, 0x00, 0x00, 0x0E,
	0x1D, 0x00, 0x00, 0x00, 0xA0, 0x4A, 0x00, 0x10, 0x00, 0x00, 0x00, 0xE2,
	0x15, 0x61, 0x1E, 0x00, 0x1F, 0x10, 0x1F, 0x00, 0xB0, 0x4A, 0x00, 0x0C,
	0x00, 0x00, 0x00, 0x22, 0x15, 0x47, 0x15, 0x00, 0xC0, 0x4A, 0x00, 0x0C,
	0x00, 0x00, 0x00, 0x0A, 0x1E, 0xAA, 0x1E, 0x00, 0xD0, 0x4A, 0x00, 0x10,
	0x00, 0x00, 0x00, 0x8D, 0x16, 0x72, 0x1D, 0x76, 0x1E, 0x00, 0x00, 0x00,
	0xE0, 0x4A, 0x00, 0x0C, 0x00, 0x00, 0x00, 0xC1, 0x1B, 0xB9, 0x1F, 0x00,
	0xF0, 0x4A, 0x00, 0x0C, 0x00, 0x00, 0x00, 0x7A, 0x16, 0x00, 0x00, 0x00,
	0x00, 0x4B, 0x00, 0x0C, 0x00, 0x00, 0x00, 0x31, 0x15, 0x00, 0x00, 0x00,
	0x10, 0x4B, 0x00, 0x0C, 0x00, 0x00, 0x00, 0x23, 0x1E, 0x00, 0x00, 0x00,
	0x30, 0x4B, 0x00, 0x10, 0x00, 0x00, 0x00, 0x66, 0x12, 0x94, 0x12, 0xA9,
	0x13, 0xA7, 0x17, 0x00, 0x40, 0x4B, 0x00, 0x10, 0x00, 0x00, 0x00, 0xAC,
	0x19, 0xBC, 0x19, 0xA7, 0x1B, 0x00, 0x00, 0x00, 0x50, 0x4B, 0x00, 0x0C,
	0x00, 0x00, 0x00, 0x50, 0x12, 0x28, 0x1B, 0x00, 0x70, 0x4B, 0x00, 0x0C,
	0x00, 0x00, 0x00, 0xDB, 0x1B, 0x00, 0x00, 0x00, 0x80, 0x4B, 0x00, 0x0C,
	0x00, 0x00, 0x00, 0x7E, 0x12, 0x00, 0x00, 0x00, 0x90, 0x4B, 0x00, 0x10,
	0x00, 0x00, 0x00, 0xD1, 0x11, 0x90, 0x14, 0xD4, 0x17, 0xDD, 0x19, 0x00,
	0xA0, 0x4B, 0x00, 0x0C, 0x00, 0x00, 0x00, 0xCB, 0x17, 0xDA, 0x17, 0x00,
	0xB0, 0x4B, 0x00, 0x0C, 0x00, 0x00, 0x00, 0xE5, 0x12, 0x00, 0x00, 0x00,
	0xC0, 0x4B, 0x00, 0x0C, 0x00, 0x00, 0x00, 0xC6, 0x1B, 0x42, 0x1D, 0x00,
	0xF0, 0x4B, 0x00, 0x0C, 0x00, 0x00, 0x00, 0x90, 0x11, 0x00, 0x00, 0x00,
	0x00, 0x4C, 0x00, 0x10, 0x00, 0x00, 0x00, 0x19, 0x12, 0x2C, 0x12, 0x3A,
	0x12, 0x49, 0x12, 0x00, 0x10, 0x4C, 0x00, 0x10, 0x00, 0x00, 0x00, 0x47,
	0x10, 0x8E, 0x15, 0x9F, 0x15, 0xFD, 0x1B, 0x00, 0x20, 0x4C, 0x00, 0x0C,
	0x00, 0x00, 0x00, 0x51, 0x16, 0xB4, 0x16, 0x00, 0x30, 0x4C, 0x00, 0x0C,
	0x00, 0x00, 0x00, 0x05, 0x16, 0x15, 0x16, 0x00, 0x70, 0x4C, 0x00, 0x0C,
	0x00, 0x00, 0x00, 0xCE, 0x1F, 0x00, 0x00, 0x00, 0x80, 0x4C, 0x00, 0x10,
	0x00, 0x00, 0x00, 0x86, 0x11, 0x77, 0x1D, 0xD6, 0x1E, 0x00, 0x00, 0x00,
	0xA0, 0x4C, 0x00, 0x0C, 0x00, 0x00, 0x00, 0x73, 0x12, 0x55, 0x1E, 0x00,
	0xC0, 0x4C, 0x00, 0x10, 0x00, 0x00, 0x00, 0xCF, 0x19, 0x39, 0x1D, 0x4F,
	0x1D, 0x00, 0x00, 0x00, 0xD0, 0x4C, 0x00, 0x0C, 0x00, 0x00, 0x00, 0x9A,
	0x16, 0xCB, 0x1B, 0x00, 0xE0, 0x4C, 0x00, 0x0C, 0x00, 0x00, 0x00, 0x3F,
	0x1C, 0x00, 0x00, 0x00, 0xF0, 0x4C, 0x00, 0x0C, 0x00, 0x00, 0x00, 0x10,
	0x1D, 0xA3, 0x1E, 0x00, 0x00, 0x4D, 0x00, 0x10, 0x00, 0x00, 0x00, 0x58,
	0x15, 0x84, 0x18, 0x3A, 0x1A, 0x77, 0x1A, 0x00, 0x10, 0x4D, 0x00, 0x14,
	0x00, 0x00, 0x00, 0x5C, 0x15, 0xBB, 0x16, 0xC1, 0x19, 0x57, 0x1A, 0x23,
	0x1D, 0xB0, 0x1E, 0x00, 0x20, 0x4D, 0x00, 0x10, 0x00, 0x00, 0x00, 0xEF,
	0x13, 0x98, 0x14, 0x49, 0x1C, 0x00, 0x00, 0x00, 0x60, 0x4D, 0x00, 0x0C,
	0x00, 0x00, 0x00, 0x2F, 0x11, 0x43, 0x15, 0x00, 0x90, 0x4D, 0x00, 0x0C,
	0x00, 0x00, 0x00, 0x91, 0x1A, 0xA2, 0x1A, 0x00, 0xD0, 0x4D, 0x00, 0x0C,
	0x00, 0x00, 0x00, 0x6A, 0x1E, 0x00, 0x00, 0x00, 0xF0, 0x4D, 0x00, 0x0C,
	0x00, 0x00, 0x00, 0x4D, 0x15, 0xCA, 0x15, 0x00, 0x00, 0x4E, 0x00, 0x0C,
	0x00, 0x00, 0x00, 0x38, 0x13, 0x80, 0x13, 0x00, 0x20, 0x4E, 0x00, 0x14,
	0x00, 0x00, 0x00, 0x3C, 0x13, 0xEA, 0x13, 0xCD, 0x14, 0x12, 0x15, 0x37,
	0x18, 0xAD, 0x18, 0x00, 0x30, 0x4E, 0x00, 0x2C, 0x00, 0x00, 0x00, 0x83,
	0x15, 0x92, 0x15, 0xD4, 0x17, 0x95, 0x1C, 0xA6, 0x1C, 0xC5, 0x1C, 0xD8,
	0x1C, 0xE7, 0x1C, 0xF8, 0x1C, 0x09, 0x1D, 0x1A, 0x1D, 0xA4, 0x1D, 0xC0,
	0x1D, 0x0D, 0x1E, 0x29, 0x1E, 0x45, 0x1E, 0x61, 0x1E, 0x7D, 0x1E, 0x00,
	0x40, 0x4E, 0x00, 0x10, 0x00, 0x00, 0x00, 0x30, 0x12, 0x5D, 0x12, 0xE2,
	0x12, 0x52, 0x13, 0x00, 0x50, 0x4E, 0x00, 0x0C, 0x00, 0x00, 0x00, 0xF0,
	0x1F, 0x00, 0x00, 0x00, 0x60, 0x4E, 0x00, 0x10, 0x00, 0x00, 0x00, 0x05,
	0x10, 0x1C, 0x11, 0x80, 0x18, 0x9C, 0x18, 0x00, 0xD0, 0x4E, 0x00, 0x0C,
	0x00, 0x00, 0x00, 0x3F, 0x1E, 0x00, 0x00, 0x00, 0xF0, 0x4E, 0x00, 0x0C,
	0x00, 0x00, 0x00, 0x38, 0x10, 0x00, 0x00, 0x00, 0x10, 0x4F, 0x00, 0x0C,
	0x00, 0x00, 0x00, 0x69, 0x16, 0x52, 0x1C, 0x00, 0x20, 0x4F, 0x00, 0x0C,
	0x00, 0x00, 0x00, 0x5D, 0x12, 0x00, 0x00, 0x00, 0x30, 0x4F, 0x00, 0x0C,
	0x00, 0x00, 0x00, 0xEB, 0x1A, 0x00, 0x00, 0x00, 0x40, 0x4F, 0x00, 0x0C,
	0x00, 0x00, 0x00, 0x0E, 0x10, 0x0C, 0x14, 0x00, 0x50, 0x4F, 0x00, 0x0C,
	0x00, 0x00, 0x00, 0xC5, 0x11, 0x07, 0x1B, 0x00, 0x60, 0x4F, 0x00, 0x0C,
	0x00, 0x00, 0x00, 0x60, 0x18, 0x00, 0x00, 0x00, 0xB0, 0x4F, 0x00, 0x10,
	0x00, 0x00, 0x00, 0x1B, 0x16, 0x30, 0x16, 0x0A, 0x1A, 0x1F, 0x1A, 0x00,
	0xC0, 0x4F, 0x00, 0x0C, 0x00, 0x00, 0x00, 0x25, 0x19, 0x00, 0x00, 0x00,
	0xD0, 0x4F, 0x00, 0x0C, 0x00, 0x00, 0x00, 0x98, 0x15, 0xC5, 0x1F, 0x00,
	0x00, 0x50, 0x00, 0x0C, 0x00, 0x00, 0x00, 0x73, 0x19, 0x00, 0x00, 0x00,
	0x10, 0x50, 0x00, 0x0C, 0x00, 0x00, 0x00, 0xB4, 0x14, 0x44, 0x1D, 0x00,
	0x20, 0x50, 0x00, 0x0C, 0x00, 0x00, 0x00, 0x09, 0x10, 0x00, 0x00, 0x00,
	0x30, 0x50, 0x00, 0x0C, 0x00, 0x00, 0x00, 0x47, 0x18, 0x00, 0x00, 0x00,
	0x50, 0x51, 0x00, 0x0C, 0x00, 0x00, 0x00, 0xB6, 0x18, 0x00, 0x00, 0x00,
	0x70, 0x51, 0x00, 0x0C, 0x00, 0x00, 0x00, 0xA4, 0x16, 0x10, 0x18, 0x00,
	0x90, 0x51, 0x00, 0x10, 0x00, 0x00, 0x00, 0x68, 0x10, 0x77, 0x10, 0x88,
	0x1B, 0x00, 0x00, 0x00, 0xC0, 0x51, 0x00, 0x0C, 0x00, 0x00, 0x00, 0x7A,
	0x18, 0x00, 0x00, 0x00, 0xF0, 0x51, 0x00, 0x0C, 0x00, 0x00, 0x00, 0xAD,
	0x1D, 0x00, 0x00, 0x00, 0x40, 0x52, 0x00, 0x0C, 0x00, 0x00, 0x00, 0x76,
	0x1A, 0xA0, 0x1A, 0x00, 0x60, 0x52, 0x00, 0x0C, 0x00, 0x00, 0x00, 0x68,
	0x16, 0x7C, 0x1B, 0x00, 0x70, 0x52, 0x00, 0x0C, 0x00, 0x00, 0x00, 0x17,
	0x1C, 0x00, 0x00, 0x00, 0x80, 0x52, 0x00, 0x0C, 0x00, 0x00, 0x00, 0x32,
	0x10, 0x00, 0x00, 0x00, 0x90, 0x52, 0x00, 0x0C, 0x00, 0x00, 0x00, 0xC9,
	0x1A, 0x00, 0x00, 0x00, 0x60, 0x53, 0x00, 0x10, 0x00, 0x00, 0x00, 0xEC,
	0x1A, 0x5F, 0x1B, 0xF3, 0x1E, 0x00, 0x00, 0x00, 0x70, 0x53, 0x00, 0x0C,
	0x00, 0x00, 0x00, 0x2C, 0x10, 0x00, 0x00, 0x00, 0x90, 0x53, 0x00, 0x0C,
	0x00, 0x00, 0x00, 0x6C, 0x1B, 0xE1, 0x1D, 0x00, 0xA0, 0x53, 0x00, 0x0C,
	0x00, 0x00, 0x00, 0x3E, 0x1F, 0x00, 0x00, 0x00, 0xB0, 0x53, 0x00, 0x10,
	0x00, 0x00, 0x00, 0xCB, 0x14, 0x08, 0x1A, 0xAD, 0x1C, 0xC7, 0x1D, 0x00,
	0xC0, 0x53, 0x00, 0x10, 0x00, 0x00, 0x00, 0x2C, 0x18, 0x9F, 0x1A, 0x74,
	0x1B, 0x00, 0x00, 0x00, 0xD0, 0x53, 0x00, 0x10, 0x00, 0x00, 0x00, 0xDD,
	0x10, 0x34, 0x13, 0xBB, 0x14, 0xBB, 0x15, 0x00, 0xF0, 0x53, 0x00, 0x10,
	0x00, 0x00, 0x00, 0xE9, 0x17, 0x1C, 0x1A, 0x03, 0x1B, 0x00, 0x00, 0x00,
	0x00, 0x54, 0x00, 0x10, 0x00, 0x00, 0x00, 0xAC, 0x15, 0xEC, 0x16, 0x0C,
	0x1C, 0x36, 0x1C, 0x00, 0x10, 0x54, 0x00, 0x0C, 0x00, 0x00, 0x00, 0xC2,
	0x10, 0xCF, 0x1B, 0x00, 0x20, 0x54, 0x00, 0x0C, 0x00, 0x00, 0x00, 0xCC,
	0x1F, 0x00, 0x00, 0x00, 0x30, 0x54, 0x00, 0x0C, 0x00, 0x00, 0x00, 0xAF,
	0x1D, 0x00, 0x00, 0x00, 0x50, 0x54, 0x00, 0x0C, 0x00, 0x00, 0x00, 0x3B,
	0x14, 0x7A, 0x17, 0x00, 0x60, 0x54, 0x00, 0x0C, 0x00, 0x00, 0x00, 0x79,
	0x11, 0x68, 0x13, 0x00, 0x70, 0x54, 0x00, 0x0C, 0x00, 0x00, 0x00, 0x7F,
	0x1C, 0x00, 0x00, 0x00, 0xA0, 0x54, 0x00, 0x0C, 0x00, 0x00, 0x00, 0x34,
	0x13, 0x00, 0x00, 0x00, 0xB0, 0x54, 0x00, 0x0C, 0x00, 0x00, 0x00, 0xA6,
	0x10, 0xA0, 0x1E, 0x00, 0xC0, 0x54, 0x00, 0x0C, 0x00, 0x00, 0x00, 0xDA,
	0x14, 0x00, 0x00, 0x00, 0xD0, 0x54, 0x00, 0x10, 0x00, 0x00, 0x00, 0xE5,
	0x12, 0xCB, 0x16, 0x32, 0x1B, 0x00, 0x00, 0x00, 0xE0, 0x54, 0x00, 0x10,
	0x00, 0x00, 0x00, 0xBF, 0x17, 0x21, 0x19, 0x30, 0x1B, 0x6B, 0x1D, 0x00,
	0xF0, 0x54, 0x00, 0x10, 0x00, 0x00, 0x00, 0xDB, 0x13, 0xA7, 0x1D, 0xF2,
	0x1F, 0x00, 0x00, 0x00, 0x50, 0x55, 0x00, 0x10, 0x00, 0x00, 0x00, 0x93,
	0x10, 0xD0, 0x13, 0x35, 0x19, 0x00, 0x00, 0x00, 0x60, 0x55, 0x00, 0x14,
	0x00, 0x00, 0x00, 0x38, 0x14, 0x4D, 0x15, 0x88, 0x16, 0x39, 0x17, 0x36,
	0x1A, 0x8E, 0x1A, 0x00, 0x70, 0x55, 0x00, 0x14, 0x00, 0x00, 0x00, 0x69,
	0x16, 0x02, 0x17, 0xAA, 0x1A, 0xD2, 0x1A, 0xD9, 0x1B, 0x00, 0x00, 0x00,
	0xA0, 0x55, 0x00, 0x0C, 0x00, 0x00, 0x00, 0xC4, 0x16, 0xE2, 0x16, 0x00,
	0xB0, 0x55, 0x00, 0x10, 0x00, 0x00, 0x00, 0xCE, 0x18, 0x1B, 0x1E, 0x91,
	0x1E, 0x00, 0x00, 0x00, 0xC0, 0x55, 0x00, 0x14, 0x00, 0x00, 0x00, 0x21,
	0x11, 0x30, 0x11, 0xA8, 0x13, 0x2A, 0x18, 0xCE, 0x1F, 0x00, 0x00, 0x00,
	0xD0, 0x55, 0x00, 0x18, 0x00, 0x00, 0x00, 0xAB, 0x12, 0x6D, 0x14, 0x82,
	0x15, 0xB3, 0x17, 0xA3, 0x19, 0xC3, 0x1B, 0xDF, 0x1E, 0x00, 0x00, 0x00,
	0xF0, 0x55, 0x00, 0x14, 0x00, 0x00, 0x00, 0x11, 0x11, 0x55, 0x12, 0x89,
	0x13, 0x40, 0x1B, 0xCE, 0x1E, 0x00, 0x00, 0x00, 0x00, 0x56, 0x00, 0x0C,
	0x00, 0x00, 0x00, 0xAA, 0x19, 0x00, 0x00, 0x00, 0x10, 0x56, 0x00, 0x10,
	0x00, 0x00, 0x00, 0x86, 0x11, 0x29, 0x1B, 0x3D, 0x1D, 0xA4, 0x1D, 0x00,
	0x40, 0x56, 0x00, 0x10, 0x00, 0x00, 0x00, 0xFD, 0x15, 0x49, 0x16, 0xAA,
	0x16, 0x1A, 0x1A, 0x00, 0x50, 0x56, 0x00, 0x0C, 0x00, 0x00, 0x00, 0x6D,
	0x1D, 0x00, 0x00, 0x00, 0x60, 0x56, 0x00, 0x0C, 0x00, 0x00, 0x00, 0x76,
	0x12, 0x0F, 0x13, 0x00, 0x70, 0x56, 0x00, 0x0C, 0x00, 0x00, 0x00, 0xE9,
	0x12, 0x4D, 0x13, 0x00, 0x80, 0x56, 0x00, 0x0C, 0x00, 0x00, 0x00, 0x1F,
	0x14, 0xEF, 0x17, 0x00, 0x90, 0x56, 0x00, 0x0C, 0x00, 0x00, 0x00, 0x30,
	0x1A, 0xAE, 0x1B, 0x00, 0xA0, 0x56, 0x00, 0x10, 0x00, 0x00, 0x00, 0x74,
	0x15, 0xE3, 0x18, 0xFB, 0x18, 0x49, 0x1D, 0x00, 0xB0, 0x56, 0x00, 0x10,
	0x00, 0x00, 0x00, 0x5D, 0x13, 0x33, 0x1E, 0xBB, 0x1E, 0x00, 0x00, 0x00,
	0xC0, 0x56, 0x00, 0x14, 0x00, 0x00, 0x00, 0x60, 0x12, 0x72, 0x12, 0xA5,
	0x17, 0x3A, 0x1A, 0xC0, 0x1B, 0x00, 0x00, 0x00, 0xD0, 0x56, 0x00, 0x10,
	0x00, 0x00, 0x00, 0x1C, 0x19, 0x2E, 0x19, 0x21, 0x1B, 0x00, 0x00, 0x00,
	0xE0, 0x56, 0x00, 0x14, 0x00, 0x00, 0x00, 0x81, 0x11, 0xC9, 0x16, 0x79,
	0x1A, 0x8A, 0x1A, 0x50, 0x1D, 0x00, 0x00, 0x00, 0xF0, 0x56, 0x00, 0x0C,
	0x00, 0x00, 0x00, 0xE6, 0x14, 0x01, 0x1D, 0x00, 0x00, 0x57, 0x00, 0x10,
	0x00, 0x00, 0x00, 0x02, 0x13, 0x79, 0x13, 0x5E, 0x16, 0x00, 0x00, 0x00,
	0x40, 0x57, 0x00, 0x10, 0x00, 0x00, 0x00, 0x35, 0x18, 0x46, 0x18, 0x29,
	0x19, 0x00, 0x00, 0x00, 0x50, 0x57, 0x00, 0x10, 0x00, 0x00, 0x00, 0x93,
	0x10, 0xA4, 0x10, 0xA1, 0x11, 0x00, 0x00, 0x00, 0x90, 0x57, 0x00, 0x0C,
	0x00, 0x00, 0x00, 0xE7, 0x1B, 0x06, 0x1E, 0x00, 0xA0, 0x57, 0x00, 0x0C,
	0x00, 0x00, 0x00, 0xC9, 0x17, 0xAE, 0x19, 0x00, 0xB0, 0x57, 0x00, 0x10,
	0x00, 0x00, 0x00, 0x79, 0x12, 0xD2, 0x12, 0x26, 0x16, 0x79, 0x16, 0x00,
	0xD0, 0x57, 0x00, 0x0C, 0x00, 0x00, 0x00, 0xB3, 0x1F, 0x00, 0x00, 0x00,
	0xF0, 0x57, 0x00, 0x0C, 0x00, 0x00, 0x00, 0x04, 0x12, 0x26, 0x14, 0x00,
	0x00, 0x58, 0x00, 0x10, 0x00, 0x00, 0x00, 0xBC, 0x12, 0x27, 0x17, 0xFD,
	0x18, 0x2F, 0x19, 0x00, 0x10, 0x58, 0x00, 0x0C, 0x00, 0x00, 0x00, 0x6E,
	0x14, 0xD8, 0x1C, 0x00, 0x20, 0x58, 0x00, 0x0C, 0x00, 0x00, 0x00, 0xD3,
	0x16, 0x00, 0x00, 0x00, 0x30, 0x58, 0x00, 0x0C, 0x00, 0x00, 0x00, 0x12,
	0x1A, 0x00, 0x00, 0x00, 0x40, 0x58, 0x00, 0x14, 0x00, 0x00, 0x00, 0xDB,
	0x14, 0x02, 0x15, 0x5B, 0x15, 0xD2, 0x15, 0xDB, 0x1B, 0xC1, 0x1F, 0x00,
	0x50, 0x58, 0x00, 0x0C, 0x00, 0x00, 0x00, 0x3A, 0x1D, 0x00, 0x00, 0x00,
	0x60, 0x58, 0x00, 0x18, 0x00, 0x00, 0x00, 0x53, 0x12, 0xF7, 0x12, 0xD6,
	0x13, 0x2F, 0x14, 0xB4, 0x14, 0xB1, 0x18, 0xC4, 0x1E, 0x00, 0x00, 0x00,
	0x70, 0x58, 0x00, 0x0C, 0x00, 0x00, 0x00, 0x48, 0x17, 0xD4, 0x17, 0x00,
	0x90, 0x58, 0x00, 0x24, 0x00, 0x00, 0x00, 0x45, 0x10, 0x25, 0x18, 0xAA,
	0x18, 0x7D, 0x19, 0x11, 0x1A, 0x9E, 0x1A, 0x42, 0x1B, 0x30, 0x1C, 0x40,
	0x1C, 0x1D, 0x1D, 0x97, 0x1D, 0xA7, 0x1D, 0xDE, 0x1E, 0x85, 0x1F, 0x00,
	0xA0, 0x58, 0x00, 0x40, 0x00, 0x00, 0x00, 0x33, 0x10, 0x6E, 0x10, 0x35,
	0x11, 0xB5, 0x11, 0xE5, 0x12, 0xAD, 0x13, 0x5A, 0x14, 0x69, 0x14, 0x65,
	0x15, 0xFE, 0x15, 0x66, 0x16, 0xEE, 0x16, 0x51, 0x17, 0xCB, 0x17, 0xE4,
	0x17, 0x85, 0x19, 0x95, 0x19, 0x86, 0x1A, 0xFA, 0x1A, 0x09, 0x1B, 0xC6,
	0x1B, 0x55, 0x1C, 0xEC, 0x1C, 0x0B, 0x1E, 0xC2, 0x1E, 0x31, 0x1F, 0xB9,
	0x1F, 0xC9, 0x1F, 0x00, 0xB0, 0x58, 0x00, 0x30, 0x00, 0x00, 0x00, 0xDD,
	0x10, 0x76, 0x11, 0x3A, 0x12, 0xB0, 0x12, 0x21, 0x13, 0x85, 0x13, 0xF0,
	0x13, 0x92, 0x14, 0x25, 0x15, 0xC5, 0x15, 0x7E, 0x16, 0x4F, 0x17, 0xE5,
	0x17, 0x8C, 0x18, 0x9C, 0x18, 0xD3, 0x19, 0x95, 0x1A, 0xA5, 0x1A, 0x61,
	0x1B, 0x00, 0x00, 0x00, 0xC0, 0x58, 0x00, 0x0C, 0x00, 0x00, 0x00, 0xF3,
	0x1A, 0xD7, 0x1D, 0x00, 0xD0, 0x58, 0x00, 0x10, 0x00, 0x00, 0x00, 0xAD,
	0x1B, 0xC1, 0x1B, 0x0F, 0x1D, 0x00, 0x00, 0x00, 0xF0, 0x58, 0x00, 0x0C,
	0x00, 0x00, 0x00, 0x07, 0x1B, 0x00, 0x00, 0x00, 0x10, 0x59, 0x00, 0x0C,
	0x00, 0x00, 0x00, 0x7D, 0x13, 0x00, 0x00, 0x00, 0x30, 0x59, 0x00, 0x0C,
	0x00, 0x00, 0x00, 0x40, 0x1B, 0x00, 0x00, 0x00, 0x40, 0x59, 0x00, 0x0C,
	0x00, 0x00, 0x00, 0x73, 0x1E, 0x00, 0x00, 0x00, 0x50, 0x59, 0x00, 0x0C,
	0x00, 0x00, 0x00, 0x48, 0x16, 0x00, 0x00, 0x00, 0x60, 0x59, 0x00, 0x10,
	0x00, 0x00, 0x00, 0x47, 0x10, 0x03, 0x11, 0x21, 0x1A, 0xE6, 0x1C, 0x00,
	0x70, 0x59, 0x00, 0x10, 0x00, 0x00, 0x00, 0xF3, 0x15, 0x1C, 0x16, 0x45,
	0x16, 0x00, 0x00, 0x00, 0xB0, 0x59, 0x00, 0x10, 0x00, 0x00, 0x00, 0xE6,
	0x12, 0x1F, 0x13, 0x49, 0x17, 0x00, 0x00, 0x00, 0xD0, 0x59, 0x00, 0x0C,
	0x00, 0x00, 0x00, 0xA3, 0x14, 0x10, 0x1C, 0x00, 0xE0, 0x59, 0x00, 0x0C,
	0x00, 0x00, 0x00, 0x0B, 0x10, 0x4B, 0x15, 0x00, 0xF0, 0x59, 0x00, 0x0C,
	0x00, 0x00, 0x00, 0xC8, 0x1B, 0x00, 0x00, 0x00, 0x00, 0x5A, 0x00, 0x10,
	0x00, 0x00, 0x00, 0x3D, 0x19, 0x99, 0x1A, 0x83, 0x1B, 0x00, 0x00, 0x00,
	0x10, 0x5A, 0x00, 0x10, 0x00, 0x00, 0x00, 0x61, 0x11, 0x68, 0x1D, 0x47,
	0x1E, 0x00, 0x00, 0x00, 0x30, 0x5A, 0x00, 0x0C, 0x00, 0x00, 0x00, 0x39,
	0x12, 0x4A, 0x12, 0x00, 0x40, 0x5A, 0x00, 0x0C, 0x00, 0x00, 0x00, 0xC2,
	0x11, 0xD0, 0x11, 0x00, 0x50, 0x5A, 0x00, 0x0C, 0x00, 0x00, 0x00, 0x8C,
	0x1E, 0x00, 0x00, 0x00, 0x60, 0x5A, 0x00, 0x14, 0x00, 0x00, 0x00, 0x0A,
	0x16, 0xA0, 0x18, 0x57, 0x1A, 0x0E, 0x1E, 0x22, 0x1E, 0x00, 0x00, 0x00,
	0x70, 0x5A, 0x00, 0x10, 0x00, 0x00, 0x00, 0x7D, 0x1B, 0xB6, 0x1B, 0x2A,
	0x1D, 0x00, 0x00, 0x00, 0x80, 0x5A, 0x00, 0x0C, 0x00, 0x00, 0x00, 0x62,
	0x1E, 0x00, 0x00, 0x00, 0x90, 0x5A, 0x00, 0x0C, 0x00, 0x00, 0x00, 0xDD,
	0x10, 0x00, 0x00, 0x00, 0xB0, 0x5A, 0x00, 0x0C, 0x00, 0x00, 0x00, 0xA3,
	0x14, 0xB7, 0x14, 0x00, 0xC0, 0x5A, 0x00, 0x0C, 0x00, 0x00, 0x00, 0xDE,
	0x1B, 0x00, 0x00, 0x00, 0xD0, 0x5A, 0x00, 0x0C, 0x00, 0x00, 0x00, 0x32,
	0x10, 0x75, 0x14, 0x00, 0xE0, 0x5A, 0x00, 0x0C, 0x00, 0x00, 0x00, 0xBC,
	0x12, 0x89, 0x1F, 0x00, 0x00, 0x5B, 0x00, 0x0C, 0x00, 0x00, 0x00, 0xFA,
	0x13, 0x00, 0x00, 0x00, 0x20, 0x5B, 0x00, 0x24, 0x00, 0x00, 0x00, 0x0C,
	0x13, 0x24, 0x13, 0x35, 0x13, 0x73, 0x13, 0x8F, 0x13, 0xAB, 0x13, 0x39,
	0x14, 0x59, 0x14, 0xA1, 0x18, 0x42, 0x19, 0x60, 0x1C, 0xB1, 0x1E, 0x70,
	0x1F, 0x00, 0x00, 0x00, 0x30, 0x5B, 0x00, 0x10, 0x00, 0x00, 0x00, 0xC5,
	0x11, 0x08, 0x17, 0x24, 0x17, 0x5F, 0x1B, 0x00, 0x40, 0x5B, 0x00, 0x14,
	0x00, 0x00, 0x00, 0xC9, 0x11, 0x27, 0x12, 0xDF, 0x1E, 0x26, 0x1F, 0x4B,
	0x1F, 0x00, 0x00, 0x00, 0x50, 0x5B, 0x00, 0x14, 0x00, 0x00, 0x00, 0x63,
	0x11, 0x84, 0x11, 0xBA, 0x11, 0xD7, 0x11, 0x80, 0x1F, 0x00, 0x00, 0x00,
	0x70, 0x5B, 0x00, 0x14, 0x00, 0x00, 0x00, 0x14, 0x18, 0xDC, 0x18, 0x11,
	0x1A, 0xB0, 0x1B, 0xD0, 0x1D, 0x00, 0x00, 0x00, 0x80, 0x5B, 0x00, 0x10,
	0x00, 0x00, 0x00, 0x69, 0x19, 0x9D, 0x19, 0xD4, 0x19, 0x00, 0x00, 0x00,
	0x90, 0x5B, 0x00, 0x0C, 0x00, 0x00, 0x00, 0x24, 0x1B, 0x00, 0x00, 0x00,
	0xA0, 0x5B, 0x00, 0x10, 0x00, 0x00, 0x00, 0x32, 0x15, 0x55, 0x15, 0x14,
	0x18, 0x00, 0x00, 0x00, 0xC0, 0x5B, 0x00, 0x18, 0x00, 0x00, 0x00, 0x65,
	0x13, 0xA2, 0x13, 0x49, 0x1B, 0x67, 0x1C, 0x8C, 0x1C, 0x24, 0x1D, 0x54,
	0x1D, 0xBC, 0x1D, 0x00, 0xD0, 0x5B, 0x00, 0x10, 0x00, 0x00, 0x00, 0x04,
	0x11, 0x85, 0x12, 0x69, 0x17, 0x08, 0x19, 0x00, 0xE0, 0x5B, 0x00, 0x10,
	0x00, 0x00, 0x00, 0xE7, 0x18, 0x19, 0x1E, 0x11, 0x1F, 0x00, 0x00, 0x00,
	0xF0, 0x5B, 0x00, 0x10, 0x00, 0x00, 0x00, 0x80, 0x16, 0x5B, 0x18, 0x77,
	0x1B, 0x00, 0x00, 0x00, 0x00, 0x5C, 0x00, 0x10, 0x00, 0x00, 0x00, 0x29,
	0x10, 0x48, 0x10, 0x94, 0x13, 0x00, 0x00, 0x00, 0x10, 0x5C, 0x00, 0x0C,
	0x00, 0x00, 0x00, 0x84, 0x14, 0x00, 0x00, 0x00, 0x20, 0x5C, 0x00, 0x0C,
	0x00, 0x00, 0x00, 0x92, 0x1E, 0xEC, 0x1E, 0x00, 0x30, 0x5C, 0x00, 0x0C,
	0x00, 0x00, 0x00, 0xD1, 0x14, 0x00, 0x00, 0x00, 0x40, 0x5C, 0x00, 0x10,
	0x00, 0x00, 0x00, 0x48, 0x12, 0x25, 0x14, 0xC0, 0x17, 0x00, 0x00, 0x00,
	0x50, 0x5C, 0x00, 0x14, 0x00, 0x00, 0x00, 0x3A, 0x13, 0x59, 0x13, 0xA0,
	0x16, 0x2A, 0x19, 0xFC, 0x19, 0x00, 0x00, 0x00, 0x60, 0x5C, 0x00, 0x0C,
	0x00, 0x00, 0x00, 0xAA, 0x12, 0x71, 0x1C, 0x00, 0x70, 0x5C, 0x00, 0x0C,
	0x00, 0x00, 0x00, 0x0A, 0x1C, 0x00, 0x00, 0x00, 0xA0, 0x5C, 0x00, 0x0C,
	0x00, 0x00, 0x00, 0xCC, 0x1E, 0x4B, 0x1F, 0x00, 0xB0, 0x5C, 0x00, 0x0C,
	0x00, 0x00, 0x00, 0x01, 0x1D, 0x2B, 0x1D, 0x00, 0xC0, 0x5C, 0x00, 0x14,
	0x00, 0x00, 0x00, 0xF9, 0x12, 0x95, 0x13, 0xC5, 0x13, 0x75, 0x14, 0xBD,
	0x18, 0xCE, 0x19, 0x00, 0x10, 0x5D, 0x00, 0x0C, 0x00, 0x00, 0x00, 0xCE,
	0x13, 0x00, 0x00, 0x00, 0x40, 0x5D, 0x00, 0x14, 0x00, 0x00, 0x00, 0x2E,
	0x11, 0x40, 0x11, 0x90, 0x11, 0xF4, 0x12, 0xF6, 0x16, 0x00, 0x00, 0x00,
	0x60, 0x5D, 0x00, 0x0C, 0x00, 0x00, 0x00, 0xA4, 0x1F, 0x00, 0x00, 0x00,
	0x70, 0x5D, 0x00, 0x10, 0x00, 0x00, 0x00, 0x6C, 0x10, 0x19, 0x14, 0xB3,
	0x14, 0x00, 0x00, 0x00, 0xB0, 0x5D, 0x00, 0x14, 0x00, 0x00, 0x00, 0x6D,
	0x1E, 0x7E, 0x1E, 0x8D, 0x1E, 0xDE, 0x1E, 0x02, 0x1F, 0x20, 0x1F, 0x00,
	0xC0, 0x5D, 0x00, 0x10, 0x00, 0x00, 0x00, 0xEB, 0x1B, 0x00, 0x1C, 0x92,
	0x1D, 0xFF, 0x1D, 0x00, 0xD0, 0x5D, 0x00, 0x1C, 0x00, 0x00, 0x00, 0x2D,
	0x13, 0x4A, 0x13, 0x9D, 0x13, 0xB3, 0x13, 0x36, 0x19, 0x40, 0x1A, 0xB0,
	0x1E, 0xC1, 0x1E, 0x91, 0x1F, 0xB0, 0x1F, 0x00, 0xE0, 0x5D, 0x00, 0x2C,
	0x00, 0x00, 0x00, 0x5A, 0x10, 0x7E, 0x10, 0xAD, 0x11, 0xB0, 0x15, 0xC5,
	0x15, 0x1B, 0x17, 0x36, 0x17, 0x57, 0x17, 0x6F, 0x17, 0x8B, 0x17, 0xA9,
	0x17, 0xC4, 0x17, 0xDB, 0x17, 0xF9, 0x17, 0x55, 0x18, 0x90, 0x19, 0x3A,
	0x1A, 0xD7, 0x1A, 0x00, 0xF0, 0x5D, 0x00, 0x44, 0x00, 0x00, 0x00, 0x45,
	0x10, 0x3F, 0x11, 0x59, 0x11, 0x7C, 0x11, 0x9A, 0x11, 0xBF, 0x11, 0xE2,
	0x11, 0x05, 0x12, 0x28, 0x12, 0x4F, 0x12, 0x72, 0x12, 0x95, 0x12, 0xBC,
	0x12, 0xDF, 0x12, 0x02, 0x13, 0x29, 0x13, 0x66, 0x13, 0x88, 0x13, 0x3D,
	0x14, 0x60, 0x15, 0x07, 0x16, 0x23, 0x16, 0x8E, 0x18, 0xFA, 0x1A, 0xA0,
	0x1B, 0x36, 0x1C, 0x6A, 0x1E, 0x7E, 0x1E, 0x9F, 0x1E, 0xC4, 0x1E, 0x00,
	0x00, 0x5E, 0x00, 0x20, 0x00, 0x00, 0x00, 0x9B, 0x12, 0x65, 0x13, 0x81,
	0x13, 0x9D, 0x13, 0xEC, 0x13, 0x0F, 0x14, 0x53, 0x15, 0x4C, 0x17, 0xAA,
	0x18, 0x51, 0x1A, 0xB3, 0x1A, 0x93, 0x1B, 0x00, 0x20, 0x5E, 0x00, 0x0C,
	0x00, 0x00, 0x00, 0x2E, 0x1C, 0x00, 0x00, 0x00, 0x30, 0x5E, 0x00, 0x0C,
	0x00, 0x00, 0x00, 0xE5, 0x12, 0x00, 0x00, 0x00, 0x40, 0x5E, 0x00, 0x0C,
	0x00, 0x00, 0x00, 0x97, 0x1E, 0x0A, 0x1F, 0x00, 0x50, 0x5E, 0x00, 0x10,
	0x00, 0x00, 0x00, 0x48, 0x18, 0x56, 0x18, 0x70, 0x1F, 0x00, 0x00, 0x00,
	0x70, 0x5E, 0x00, 0x10, 0x00, 0x00, 0x00, 0x4A, 0x1A, 0x67, 0x1A, 0xB0,
	0x1D, 0x00, 0x00, 0x00, 0xA0, 0x5E, 0x00, 0x10, 0x00, 0x00, 0x00, 0xCF,
	0x1E, 0x3D, 0x1F, 0x56, 0x1F, 0x00, 0x00, 0x00, 0xB0, 0x5E, 0x00, 0x10,
	0x00, 0x00, 0x00, 0x7F, 0x1D, 0x13, 0x1E, 0x23, 0x1E, 0x00, 0x00, 0x00,
	0xC0, 0x5E, 0x00, 0x0C, 0x00, 0x00, 0x00, 0x4F, 0x1D, 0xD1, 0x1D, 0x00,
	0xE0, 0x5E, 0x00, 0x0C, 0x00, 0x00, 0x00, 0x97, 0x1E, 0xAC, 0x1E, 0x00,
	0xF0, 0x5E, 0x00, 0x18, 0x00, 0x00, 0x00, 0x4D, 0x10, 0x61, 0x10, 0xB9,
	0x11, 0x08, 0x13, 0x21, 0x13, 0x43, 0x13, 0x52, 0x13, 0xDB, 0x1A, 0x00,
	0x30, 0x5F, 0x00, 0x10, 0x00, 0x00, 0x00, 0x72, 0x1A, 0xA7, 0x1A, 0x8B,
	0x1B, 0x00, 0x00, 0x00, 0x50, 0x5F, 0x00, 0x10, 0x00, 0x00, 0x00, 0x67,
	0x1A, 0x76, 0x1C, 0x47, 0x1E, 0xDB, 0x1F, 0x00, 0x60, 0x5F, 0x00, 0x10,
	0x00, 0x00, 0x00, 0x76, 0x11, 0xAE, 0x13, 0x5D, 0x15, 0x00, 0x00, 0x00,
	0x80, 0x5F, 0x00, 0x18, 0x00, 0x00, 0x00, 0xE0, 0x11, 0xE7, 0x13, 0xCD,
	0x15, 0x5A, 0x17, 0xEC, 0x18, 0xEE, 0x1A, 0xB2, 0x1C, 0x00, 0x00, 0x00,
	0xA0, 0x5F, 0x00, 0x14, 0x00, 0x00, 0x00, 0xBE, 0x18, 0xD2, 0x1A, 0xB1,
	0x1C, 0x41, 0x1E, 0xDC, 0x1F, 0x00, 0x00, 0x00, 0xB0, 0x5F, 0x00, 0x0C,
	0x00, 0x00, 0x00, 0xD9, 0x11, 0xA7, 0x13, 0x00, 0xD0, 0x5F, 0x00, 0x14,
	0x00, 0x00, 0x00, 0x66, 0x16, 0x77, 0x18, 0x4F, 0x1A, 0xE1, 0x1B, 0x78,
	0x1D, 0x8C, 0x1F, 0x00, 0xE0, 0x5F, 0x00, 0x10, 0x00, 0x00, 0x00, 0x52,
	0x11, 0x75, 0x12, 0x8C, 0x12, 0x00, 0x00, 0x00, 0x10, 0x60, 0x00, 0x0C,
	0x00, 0x00, 0x00, 0xA1, 0x17, 0x73, 0x1B, 0x00, 0x20, 0x60, 0x00, 0x10,
	0x00, 0x00, 0x00, 0x70, 0x12, 0xB4, 0x1A, 0x85, 0x1E, 0x00, 0x00, 0x00,
	0x30, 0x60, 0x00, 0x10, 0x00, 0x00, 0x00, 0x2D, 0x11, 0x49, 0x1B, 0x9B,
	0x1F, 0x00, 0x00, 0x00, 0x40, 0x60, 0x00, 0x0C, 0x00, 0x00, 0x00, 0x38,
	0x10, 0x00, 0x00, 0x00, 0x60, 0x60, 0x00, 0x0C, 0x00, 0x00, 0x00, 0xEB,
	0x1E, 0x00, 0x00, 0x00, 0x70, 0x60, 0x00, 0x1C, 0x00, 0x00, 0x00, 0x7B,
	0x19, 0xD2, 0x19, 0x41, 0x1B, 0xAF, 0x1C, 0xC6, 0x1D, 0x0B, 0x1E, 0x3F,
	0x1E, 0x71, 0x1E, 0xAE, 0x1E, 0xF0, 0x1E, 0x00, 0x80, 0x60, 0x00, 0x0C,
	0x00, 0x00, 0x00, 0x04, 0x14, 0x00, 0x00, 0x00, 0xA0, 0x60, 0x00, 0x0C,
	0x00, 0x00, 0x00, 0xB3, 0x11, 0x00, 0x00, 0x00, 0xB0, 0x60, 0x00, 0x10,
	0x00, 0x00, 0x00, 0x81, 0x12, 0xA3, 0x12, 0xB6, 0x12, 0x5D, 0x1B, 0x00,
	0xC0, 0x60, 0x00, 0x0C, 0x00, 0x00, 0x00, 0xFA, 0x1B, 0x09, 0x1C, 0x00,
	0x20, 0x61, 0x00, 0x0C, 0x00, 0x00, 0x00, 0x87, 0x1E, 0x00, 0x00, 0x00,
	0x30, 0x61, 0x00, 0x0C, 0x00, 0x00, 0x00, 0x72, 0x1C, 0x53, 0x1E, 0x00,
	0x40, 0x61, 0x00, 0x14, 0x00, 0x00, 0x00, 0x43, 0x11, 0x9D, 0x11, 0x9B,
	0x12, 0xAA, 0x16, 0x3A, 0x1C, 0x00, 0x00, 0x00, 0x50, 0x61, 0x00, 0x0C,
	0x00, 0x00, 0x00, 0xAC, 0x16, 0xD3, 0x1B, 0x00, 0x60, 0x61, 0x00, 0x0C,
	0x00, 0x00, 0x00, 0xAC, 0x16, 0x40, 0x1E, 0x00, 0x70, 0x61, 0x00, 0x0C,
	0x00, 0x00, 0x00, 0x06, 0x11, 0xB7, 0x1E, 0x00, 0x90, 0x61, 0x00, 0x10,
	0x00, 0x00, 0x00, 0x4A, 0x1A, 0x1A, 0x1C, 0xEA, 0x1D, 0xBA, 0x1F, 0x00,
	0xA0, 0x61, 0x00, 0x10, 0x00, 0x00, 0x00, 0x8A, 0x11, 0x5A, 0x13, 0x2A,
	0x15, 0x00, 0x00, 0x00, 0xC0, 0x61, 0x00, 0x10, 0x00, 0x00, 0x00, 0x7B,
	0x12, 0x5B, 0x14, 0x2B, 0x16, 0x00, 0x00, 0x00, 0x30, 0x62, 0x00, 0x10,
	0x00, 0x00, 0x00, 0x6A, 0x17, 0x3A, 0x19, 0x3A, 0x1B, 0x00, 0x00, 0x00,
	0x40, 0x62, 0x00, 0x14, 0x00, 0x00, 0x00, 0x2B, 0x10, 0x9A, 0x13, 0x5B,
	0x15, 0xAB, 0x17, 0xFB, 0x19, 0x00, 0x00, 0x00, 0xF0, 0x62, 0x00, 0x0C,
	0x00, 0x00, 0x00, 0x2B, 0x11, 0x9A, 0x1C, 0x00, 0x00, 0x63, 0x00, 0x0C,
	0x00, 0x00, 0x00, 0xEB, 0x15, 0x00, 0x00, 0x00, 0x10, 0x63, 0x00, 0x0C,
	0x00, 0x00, 0x00, 0xDB, 0x17, 0x00, 0x00, 0x00, 0x20, 0x63, 0x00, 0x10,
	0x00, 0x00, 0x00, 0x9B, 0x19, 0x9A, 0x1B, 0xCB, 0x1E, 0x00, 0x00, 0x00,
	0x30, 0x63, 0x00, 0x0C, 0x00, 0x00, 0x00, 0x0B, 0x14, 0x7A, 0x17, 0x00,
	0x40, 0x63, 0x00, 0x0C, 0x00, 0x00, 0x00, 0xEB, 0x1D, 0x00, 0x00, 0x00,
	0x60, 0x63, 0x00, 0x0C, 0x00, 0x00, 0x00, 0x2B, 0x10, 0x00, 0x00, 0x00,
	0x70, 0x63, 0x00, 0x0C, 0x00, 0x00, 0x00, 0xFB, 0x17, 0x00, 0x00, 0x00,
	0x80, 0x63, 0x00, 0x0C, 0x00, 0x00, 0x00, 0x3B, 0x19, 0x27, 0x1E, 0x00,
	0x90, 0x63, 0x00, 0x10, 0x00, 0x00, 0x00, 0x8B, 0x11, 0x7B, 0x13, 0x87,
	0x15, 0xFB, 0x1E, 0x00, 0xA0, 0x63, 0x00, 0x0C, 0x00, 0x00, 0x00, 0xAB,
	0x19, 0x0B, 0x1D, 0x00, 0xB0, 0x63, 0x00, 0x14, 0x00, 0x00, 0x00, 0x7B,
	0x10, 0xFB, 0x13, 0xCB, 0x15, 0x8B, 0x17, 0x4A, 0x19, 0xDB, 0x1F, 0x00,
	0xC0, 0x63, 0x00, 0x0C, 0x00, 0x00, 0x00, 0x7B, 0x17, 0xDA, 0x1A, 0x00,
	0xD0, 0x63, 0x00, 0x0C, 0x00, 0x00, 0x00, 0xBF, 0x1D, 0xAB, 0x1F, 0x00,
	0xE0, 0x63, 0x00, 0x0C, 0x00, 0x00, 0x00, 0x4B, 0x14, 0x1B, 0x19, 0x00,
	0x00, 0x64, 0x00, 0x0C, 0x00, 0x00, 0x00, 0xC7, 0x18, 0x00, 0x00, 0x00,
	0x10, 0x64, 0x00, 0x0C, 0x00, 0x00, 0x00, 0xFB, 0x1A, 0xEB, 0x1C, 0x00,
	0x20, 0x64, 0x00, 0x0C, 0x00, 0x00, 0x00, 0x2B, 0x12, 0x00, 0x00, 0x00,
	0x40, 0x64, 0x00, 0x10, 0x00, 0x00, 0x00, 0x87, 0x11, 0xDB, 0x14, 0xC7,
	0x16, 0x00, 0x00, 0x00, 0x60, 0x64, 0x00, 0x0C, 0x00, 0x00, 0x00, 0x9A,
	0x19, 0x00, 0x00, 0x00, 0x70, 0x64, 0x00, 0x0C, 0x00, 0x00, 0x00, 0x3B,
	0x16, 0x00, 0x00, 0x00, 0x90, 0x64, 0x00, 0x0C, 0x00, 0x00, 0x00, 0x54,
	0x1A, 0xEC, 0x1F, 0x00, 0xA0, 0x64, 0x00, 0x10, 0x00, 0x00, 0x00, 0xA3,
	0x14, 0x0F, 0x17, 0x50, 0x18, 0x00, 0x00, 0x00, 0xC0, 0x64, 0x00, 0x0C,
	0x00, 0x00, 0x00, 0xC5, 0x1F, 0x00, 0x00, 0x00, 0xD0, 0x64, 0x00, 0x10,
	0x00, 0x00, 0x00, 0x9A, 0x12, 0x38, 0x13, 0x53, 0x1D, 0x00, 0x00, 0x00,
	0xE0, 0x64, 0x00, 0x0C, 0x00, 0x00, 0x00, 0x8D, 0x12, 0x00, 0x00, 0x00,
	0x10, 0x65, 0x00, 0x0C, 0x00, 0x00, 0x00, 0x8E, 0x10, 0xF9, 0x15, 0x00,
	0x20, 0x65, 0x00, 0x0C, 0x00, 0x00, 0x00, 0x3E, 0x12, 0x00, 0x00, 0x00,
	0x50, 0x65, 0x00, 0x0C, 0x00, 0x00, 0x00, 0x32, 0x15, 0x00, 0x00, 0x00,
	0x60, 0x65, 0x00, 0x0C, 0x00, 0x00, 0x00, 0x96, 0x13, 0xB6, 0x18, 0x00,
	0x70, 0x65, 0x00, 0x10, 0x00, 0x00, 0x00, 0xC7, 0x13, 0x82, 0x1E, 0x52,
	0x1F, 0x00, 0x00, 0x00, 0x80, 0x65, 0x00, 0x0C, 0x00, 0x00, 0x00, 0x06,
	0x10, 0xA1, 0x12, 0x00, 0x90, 0x65, 0x00, 0x0C, 0x00, 0x00, 0x00, 0x4E,
	0x18, 0x00, 0x00, 0x00, 0xA0, 0x65, 0x00, 0x10, 0x00, 0x00, 0x00, 0x99,
	0x11, 0xA3, 0x12, 0xEB, 0x12, 0xA2, 0x1D, 0x00, 0xB0, 0x65, 0x00, 0x10,
	0x00, 0x00, 0x00, 0xF7, 0x10, 0xA8, 0x11, 0xAB, 0x18, 0xCA, 0x1D, 0x00,
	0xC0, 0x65, 0x00, 0x10, 0x00, 0x00, 0x00, 0x16, 0x10, 0x57, 0x12, 0x81,
	0x14, 0x00, 0x00, 0x00, 0xD0, 0x65, 0x00, 0x0C, 0x00, 0x00, 0x00, 0x5E,
	0x11, 0xF7, 0x1E, 0x00, 0xE0, 0x65, 0x00, 0x0C, 0x00, 0x00, 0x00, 0xC8,
	0x13, 0x00, 0x00, 0x00, 0xF0, 0x65, 0x00, 0x0C, 0x00, 0x00, 0x00, 0x30,
	0x11, 0xA5, 0x11, 0x00, 0x20, 0x66, 0x00, 0x10, 0x00, 0x00, 0x00, 0xF6,
	0x1E, 0x4B, 0x1F, 0x64, 0x1F, 0x00, 0x00, 0x00, 0x30, 0x66, 0x00, 0x24,
	0x00, 0x00, 0x00, 0x2A, 0x10, 0x7F, 0x10, 0x98, 0x10, 0x4E, 0x11, 0x73,
	0x11, 0x8C, 0x11, 0x79, 0x14, 0x4D, 0x16, 0x01, 0x17, 0xC3, 0x17, 0xEF,
	0x17, 0x08, 0x18, 0xA1, 0x18, 0x00, 0x00, 0x00, 0x40, 0x66, 0x00, 0x14,
	0x00, 0x00, 0x00, 0x79, 0x13, 0xE4, 0x15, 0xCA, 0x17, 0xDE, 0x19, 0xF6,
	0x19, 0x7C, 0x1A, 0x00, 0x50, 0x66, 0x00, 0x0C, 0x00, 0x00, 0x00, 0x9A,
	0x18, 0xD0, 0x1F, 0x00, 0x70, 0x66, 0x00, 0x0C, 0x00, 0x00, 0x00, 0xDC,
	0x10, 0xFC, 0x13, 0x00, 0x80, 0x66, 0x00, 0x0C, 0x00, 0x00, 0x00, 0xA7,
	0x19, 0x54, 0x1E, 0x00, 0x90, 0x66, 0x00, 0x14, 0x00, 0x00, 0x00, 0xC2,
	0x13, 0x24, 0x19, 0x19, 0x1C, 0xF7, 0x1C, 0x2F, 0x1F, 0x00, 0x00, 0x00,
	0xA0, 0x66, 0x00, 0x0C, 0x00, 0x00, 0x00, 0xE2, 0x13, 0x00, 0x00, 0x00,
	0xB0, 0x66, 0x00, 0x0C, 0x00, 0x00, 0x00, 0xF4, 0x1F, 0x00, 0x00, 0x00,
	0xC0, 0x66, 0x00, 0x0C, 0x00, 0x00, 0x00, 0xCB, 0x17, 0xE6, 0x1F, 0x00,
	0x30, 0x67, 0x00, 0x0C, 0x00, 0x00, 0x00, 0xCD, 0x13, 0x8E, 0x18, 0x00,
	0x40, 0x67, 0x00, 0x10, 0x00, 0x00, 0x00, 0x5C, 0x12, 0xC5, 0x12, 0xBE,
	0x14, 0x00, 0x00, 0x00, 0x50, 0x67, 0x00, 0x0C, 0x00, 0x00, 0x00, 0xB1,
	0x1E, 0x00, 0x00, 0x00, 0x60, 0x67, 0x00, 0x0C, 0x00, 0x00, 0x00, 0x4A,
	0x13, 0x00, 0x00, 0x00, 0xA0, 0x67, 0x00, 0x0C, 0x00, 0x00, 0x00, 0xED,
	0x15, 0x01, 0x16, 0x00, 0xB0, 0x67, 0x00, 0x0C, 0x00, 0x00, 0x00, 0x4E,
	0x10, 0x00, 0x00, 0x00, 0xC0, 0x67, 0x00, 0x0C, 0x00, 0x00, 0x00, 0xAD,
	0x15, 0xFF, 0x16, 0x00, 0x20, 0x68, 0x00, 0x0C, 0x00, 0x00, 0x00, 0xEC,
	0x13, 0xE3, 0x19, 0x00, 0x30, 0x68, 0x00, 0x10, 0x00, 0x00, 0x00, 0xC2,
	0x18, 0x30, 0x1B, 0xBE, 0x1D, 0x00, 0x00, 0x00, 0x40, 0x68, 0x00, 0x0C,
	0x00, 0x00, 0x00, 0xA7, 0x14, 0x00, 0x00, 0x00, 0x50, 0x68, 0x00, 0x10,
	0x00, 0x00, 0x00, 0x06, 0x16, 0xA3, 0x16, 0x40, 0x17, 0x00, 0x00, 0x00,
	0x60, 0x68, 0x00, 0x10, 0x00, 0x00, 0x00, 0x9A, 0x18, 0x69, 0x1A, 0x15,
	0x1B, 0x00, 0x00, 0x00, 0x80, 0x68, 0x00, 0x0C, 0x00, 0x00, 0x00, 0x0E,
	0x16, 0x08, 0x1D, 0x00, 0x90, 0x68, 0x00, 0x10, 0x00, 0x00, 0x00, 0xAD,
	0x11, 0xBB, 0x11, 0x56, 0x1B, 0x00, 0x00, 0x00, 0xA0, 0x68, 0x00, 0x0C,
	0x00, 0x00, 0x00, 0xF1, 0x16, 0x9C, 0x18, 0x00, 0xC0, 0x68, 0x00, 0x0C,
	0x00, 0x00, 0x00, 0x56, 0x13, 0x00, 0x00, 0x00, 0xD0, 0x68, 0x00, 0x0C,
	0x00, 0x00, 0x00, 0x61, 0x16, 0x05, 0x19, 0x00, 0xF0, 0x68, 0x00, 0x10,
	0x00, 0x00, 0x00, 0xF3, 0x10, 0x15, 0x1A, 0x48, 0x1C, 0x00, 0x00, 0x00,
	0x00, 0x69, 0x00, 0x0C, 0x00, 0x00, 0x00, 0x0E, 0x12, 0x00, 0x00, 0x00,
	0x10, 0x69, 0x00, 0x10, 0x00, 0x00, 0x00, 0x07, 0x11, 0x76, 0x12, 0xD9,
	0x12, 0x67, 0x1A, 0x00, 0x20, 0x69, 0x00, 0x0C, 0x00, 0x00, 0x00, 0x15,
	0x17, 0x22, 0x19, 0x00, 0x30, 0x69, 0x00, 0x0C, 0x00, 0x00, 0x00, 0x0C,
	0x15, 0x00, 0x00, 0x00, 0x50, 0x69, 0x00, 0x0C, 0x00, 0x00, 0x00, 0x41,
	0x1F, 0x00, 0x00, 0x00, 0x90, 0x69, 0x00, 0x10, 0x00, 0x00, 0x00, 0x25,
	0x16, 0x6F, 0x1B, 0x65, 0x1D, 0x00, 0x00, 0x00, 0xA0, 0x69, 0x00, 0x0C,
	0x00, 0x00, 0x00, 0x2F, 0x14, 0x1B, 0x1D, 0x00, 0xB0, 0x69, 0x00, 0x0C,
	0x00, 0x00, 0x00, 0xD8, 0x10, 0xCC, 0x19, 0x00, 0xC0, 0x69, 0x00, 0x10,
	0x00, 0x00, 0x00, 0x90, 0x1A, 0xAC, 0x1A, 0xE2, 0x1B, 0xC6, 0x1D, 0x00,
	0xD0, 0x69, 0x00, 0x14, 0x00, 0x00, 0x00, 0x35, 0x15, 0xCE, 0x15, 0x1E,
	0x16, 0xCD, 0x16, 0xD3, 0x18, 0xAC, 0x1C, 0x00, 0xE0, 0x69, 0x00, 0x0C,
	0x00, 0x00, 0x00, 0x4C, 0x1C, 0x00, 0x00, 0x00, 0xF0, 0x69, 0x00, 0x0C,
	0x00, 0x00, 0x00, 0x6C, 0x12, 0x00, 0x00, 0x00, 0x00, 0x6A, 0x00, 0x0C,
	0x00, 0x00, 0x00, 0x53, 0x13, 0x00, 0x00, 0x00, 0x40, 0x6B, 0x00, 0x0C,
	0x00, 0x00, 0x00, 0xB1, 0x14, 0x00, 0x00, 0x00, 0x30, 0x6D, 0x00, 0x0C,
	0x00, 0x00, 0x00, 0x7E, 0x13, 0xDF, 0x1F, 0x00, 0x40, 0x6D, 0x00, 0x18,
	0x00, 0x00, 0x00, 0x36, 0x13, 0xA9, 0x1D, 0xCE, 0x1D, 0xF3, 0x1D, 0x18,
	0x1E, 0x3D, 0x1E, 0x5C, 0x1F, 0x00, 0x00, 0x00, 0x50, 0x6D, 0x00, 0x0C,
	0x00, 0x00, 0x00, 0xC0, 0x13, 0x00, 0x00, 0x00, 0x70, 0x6D, 0x00, 0x0C,
	0x00, 0x00, 0x00, 0x19, 0x12, 0x00, 0x00, 0x00, 0x80, 0x6D, 0x00, 0x0C,
	0x00, 0x00, 0x00, 0x78, 0x1F, 0x00, 0x00, 0x00, 0x90, 0x6D, 0x00, 0x0C,
	0x00, 0x00, 0x00, 0xA5, 0x11, 0x00, 0x00, 0x00, 0xA0, 0x6D, 0x00, 0x0C,
	0x00, 0x00, 0x00, 0x96, 0x10, 0x00, 0x00, 0x00, 0xC0, 0x6D, 0x00, 0x10,
	0x00, 0x00, 0x00, 0xD2, 0x13, 0xFC, 0x13, 0xEF, 0x14, 0x00, 0x00, 0x00,
	0xF0, 0x6D, 0x00, 0x0C, 0x00, 0x00, 0x00, 0xD4, 0x19, 0x00, 0x00, 0x00,
	0x00, 0x6E, 0x00, 0x0C, 0x00, 0x00, 0x00, 0xB2, 0x1A, 0x00, 0x00, 0x00,
	0x10, 0x6E, 0x00, 0x0C, 0x00, 0x00, 0x00, 0xD4, 0x10, 0xC5, 0x15, 0x00,
	0x40, 0x6E, 0x00, 0x0C, 0x00, 0x00, 0x00, 0xCC, 0x18, 0x00, 0x00, 0x00,
	0x50, 0x6E, 0x00, 0x0C, 0x00, 0x00, 0x00, 0xB9, 0x18, 0x00, 0x00, 0x00,
	0x60, 0x6E, 0x00, 0x10, 0x00, 0x00, 0x00, 0x39, 0x13, 0x52, 0x16, 0x6D,
	0x16, 0x8C, 0x16, 0x00, 0x70, 0x6E, 0x00, 0x0C, 0x00, 0x00, 0x00, 0x44,
	0x1E, 0x38, 0x1F, 0x00, 0x80, 0x6E, 0x00, 0x0C, 0x00, 0x00, 0x00, 0xE8,
	0x19, 0x00, 0x00, 0x00, 0x90, 0x6E, 0x00, 0x0C, 0x00, 0x00, 0x00, 0x10,
	0x18, 0x26, 0x18, 0x00, 0xE0, 0x6E, 0x00, 0x0C, 0x00, 0x00, 0x00, 0x3B,
	0x1C, 0x93, 0x1C, 0x00, 0x00, 0x6F, 0x00, 0x0C, 0x00, 0x00, 0x00, 0x10,
	0x17, 0x00, 0x00, 0x00, 0x10, 0x6F, 0x00, 0x0C, 0x00, 0x00, 0x00, 0x1B,
	0x11, 0x00, 0x00, 0x00, 0x40, 0x6F, 0x00, 0x0C, 0x00, 0x00, 0x00, 0xCE,
	0x15, 0xFF, 0x15, 0x00, 0x60, 0x6F, 0x00, 0x0C, 0x00, 0x00, 0x00, 0x87,
	0x17, 0x00, 0x00, 0x00, 0x80, 0x6F, 0x00, 0x0C, 0x00, 0x00, 0x00, 0x84,
	0x11, 0x00, 0x00, 0x00, 0x90, 0x6F, 0x00, 0x14, 0x00, 0x00, 0x00, 0xB2,
	0x13, 0xCC, 0x15, 0x0B, 0x17, 0xB0, 0x19, 0x0A, 0x1A, 0x19, 0x1A, 0x00,
	0xA0, 0x6F, 0x00, 0x0C, 0x00, 0x00, 0x00, 0x72, 0x19, 0xBA, 0x1A, 0x00,
	0xB0, 0x6F, 0x00, 0x10, 0x00, 0x00, 0x00, 0xEF, 0x12, 0x79, 0x13, 0x81,
	0x1F, 0x00, 0x00, 0x00, 0xD0, 0x6F, 0x00, 0x0C, 0x00, 0x00, 0x00, 0xB6,
	0x14, 0x17, 0x17, 0x00, 0xE0, 0x6F, 0x00, 0x0C, 0x00, 0x00, 0x00, 0x6F,
	0x17, 0x00, 0x00, 0x00, 0xF0, 0x6F, 0x00, 0x0C, 0x00, 0x00, 0x00, 0x52,
	0x1A, 0x00, 0x00, 0x00, 0x10, 0x70, 0x00, 0x10, 0x00, 0x00, 0x00, 0xE9,
	0x11, 0x6D, 0x13, 0x1F, 0x1D, 0x31, 0x1E, 0x00, 0x20, 0x70, 0x00, 0x0C,
	0x00, 0x00, 0x00, 0x09, 0x18, 0x18, 0x18, 0x00, 0x30, 0x70, 0x00, 0x14,
	0x00, 0x00, 0x00, 0x8B, 0x19, 0x9A, 0x19, 0xBE, 0x19, 0xBE, 0x1E, 0xCD,
	0x1E, 0x00, 0x00, 0x00, 0x40, 0x70, 0x00, 0x10, 0x00, 0x00, 0x00, 0xFD,
	0x14, 0x64, 0x1E, 0x03, 0x1F, 0xBF, 0x1F, 0x00, 0x60, 0x70, 0x00, 0x0C,
	0x00, 0x00, 0x00, 0x95, 0x15, 0x00, 0x00, 0x00, 0x70, 0x70, 0x00, 0x0C,
	0x00, 0x00, 0x00, 0x05, 0x10, 0x00, 0x00, 0x00, 0x80, 0x70, 0x00, 0x0C,
	0x00, 0x00, 0x00, 0xBE, 0x1B, 0x00, 0x00, 0x00, 0x90, 0x70, 0x00, 0x0C,
	0x00, 0x00, 0x00, 0xAD, 0x1D, 0x00, 0x00, 0x00, 0xA0, 0x70, 0x00, 0x0C,
	0x00, 0x00, 0x00, 0xA5, 0x11, 0x7A, 0x13, 0x00, 0xB0, 0x70, 0x00, 0x0C,
	0x00, 0x00, 0x00, 0x64, 0x1E, 0x00, 0x00, 0x00, 0xC0, 0x70, 0x00, 0x10,
	0x00, 0x00, 0x00, 0x75, 0x10, 0xD1, 0x15, 0x53, 0x1B, 0x00, 0x00, 0x00,
	0xD0, 0x70, 0x00, 0x40, 0x00, 0x00, 0x00, 0xC5, 0x10, 0x4F, 0x11, 0x1C,
	0x12, 0x2C, 0x12, 0x3D, 0x12, 0x53, 0x13, 0x01, 0x14, 0x99, 0x14, 0x15,
	0x15, 0x25, 0x15, 0x42, 0x16, 0x52, 0x16, 0x25, 0x17, 0x35, 0x17, 0x24,
	0x18, 0x34, 0x18, 0x14, 0x19, 0x24, 0x19, 0xD0, 0x1A, 0xE7, 0x1A, 0xD1,
	0x1C, 0x7E, 0x1D, 0x8E, 0x1D, 0x49, 0x1E, 0xCE, 0x1E, 0x36, 0x1F, 0xAD,
	0x1F, 0x00, 0x00, 0x00, 0xE0, 0x70, 0x00, 0x1C, 0x00, 0x00, 0x00, 0x44,
	0x10, 0x53, 0x10, 0x62, 0x10, 0x98, 0x12, 0x43, 0x13, 0x55, 0x13, 0x04,
	0x15, 0x14, 0x15, 0x10, 0x16, 0x00, 0x00, 0x00, 0xF0, 0x70, 0x00, 0x0C,
	0x00, 0x00, 0x00, 0x1E, 0x14, 0x36, 0x14, 0x00, 0x00, 0x71, 0x00, 0x0C,
	0x00, 0x00, 0x00, 0x0F, 0x1F, 0x00, 0x00, 0x00, 0x10, 0x71, 0x00, 0x0C,
	0x00, 0x00, 0x00, 0x9F, 0x1A, 0x00, 0x00, 0x00, 0x40, 0x71, 0x00, 0x0C,
	0x00, 0x00, 0x00, 0x4B, 0x16, 0x99, 0x1F, 0x00, 0x90, 0x71, 0x00, 0x0C,
	0x00, 0x00, 0x00, 0x0B, 0x14, 0x00, 0x00, 0x00, 0xB0, 0x71, 0x00, 0x0C,
	0x00, 0x00, 0x00, 0xC5, 0x1B, 0x00, 0x00, 0x00, 0xC0, 0x71, 0x00, 0x0C,
	0x00, 0x00, 0x00, 0x8E, 0x17, 0xE6, 0x19, 0x00, 0xD0, 0x71, 0x00, 0x0C,
	0x00, 0x00, 0x00, 0x1F, 0x1C, 0x01, 0x1F, 0x00, 0x00, 0x72, 0x00, 0x0C,
	0x00, 0x00, 0x00, 0x6E, 0x13, 0x98, 0x15, 0x00, 0x20, 0x72, 0x00, 0x0C,
	0x00, 0x00, 0x00, 0xE7, 0x1E, 0x00, 0x00, 0x00, 0x60, 0x72, 0x00, 0x10,
	0x00, 0x00, 0x00, 0xE0, 0x11, 0xB1, 0x16, 0x1B, 0x18, 0x00, 0x00, 0x00,
	0x70, 0x72, 0x00, 0x10, 0x00, 0x00, 0x00, 0x61, 0x15, 0x3B, 0x16, 0xA2,
	0x17, 0xB8, 0x1E, 0x00, 0x80, 0x72, 0x00, 0x0C, 0x00, 0x00, 0x00, 0x36,
	0x17, 0x00, 0x00, 0x00, 0xA0, 0x72, 0x00, 0x10, 0x00, 0x00, 0x00, 0x37,
	0x15, 0xC7, 0x15, 0xD5, 0x19, 0x00, 0x00, 0x00, 0xC0, 0x72, 0x00, 0x10,
	0x00, 0x00, 0x00, 0x00, 0x13, 0x17, 0x13, 0x05, 0x1B, 0x00, 0x00, 0x00,
	0xD0, 0x72, 0x00, 0x0C, 0x00, 0x00, 0x00, 0xDB, 0x1D, 0x00, 0x00, 0x00,
	0xE0, 0x72, 0x00, 0x0C, 0x00, 0x00, 0x00, 0xE1, 0x16, 0x00, 0x00, 0x00,
	0xF0, 0x72, 0x00, 0x0C, 0x00, 0x00, 0x00, 0x62, 0x10, 0x00, 0x00, 0x00,
	0x10, 0x73, 0x00, 0x10, 0x00, 0x00, 0x00, 0xF6, 0x1B, 0x80, 0x1D, 0x5C,
	0x1E, 0x0F, 0x1F, 0x00, 0x20, 0x73, 0x00, 0x0C, 0x00, 0x00, 0x00, 0x8A,
	0x17, 0xA9, 0x19, 0x00, 0x30, 0x73, 0x00, 0x10, 0x00, 0x00, 0x00, 0xBF,
	0x11, 0xA7, 0x13, 0xB8, 0x13, 0x00, 0x00, 0x00, 0x40, 0x73, 0x00, 0x0C,
	0x00, 0x00, 0x00, 0x10, 0x13, 0x84, 0x18, 0x00, 0x50, 0x73, 0x00, 0x0C,
	0x00, 0x00, 0x00, 0x16, 0x18, 0x00, 0x00, 0x00, 0x60, 0x73, 0x00, 0x0C,
	0x00, 0x00, 0x00, 0x30, 0x13, 0x00, 0x00, 0x00, 0x80, 0x73, 0x00, 0x0C,
	0x00, 0x00, 0x00, 0x73, 0x1F, 0x89, 0x1F, 0x00, 0x90, 0x73, 0x00, 0x10,
	0x00, 0x00, 0x00, 0x61, 0x15, 0x72, 0x15, 0x86, 0x15, 0x00, 0x00, 0x00,
	0xA0, 0x73, 0x00, 0x14, 0x00, 0x00, 0x00, 0xE0, 0x10, 0x4D, 0x19, 0x72,
	0x19, 0x8B, 0x1B, 0x9F, 0x1B, 0x00, 0x00, 0x00, 0xC0, 0x73, 0x00, 0x0C,
	0x00, 0x00, 0x00, 0x40, 0x14, 0x00, 0x00, 0x00, 0xF0, 0x73, 0x00, 0x0C,
	0x00, 0x00, 0x00, 0xA5, 0x18, 0xF9, 0x1C, 0x00, 0x00, 0x74, 0x00, 0x10,
	0x00, 0x00, 0x00, 0x7F, 0x13, 0x08, 0x14, 0xB1, 0x1A, 0x00, 0x00, 0x00,
	0x20, 0x74, 0x00, 0x0C, 0x00, 0x00, 0x00, 0x38, 0x18, 0x00, 0x00, 0x00,
	0x30, 0x74, 0x00, 0x10, 0x00, 0x00, 0x00, 0xF8, 0x14, 0x1F, 0x19, 0xD4,
	0x1D, 0x00, 0x00, 0x00, 0x40, 0x74, 0x00, 0x0C, 0x00, 0x00, 0x00, 0x60,
	0x17, 0x33, 0x19, 0x00, 0x50, 0x74, 0x00, 0x10, 0x00, 0x00, 0x00, 0xF1,
	0x19, 0xAA, 0x1B, 0x1B, 0x1C, 0xF6, 0x1D, 0x00, 0x60, 0x74, 0x00, 0x0C,
	0x00, 0x00, 0x00, 0x02, 0x1F, 0x00, 0x00, 0x00, 0x70, 0x74, 0x00, 0x0C,
	0x00, 0x00, 0x00, 0xD6, 0x10, 0x00, 0x00, 0x00, 0x80, 0x74, 0x00, 0x0C,
	0x00, 0x00, 0x00, 0x8E, 0x1B, 0x00, 0x00, 0x00, 0x90, 0x74, 0x00, 0x0C,
	0x00, 0x00, 0x00, 0xA6, 0x18, 0x00, 0x00, 0x00, 0xB0, 0x74, 0x00, 0x10,
	0x00, 0x00, 0x00, 0x47, 0x19, 0xCD, 0x1A, 0xE5, 0x1B, 0x00, 0x00, 0x00,
	0xC0, 0x74, 0x00, 0x0C, 0x00, 0x00, 0x00, 0x82, 0x11, 0x12, 0x15, 0x00,
	0xE0, 0x74, 0x00, 0x14, 0x00, 0x00, 0x00, 0xA2, 0x13, 0xB7, 0x13, 0xFE,
	0x13, 0x1D, 0x14, 0x05, 0x19, 0x00, 0x00, 0x00, 0x00, 0x75, 0x00, 0x10,
	0x00, 0x00, 0x00, 0x24, 0x1B, 0xC1, 0x1B, 0xD6, 0x1B, 0x00, 0x00, 0x00,
	0xB0, 0x75, 0x00, 0x0C, 0x00, 0x00, 0x00, 0x5B, 0x14, 0x00, 0x00, 0x00,
	0xC0, 0x75, 0x00, 0x10, 0x00, 0x00, 0x00, 0xB7, 0x10, 0x09, 0x11, 0x62,
	0x11, 0x73, 0x14, 0x00, 0xD0, 0x75, 0x00, 0x14, 0x00, 0x00, 0x00, 0xE2,
	0x11, 0x04, 0x12, 0x48, 0x13, 0x1B, 0x14, 0x89, 0x14, 0x00, 0x00, 0x00,
	0x50, 0x76, 0x00, 0x0C, 0x00, 0x00, 0x00, 0xD3, 0x1B, 0x17, 0x1C, 0x00,
	0x80, 0x76, 0x00, 0x10, 0x00, 0x00, 0x00, 0x0E, 0x10, 0x1B, 0x10, 0x2D,
	0x12, 0xA1, 0x15, 0x00, 0x90, 0x76, 0x00, 0x10, 0x00, 0x00, 0x00, 0xF6,
	0x14, 0x74, 0x18, 0x98, 0x1C, 0x85, 0x1D, 0x00, 0xA0, 0x76, 0x00, 0x0C,
	0x00, 0x00, 0x00, 0x87, 0x16, 0x00, 0x00, 0x00, 0xB0, 0x76, 0x00, 0x0C,
	0x00, 0x00, 0x00, 0xE1, 0x15, 0x00, 0x00, 0x00, 0xF0, 0x76, 0x00, 0x0C,
	0x00, 0x00, 0x00, 0xAA, 0x19, 0x12, 0x1C, 0x00, 0x00, 0x77, 0x00, 0x10,
	0x00, 0x00, 0x00, 0xDF, 0x10, 0xF6, 0x1B, 0xF0, 0x1C, 0x00, 0x00, 0x00,
	0x10, 0x77, 0x00, 0x0C, 0x00, 0x00, 0x00, 0xF1, 0x12, 0x42, 0x13, 0x00,
	0x20, 0x77, 0x00, 0x0C, 0x00, 0x00, 0x00, 0x35, 0x12, 0x00, 0x00, 0x00,
	0x30, 0x77, 0x00, 0x10, 0x00, 0x00, 0x00, 0x6A, 0x15, 0x04, 0x16, 0xB8,
	0x1C, 0x00, 0x00, 0x00, 0x40, 0x77, 0x00, 0x0C, 0x00, 0x00, 0x00, 0x01,
	0x10, 0xA2, 0x17, 0x00, 0x60, 0x77, 0x00, 0x10, 0x00, 0x00, 0x00, 0xE4,
	0x13, 0x5F, 0x1E, 0x74, 0x1E, 0x00, 0x00, 0x00, 0x70, 0x77, 0x00, 0x0C,
	0x00, 0x00, 0x00, 0xAF, 0x12, 0xC4, 0x12, 0x00, 0x90, 0x77, 0x00, 0x10,
	0x00, 0x00, 0x00, 0xD2, 0x1A, 0xF4, 0x1A, 0xCE, 0x1C, 0x00, 0x00, 0x00,
	0xA0, 0x77, 0x00, 0x0C, 0x00, 0x00, 0x00, 0x07, 0x1F, 0x00, 0x00, 0x00,
	0xB0, 0x77, 0x00, 0x0C, 0x00, 0x00, 0x00, 0x52, 0x18, 0x0E, 0x1A, 0x00,
	0xC0, 0x77, 0x00, 0x10, 0x00, 0x00, 0x00, 0x21, 0x14, 0x71, 0x15, 0x12,
	0x1C, 0x00, 0x00, 0x00, 0xD0, 0x77, 0x00, 0x0C, 0x00, 0x00, 0x00, 0x18,
	0x10, 0x00, 0x00, 0x00, 0xE0, 0x77, 0x00, 0x14, 0x00, 0x00, 0x00, 0x04,
	0x11, 0x48, 0x13, 0x81, 0x13, 0x45, 0x1B, 0x70, 0x1B, 0x00, 0x00, 0x00,
	0xF0, 0x77, 0x00, 0x0C, 0x00, 0x00, 0x00, 0xC4, 0x14, 0x00, 0x00, 0x00,
	0x00, 0x78, 0x00, 0x0C, 0x00, 0x00, 0x00, 0xF6, 0x11, 0x96, 0x18, 0x00,
	0x10, 0x78, 0x00, 0x14, 0x00, 0x00, 0x00, 0x00, 0x10, 0xF5, 0x17, 0x14,
	0x18, 0x25, 0x18, 0x34, 0x18, 0xB5, 0x1C, 0x00, 0x20, 0x78, 0x00, 0x10,
	0x00, 0x00, 0x00, 0x38, 0x11, 0xC6, 0x14, 0x5A, 0x1C, 0x9D, 0x1C, 0x00,
	0x30, 0x78, 0x00, 0x0C, 0x00, 0x00, 0x00, 0x2C, 0x11, 0xF6, 0x11, 0x00,
	0x40, 0x78, 0x00, 0x0C, 0x00, 0x00, 0x00, 0x7F, 0x16, 0x00, 0x00, 0x00,
	0x60, 0x78, 0x00, 0x0C, 0x00, 0x00, 0x00, 0x65, 0x14, 0x36, 0x16, 0x00,
	0x80, 0x78, 0x00, 0x10, 0x00, 0x00, 0x00, 0x7A, 0x1B, 0x5D, 0x1C, 0x6B,
	0x1C, 0x00, 0x00, 0x00, 0x90, 0x78, 0x00, 0x14, 0x00, 0x00, 0x00, 0x65,
	0x19, 0xDA, 0x1D, 0x12, 0x1E, 0x7C, 0x1E, 0x90, 0x1E, 0x00, 0x00, 0x00,
	0xB0, 0x78, 0x00, 0x0C, 0x00, 0x00, 0x00, 0x1A, 0x1F, 0x00, 0x00, 0x00,
	0xC0, 0x78, 0x00, 0x10, 0x00, 0x00, 0x00, 0xF9, 0x10, 0xCD, 0x14, 0x48,
	0x15, 0x67, 0x15, 0x00, 0xD0, 0x78, 0x00, 0x0C, 0x00, 0x00, 0x00, 0x59,
	0x14, 0x31, 0x1E, 0x00, 0xE0, 0x78, 0x00, 0x10, 0x00, 0x00, 0x00, 0xBF,
	0x11, 0x5C, 0x12, 0xCA, 0x13, 0xF3, 0x17, 0x00, 0x00, 0x79, 0x00, 0x10,
	0x00, 0x00, 0x00, 0x5C, 0x14, 0x0A, 0x1A, 0xB3, 0x1E, 0x00, 0x00, 0x00,
	0x10, 0x79, 0x00, 0x18, 0x00, 0x00, 0x00, 0x80, 0x10, 0x45, 0x12, 0xEB,
	0x13, 0x03, 0x16, 0xF1, 0x16, 0x2F, 0x19, 0xAC, 0x1C, 0xBC, 0x1E, 0x00,
	0x30, 0x79, 0x00, 0x0C, 0x00, 0x00, 0x00, 0x0A, 0x14, 0x00, 0x00, 0x00,
	0x50, 0x79, 0x00, 0x0C, 0x00, 0x00, 0x00, 0x82, 0x1D, 0x00, 0x00, 0x00,
	0x60, 0x79, 0x00, 0x0C, 0x00, 0x00, 0x00, 0xF0, 0x1F, 0x00, 0x00, 0x00,
	0x70, 0x79, 0x00, 0x10, 0x00, 0x00, 0x00, 0x95, 0x10, 0x4A, 0x1A, 0x3C,
	0x1B, 0x01, 0x1E, 0x00, 0x80, 0x79, 0x00, 0x0C, 0x00, 0x00, 0x00, 0xF0,
	0x13, 0xD5, 0x1D, 0x00, 0x90, 0x79, 0x00, 0x18, 0x00, 0x00, 0x00, 0x7D,
	0x12, 0xBB, 0x13, 0x9E, 0x15, 0x17, 0x18, 0xBC, 0x1D, 0xCE, 0x1D, 0xEA,
	0x1E, 0xCD, 0x1F, 0x00, 0xA0, 0x79, 0x00, 0x18, 0x00, 0x00, 0x00, 0x08,
	0x10, 0x7A, 0x10, 0x57, 0x14, 0xED, 0x15, 0xBB, 0x1B, 0x07, 0x1C, 0x1D,
	0x1F, 0x00, 0x00, 0x00, 0xB0, 0x79, 0x00, 0x18, 0x00, 0x00, 0x00, 0x1D,
	0x10, 0xCC, 0x11, 0x54, 0x12, 0x58, 0x18, 0x5C, 0x1A, 0xD6, 0x1E, 0x2A,
	0x1F, 0x00, 0x00, 0x00, 0xC0, 0x79, 0x00, 0x1C, 0x00, 0x00, 0x00, 0x36,
	0x10, 0xA5, 0x10, 0x7D, 0x11, 0x66, 0x12, 0x8D, 0x12, 0xA7, 0x15, 0x09,
	0x16, 0x6F, 0x16, 0xD1, 0x16, 0x87, 0x1D, 0x00, 0xD0, 0x79, 0x00, 0x14,
	0x00, 0x00, 0x00, 0x4F, 0x10, 0xC7, 0x14, 0x1B, 0x1A, 0xCC, 0x1B, 0xE9,
	0x1B, 0x00, 0x00, 0x00, 0xF0, 0x79, 0x00, 0x0C, 0x00, 0x00, 0x00, 0x2C,
	0x1A, 0x00, 0x00, 0x00, 0x00, 0x7A, 0x00, 0x0C, 0x00, 0x00, 0x00, 0x41,
	0x1A, 0x45, 0x1E, 0x00, 0x10, 0x7A, 0x00, 0x20, 0x00, 0x00, 0x00, 0x35,
	0x12, 0x7A, 0x12, 0x8E, 0x12, 0x77, 0x14, 0x2A, 0x17, 0x88, 0x17, 0x99,
	0x17, 0x54, 0x1A, 0xB0, 0x1A, 0xC1, 0x1A, 0x32, 0x1F, 0xA5, 0x1F, 0x00,
	0x20, 0x7A, 0x00, 0x18, 0x00, 0x00, 0x00, 0x45, 0x11, 0x10, 0x12, 0x7B,
	0x15, 0x8F, 0x15, 0xCC, 0x16, 0x53, 0x17, 0x20, 0x1E, 0x00, 0x00, 0x00,
	0x30, 0x7A, 0x00, 0x10, 0x00, 0x00, 0x00, 0xF8, 0x14, 0x37, 0x1C, 0xEA,
	0x1C, 0x00, 0x00, 0x00, 0x50, 0x7A, 0x00, 0x10, 0x00, 0x00, 0x00, 0x87,
	0x13, 0x5F, 0x15, 0xF7, 0x1E, 0x00, 0x00, 0x00, 0x60, 0x7A, 0x00, 0x10,
	0x00, 0x00, 0x00, 0xCB, 0x10, 0xD1, 0x12, 0x31, 0x1C, 0x00, 0x00, 0x00,
	0x70, 0x7A, 0x00, 0x0C, 0x00, 0x00, 0x00, 0xA8, 0x1F, 0x00, 0x00, 0x00,
	0x80, 0x7A, 0x00, 0x18, 0x00, 0x00, 0x00, 0x65, 0x11, 0xDD, 0x13, 0x95,
	0x18, 0xC2, 0x1A, 0x1C, 0x1B, 0x53, 0x1B, 0x14, 0x1C, 0x1F, 0x1E, 0x00,
	0x90, 0x7A, 0x00, 0x0C, 0x00, 0x00, 0x00, 0xA7, 0x10, 0x9B, 0x13, 0x00,
	0xA0, 0x7A, 0x00, 0x0C, 0x00, 0x00, 0x00, 0xBF, 0x11, 0x48, 0x1C, 0x00,
	0xB0, 0x7A, 0x00, 0x10, 0x00, 0x00, 0x00, 0x2D, 0x15, 0xC3, 0x16, 0xD3,
	0x19, 0x00, 0x00, 0x00, 0xC0, 0x7A, 0x00, 0x0C, 0x00, 0x00, 0x00, 0xDF,
	0x1F, 0x00, 0x00, 0x00, 0xD0, 0x7A, 0x00, 0x10, 0x00, 0x00, 0x00, 0xE6,
	0x12, 0x48, 0x13, 0x8A, 0x1A, 0x00, 0x00, 0x00, 0xE0, 0x7A, 0x00, 0x0C,
	0x00, 0x00, 0x00, 0x6E, 0x11, 0xB6, 0x16, 0x00, 0xF0, 0x7A, 0x00, 0x10,
	0x00, 0x00, 0x00, 0xB3, 0x14, 0xC8, 0x14, 0xF2, 0x15, 0x9C, 0x19, 0x00,
	0x00, 0x7B, 0x00, 0x10, 0x00, 0x00, 0x00, 0xE7, 0x15, 0x74, 0x18, 0x49,
	0x1F, 0x00, 0x00, 0x00, 0x10, 0x7B, 0x00, 0x0C, 0x00, 0x00, 0x00, 0x87,
	0x1A, 0xBC, 0x1E, 0x00, 0x20, 0x7B, 0x00, 0x18, 0x00, 0x00, 0x00, 0x64,
	0x15, 0xD4, 0x15, 0x44, 0x16, 0x07, 0x17, 0xED, 0x19, 0x3E, 0x1D, 0xCA,
	0x1D, 0x94, 0x1F, 0x00, 0x30, 0x7B, 0x00, 0x0C, 0x00, 0x00, 0x00, 0x29,
	0x1C, 0x40, 0x1C, 0x00, 0x50, 0x7B, 0x00, 0x10, 0x00, 0x00, 0x00, 0x8F,
	0x10, 0x9E, 0x11, 0x72, 0x1F, 0x84, 0x1F, 0x00, 0x60, 0x7B, 0x00, 0x10,
	0x00, 0x00, 0x00, 0x3E, 0x10, 0xCC, 0x14, 0x5F, 0x15, 0xEB, 0x1E, 0x00,
	0x70, 0x7B, 0x00, 0x0C, 0x00, 0x00, 0x00, 0x73, 0x11, 0x00, 0x00, 0x00,
	0x80, 0x7B, 0x00, 0x10, 0x00, 0x00, 0x00, 0xF0, 0x12, 0x85, 0x13, 0x48,
	0x14, 0x00, 0x00, 0x00, 0x90, 0x7B, 0x00, 0x0C, 0x00, 0x00, 0x00, 0x45,
	0x19, 0x00, 0x00, 0x00, 0xB0, 0x7B, 0x00, 0x0C, 0x00, 0x00, 0x00, 0x28,
	0x14, 0x00, 0x00, 0x00, 0xD0, 0x7B, 0x00, 0x0C, 0x00, 0x00, 0x00, 0x45,
	0x1C, 0x00, 0x00, 0x00, 0xE0, 0x7B, 0x00, 0x0C, 0x00, 0x00, 0x00, 0x14,
	0x16, 0x00, 0x00, 0x00, 0xF0, 0x7B, 0x00, 0x10, 0x00, 0x00, 0x00, 0x9D,
	0x1B, 0x1C, 0x1C, 0x77, 0x1C, 0x49, 0x1D, 0x00, 0x00, 0x7C, 0x00, 0x10,
	0x00, 0x00, 0x00, 0x77, 0x13, 0x91, 0x18, 0x39, 0x19, 0x00, 0x00, 0x00,
	0x10, 0x7C, 0x00, 0x10, 0x00, 0x00, 0x00, 0xB2, 0x12, 0x24, 0x14, 0x54,
	0x1D, 0x2E, 0x1F, 0x00, 0x20, 0x7C, 0x00, 0x10, 0x00, 0x00, 0x00, 0x39,
	0x11, 0x19, 0x17, 0x5F, 0x19, 0x70, 0x19, 0x00, 0x40, 0x7C, 0x00, 0x0C,
	0x00, 0x00, 0x00, 0x37, 0x18, 0x00, 0x00, 0x00, 0x60, 0x7C, 0x00, 0x0C,
	0x00, 0x00, 0x00, 0xFC, 0x16, 0x00, 0x00, 0x00, 0x70, 0x7C, 0x00, 0x10,
	0x00, 0x00, 0x00, 0xB7, 0x10, 0x5B, 0x13, 0xA7, 0x15, 0x00, 0x00, 0x00,
	0x80, 0x7C, 0x00, 0x0C, 0x00, 0x00, 0x00, 0x0F, 0x1B, 0x00, 0x00, 0x00,
	0x90, 0x7C, 0x00, 0x0C, 0x00, 0x00, 0x00, 0x28, 0x12, 0x00, 0x00, 0x00,
	0xA0, 0x7C, 0x00, 0x0C, 0x00, 0x00, 0x00, 0xCD, 0x18, 0x41, 0x1A, 0x00,
	0xB0, 0x7C, 0x00, 0x0C, 0x00, 0x00, 0x00, 0x5C, 0x18, 0x00, 0x00, 0x00,
	0xC0, 0x7C, 0x00, 0x0C, 0x00, 0x00, 0x00, 0x21, 0x16, 0x00, 0x00, 0x00,
	0xD0, 0x7C, 0x00, 0x0C, 0x00, 0x00, 0x00, 0x52, 0x17, 0x00, 0x00, 0x00,
	0xE0, 0x7C, 0x00, 0x10, 0x00, 0x00, 0x00, 0xE9, 0x13, 0x1A, 0x1D, 0x15,
	0x1E, 0x00, 0x00, 0x00, 0x00, 0x7D, 0x00, 0x0C, 0x00, 0x00, 0x00, 0x7E,
	0x17, 0x93, 0x19, 0x00, 0x20, 0x7D, 0x00, 0x0C, 0x00, 0x00, 0x00, 0xFE,
	0x12, 0x00, 0x00, 0x00, 0x50, 0x7D, 0x00, 0x0C, 0x00, 0x00, 0x00, 0x1F,
	0x15, 0xFB, 0x15, 0x00, 0x70, 0x7D, 0x00, 0x18, 0x00, 0x00, 0x00, 0x76,
	0x13, 0xE6, 0x13, 0xF3, 0x17, 0xCB, 0x19, 0xE0, 0x19, 0x8F, 0x1D, 0xB5,
	0x1E, 0x00, 0x00, 0x00, 0x90, 0x7D, 0x00, 0x10, 0x00, 0x00, 0x00, 0x45,
	0x10, 0x0E, 0x15, 0x1E, 0x15, 0xCE, 0x18, 0x00, 0xA0, 0x7D, 0x00, 0x0C,
	0x00, 0x00, 0x00, 0x1E, 0x1E, 0x00, 0x00, 0x00, 0xB0, 0x7D, 0x00, 0x14,
	0x00, 0x00, 0x00, 0xA2, 0x1C, 0xB3, 0x1C, 0x28, 0x1E, 0x49, 0x1E, 0x5D,
	0x1E, 0x00, 0x00, 0x00, 0xC0, 0x7D, 0x00, 0x0C, 0x00, 0x00, 0x00, 0x22,
	0x1B, 0x00, 0x00, 0x00, 0xD0, 0x7D, 0x00, 0x0C, 0x00, 0x00, 0x00, 0xE8,
	0x17, 0x0C, 0x18, 0x00, 0xE0, 0x7D, 0x00, 0x0C, 0x00, 0x00, 0x00, 0x9C,
	0x10, 0x53, 0x1C, 0x00, 0xF0, 0x7D, 0x00, 0x0C, 0x00, 0x00, 0x00, 0xB2,
	0x1C, 0x00, 0x00, 0x00, 0x00, 0x7E, 0x00, 0x0C, 0x00, 0x00, 0x00, 0x80,
	0x12, 0x00, 0x00, 0x00, 0x40, 0x7E, 0x00, 0x10, 0x00, 0x00, 0x00, 0x4B,
	0x14, 0x33, 0x15, 0x34, 0x17, 0x34, 0x19, 0x00, 0x50, 0x7E, 0x00, 0x10,
	0x00, 0x00, 0x00, 0x0C, 0x10, 0x72, 0x15, 0xA5, 0x15, 0x00, 0x00, 0x00,
	0x70, 0x7E, 0x00, 0x10, 0x00, 0x00, 0x00, 0x21, 0x10, 0x29, 0x12, 0x88,
	0x12, 0xBE, 0x17, 0x00, 0x80, 0x7E, 0x00, 0x0C, 0x00, 0x00, 0x00, 0x1D,
	0x1F, 0x00, 0x00, 0x00, 0xA0, 0x7E, 0x00, 0x0C, 0x00, 0x00, 0x00, 0x62,
	0x16, 0x42, 0x1C, 0x00, 0xB0, 0x7E, 0x00, 0x0C, 0x00, 0x00, 0x00, 0x49,
	0x12, 0x99, 0x13, 0x00, 0xE0, 0x7E, 0x00, 0x10, 0x00, 0x00, 0x00, 0x6B,
	0x11, 0x67, 0x15, 0x5F, 0x18, 0x00, 0x00, 0x00, 0x10, 0x7F, 0x00, 0x10,
	0x00, 0x00, 0x00, 0x1F, 0x15, 0xAF, 0x15, 0xDE, 0x15, 0x1C, 0x16, 0x00,
	0x20, 0x7F, 0x00, 0x10, 0x00, 0x00, 0x00, 0xC1, 0x11, 0xCF, 0x11, 0xDE,
	0x11, 0x00, 0x00, 0x00, 0x50, 0x7F, 0x00, 0x0C, 0x00, 0x00, 0x00, 0x5A,
	0x1D, 0x00, 0x00, 0x00, 0x60, 0x7F, 0x00, 0x10, 0x00, 0x00, 0x00, 0x88,
	0x19, 0x97, 0x1A, 0x7E, 0x1F, 0x00, 0x00, 0x00, 0x70, 0x7F, 0x00, 0x0C,
	0x00, 0x00, 0x00, 0xBB, 0x11, 0x00, 0x00, 0x00, 0x80, 0x7F, 0x00, 0x10,
	0x00, 0x00, 0x00, 0x10, 0x19, 0x4D, 0x1B, 0x12, 0x1D, 0x25, 0x1D, 0x00,
	0xA0, 0x7F, 0x00, 0x0C, 0x00, 0x00, 0x00, 0x01, 0x14, 0xC3, 0x1B, 0x00,
	0xC0, 0x7F, 0x00, 0x10, 0x00, 0x00, 0x00, 0x4D, 0x18, 0x98, 0x1A, 0x27,
	0x1E, 0x35, 0x1E, 0x00, 0xD0, 0x7F, 0x00, 0x10, 0x00, 0x00, 0x00, 0x1A,
	0x10, 0x40, 0x1E, 0xD4, 0x1F, 0x00, 0x00, 0x00, 0xF0, 0x7F, 0x00, 0x0C,
	0x00, 0x00, 0x00, 0xCC, 0x1B, 0x00, 0x00, 0x00, 0x00, 0x80, 0x00, 0x0C,
	0x00, 0x00, 0x00, 0x57, 0x19, 0x00, 0x00, 0x00, 0x10, 0x80, 0x00, 0x0C,
	0x00, 0x00, 0x00, 0xC9, 0x17, 0x67, 0x1A, 0x00, 0x40, 0x80, 0x00, 0x0C,
	0x00, 0x00, 0x00, 0x40, 0x14, 0x00, 0x00, 0x00, 0x60, 0x80, 0x00, 0x0C,
	0x00, 0x00, 0x00, 0x9E, 0x1C, 0x00, 0x00, 0x00, 0x80, 0x80, 0x00, 0x0C,
	0x00, 0x00, 0x00, 0xE9, 0x1D, 0x00, 0x00, 0x00, 0xA0, 0x80, 0x00, 0x14,
	0x00, 0x00, 0x00, 0x64, 0x17, 0x2A, 0x1B, 0x52, 0x1B, 0xE5, 0x1C, 0x0D,
	0x1D, 0x00, 0x00, 0x00, 0xB0, 0x80, 0x00, 0x14, 0x00, 0x00, 0x00, 0x7F,
	0x10, 0x29, 0x11, 0x59, 0x11, 0x79, 0x13, 0xB5, 0x13, 0x00, 0x00, 0x00,
	0xC0, 0x80, 0x00, 0x0C, 0x00, 0x00, 0x00, 0xCF, 0x14, 0x07, 0x16, 0x00,
	0xD0, 0x80, 0x00, 0x10, 0x00, 0x00, 0x00, 0x87, 0x11, 0xEB, 0x11, 0xCF,
	0x12, 0x92, 0x18, 0x00, 0xE0, 0x80, 0x00, 0x0C, 0x00, 0x00, 0x00, 0x73,
	0x10, 0xB0, 0x1E, 0x00, 0x30, 0x81, 0x00, 0x28, 0x00, 0x00, 0x00, 0x34,
	0x10, 0x8B, 0x10, 0xE4, 0x10, 0xAA, 0x11, 0x52, 0x12, 0xFC, 0x12, 0x4B,
	0x13, 0x16, 0x14, 0xC2, 0x14, 0x1C, 0x16, 0x5B, 0x17, 0xF6, 0x18, 0x3D,
	0x1B, 0x5E, 0x1C, 0xAA, 0x1C, 0x34, 0x1F, 0x00, 0x40, 0x81, 0x00, 0x10,
	0x00, 0x00, 0x00, 0xB1, 0x10, 0xC7, 0x11, 0x0A, 0x1A, 0x00, 0x00, 0x00,
	0x80, 0x81, 0x00, 0x14, 0x00, 0x00, 0x00, 0x7E, 0x12, 0xEA, 0x13, 0x54,
	0x14, 0x66, 0x16, 0x6E, 0x1A, 0x99, 0x1B, 0x00, 0x90, 0x81, 0x00, 0x14,
	0x00, 0x00, 0x00, 0xEE, 0x11, 0x96, 0x15, 0x50, 0x19, 0xA7, 0x1D, 0xD2,
	0x1E, 0x00, 0x00, 0x00, 0xA0, 0x81, 0x00, 0x10, 0x00, 0x00, 0x00, 0xF8,
	0x13, 0x86, 0x1B, 0xFA, 0x1D, 0x00, 0x00, 0x00, 0xB0, 0x81, 0x00, 0x14,
	0x00, 0x00, 0x00, 0x3A, 0x11, 0xA4, 0x12, 0xA8, 0x13, 0xD0, 0x14, 0xE6,
	0x1F, 0x00, 0x00, 0x00, 0xC0, 0x81, 0x00, 0x10, 0x00, 0x00, 0x00, 0xDC,
	0x12, 0xA2, 0x1C, 0x9D, 0x1F, 0x00, 0x00, 0x00, 0xD0, 0x81, 0x00, 0x10,
	0x00, 0x00, 0x00, 0x9F, 0x11, 0xCA, 0x12, 0xF0, 0x1D, 0x00, 0x00, 0x00,
	0xE0, 0x81, 0x00, 0x0C, 0x00, 0x00, 0x00, 0x7F, 0x10, 0xE2, 0x11, 0x00,
	0x00, 0x82, 0x00, 0x0C, 0x00, 0x00, 0x00, 0xB9, 0x1C, 0x00, 0x00, 0x00,
	0x30, 0x82, 0x00, 0x0C, 0x00, 0x00, 0x00, 0xC8, 0x18, 0x00, 0x00, 0x00,
	0x40, 0x82, 0x00, 0x0C, 0x00, 0x00, 0x00, 0xA8, 0x1E, 0xEB, 0x1E, 0x00,
	0x60, 0x82, 0x00, 0x0C, 0x00, 0x00, 0x00, 0xE1, 0x14, 0x00, 0x00, 0x00,
	0x70, 0x82, 0x00, 0x0C, 0x00, 0x00, 0x00, 0x08, 0x11, 0x00, 0x00, 0x00,
	0x90, 0x82, 0x00, 0x10, 0x00, 0x00, 0x00, 0xD7, 0x17, 0xBE, 0x18, 0xDA,
	0x1A, 0x00, 0x00, 0x00, 0xA0, 0x82, 0x00, 0x0C, 0x00, 0x00, 0x00, 0xA2,
	0x19, 0x00, 0x00, 0x00, 0xB0, 0x82, 0x00, 0x0C, 0x00, 0x00, 0x00, 0x01,
	0x1D, 0x00, 0x00, 0x00, 0xE0, 0x82, 0x00, 0x14, 0x00, 0x00, 0x00, 0x42,
	0x13, 0xB8, 0x16, 0xC9, 0x16, 0xDA, 0x16, 0xFA, 0x1B, 0x5E, 0x1F, 0x00,
	0xF0, 0x82, 0x00, 0x0C, 0x00, 0x00, 0x00, 0xAB, 0x1E, 0x00, 0x00, 0x00,
	0x00, 0x83, 0x00, 0x0C, 0x00, 0x00, 0x00, 0x36, 0x14, 0x00, 0x00, 0x00,
	0x40, 0x83, 0x00, 0x0C, 0x00, 0x00, 0x00, 0xD3, 0x16, 0x00, 0x00, 0x00,
	0x50, 0x83, 0x00, 0x0C, 0x00, 0x00, 0x00, 0x5F, 0x1E, 0x00, 0x00, 0x00,
	0x70, 0x83, 0x00, 0x0C, 0x00, 0x00, 0x00, 0xB5, 0x17, 0x00, 0x00, 0x00,
	0x80, 0x83, 0x00, 0x0C, 0x00, 0x00, 0x00, 0x9A, 0x11, 0x00, 0x00, 0x00,
	0xA0, 0x83, 0x00, 0x0C, 0x00, 0x00, 0x00, 0x4B, 0x19, 0x00, 0x00, 0x00,
	0xB0, 0x83, 0x00, 0x10, 0x00, 0x00, 0x00, 0x8E, 0x12, 0xAD, 0x12, 0xDF,
	0x16, 0xF4, 0x16, 0x00, 0xC0, 0x83, 0x00, 0x0C, 0x00, 0x00, 0x00, 0x1D,
	0x10, 0x31, 0x10, 0x00, 0x50, 0x84, 0x00, 0x0C, 0x00, 0x00, 0x00, 0xF8,
	0x1C, 0xDB, 0x1D, 0x00, 0x60, 0x84, 0x00, 0x0C, 0x00, 0x00, 0x00, 0xE7,
	0x1F, 0xFE, 0x1F, 0x00, 0x90, 0x84, 0x00, 0x10, 0x00, 0x00, 0x00, 0xF8,
	0x13, 0x5F, 0x14, 0x9B, 0x16, 0x00, 0x00, 0x00, 0xC0, 0x84, 0x00, 0x0C,
	0x00, 0x00, 0x00, 0xE9, 0x16, 0x00, 0x00, 0x00, 0xF0, 0x84, 0x00, 0x0C,
	0x00, 0x00, 0x00, 0xBD, 0x15, 0x00, 0x00, 0x00, 0x00, 0x85, 0x00, 0x10,
	0x00, 0x00, 0x00, 0x9A, 0x13, 0xB5, 0x13, 0x5A, 0x1F, 0x6F, 0x1F, 0x00,
	0x10, 0x85, 0x00, 0x0C, 0x00, 0x00, 0x00, 0x5B, 0x1F, 0x00, 0x00, 0x00,
	0x20, 0x85, 0x00, 0x0C, 0x00, 0x00, 0x00, 0x22, 0x19, 0x00, 0x00, 0x00,
	0x30, 0x85, 0x00, 0x0C, 0x00, 0x00, 0x00, 0xA7, 0x16, 0xB8, 0x16, 0x00,
	0x60, 0x85, 0x00, 0x10, 0x00, 0x00, 0x00, 0x95, 0x12, 0xAD, 0x12, 0x95,
	0x16, 0x00, 0x00, 0x00, 0x70, 0x85, 0x00, 0x0C, 0x00, 0x00, 0x00, 0xFC,
	0x1F, 0x00, 0x00, 0x00, 0x80, 0x85, 0x00, 0x0C, 0x00, 0x00, 0x00, 0x28,
	0x11, 0x89, 0x15, 0x00, 0xC0, 0x85, 0x00, 0x14, 0x00, 0x00, 0x00, 0xA4,
	0x11, 0x15, 0x12, 0x31, 0x12, 0x16, 0x1C, 0xED, 0x1E, 0x00, 0x00, 0x00,
	0xD0, 0x85, 0x00, 0x14, 0x00, 0x00, 0x00, 0x17, 0x10, 0x71, 0x10, 0x9D,
	0x17, 0x2E, 0x1A, 0x47, 0x1A, 0x88, 0x1B, 0x00, 0xE0, 0x85, 0x00, 0x14,
	0x00, 0x00, 0x00, 0x69, 0x12, 0x9C, 0x14, 0x4E, 0x15, 0x53, 0x19, 0x8A,
	0x1B, 0x00, 0x00, 0x00, 0xF0, 0x85, 0x00, 0x18, 0x00, 0x00, 0x00, 0xCA,
	0x11, 0xDB, 0x11, 0xED, 0x11, 0x2D, 0x17, 0xBF, 0x18, 0xC1, 0x19, 0xE1,
	0x1D, 0x8E, 0x1F, 0x00, 0x00, 0x86, 0x00, 0x10, 0x00, 0x00, 0x00, 0xB9,
	0x14, 0x58, 0x16, 0x9E, 0x18, 0x00, 0x00, 0x00, 0x10, 0x86, 0x00, 0x10,
	0x00, 0x00, 0x00, 0x83, 0x13, 0x98, 0x13, 0xC2, 0x19, 0x31, 0x1E, 0x00,
	0x20, 0x86, 0x00, 0x10, 0x00, 0x00, 0x00, 0x13, 0x10, 0x0E, 0x18, 0xBC,
	0x1A, 0xED, 0x1E, 0x00, 0x60, 0x86, 0x00, 0x0C, 0x00, 0x00, 0x00, 0x56,
	0x17, 0x00, 0x00, 0x00, 0x70, 0x86, 0x00, 0x10, 0x00, 0x00, 0x00, 0xDE,
	0x10, 0x8F, 0x13, 0x01, 0x1C, 0x00, 0x00, 0x00, 0x80, 0x86, 0x00, 0x10,
	0x00, 0x00, 0x00, 0x1D, 0x14, 0x76, 0x16, 0x85, 0x18, 0xF9, 0x18, 0x00,
	0x90, 0x86, 0x00, 0x0C, 0x00, 0x00, 0x00, 0x0C, 0x16, 0x1A, 0x1B, 0x00,
	0xF0, 0x86, 0x00, 0x0C, 0x00, 0x00, 0x00, 0x95, 0x18, 0x00, 0x00, 0x00,
	0x30, 0x87, 0x00, 0x10, 0x00, 0x00, 0x00, 0x84, 0x10, 0x5E, 0x11, 0xD1,
	0x18, 0xE3, 0x18, 0x00, 0x40, 0x87, 0x00, 0x0C, 0x00, 0x00, 0x00, 0xE9,
	0x16, 0x00, 0x00, 0x00, 0x60, 0x87, 0x00, 0x0C, 0x00, 0x00, 0x00, 0x4A,
	0x19, 0x00, 0x00, 0x00, 0xB0, 0x87, 0x00, 0x0C, 0x00, 0x00, 0x00, 0x3F,
	0x19, 0x00, 0x00, 0x00, 0x30, 0x88, 0x00, 0x0C, 0x00, 0x00, 0x00, 0xAD,
	0x1F, 0x00, 0x00, 0x00, 0x50, 0x88, 0x00, 0x0C, 0x00, 0x00, 0x00, 0x83,
	0x1D, 0x00, 0x00, 0x00, 0xF0, 0x88, 0x00, 0x0C, 0x00, 0x00, 0x00, 0xDE,
	0x1C, 0x00, 0x00, 0x00, 0x10, 0x89, 0x00, 0x0C, 0x00, 0x00, 0x00, 0xA4,
	0x17, 0xCF, 0x1E, 0x00, 0x20, 0x89, 0x00, 0x0C, 0x00, 0x00, 0x00, 0x5F,
	0x1E, 0x00, 0x00, 0x00, 0x30, 0x89, 0x00, 0x0C, 0x00, 0x00, 0x00, 0xC0,
	0x10, 0x7A, 0x11, 0x00, 0x40, 0x89, 0x00, 0x10, 0x00, 0x00, 0x00, 0x53,
	0x15, 0xF8, 0x16, 0xC2, 0x19, 0x00, 0x00, 0x00, 0x50, 0x89, 0x00, 0x0C,
	0x00, 0x00, 0x00, 0xDC, 0x11, 0x2C, 0x16, 0x00, 0x60, 0x89, 0x00, 0x0C,
	0x00, 0x00, 0x00, 0xC5, 0x10, 0x00, 0x00, 0x00, 0x80, 0x89, 0x00, 0x10,
	0x00, 0x00, 0x00, 0xCC, 0x12, 0xF9, 0x13, 0x52, 0x14, 0x70, 0x17, 0x00,
	0x90, 0x89, 0x00, 0x0C, 0x00, 0x00, 0x00, 0x30, 0x1B, 0x00, 0x00, 0x00,
	0xC0, 0x89, 0x00, 0x0C, 0x00, 0x00, 0x00, 0x59, 0x1D, 0x7D, 0x1D, 0x00,
	0xE0, 0x89, 0x00, 0x0C, 0x00, 0x00, 0x00, 0x8D, 0x13, 0xA3, 0x16, 0x00,
	0xF0, 0x89, 0x00, 0x0C, 0x00, 0x00, 0x00, 0xED, 0x19, 0x00, 0x00, 0x00,
	0x00, 0x8A, 0x00, 0x0C, 0x00, 0x00, 0x00, 0x58, 0x14, 0x00, 0x00, 0x00,
	0x10, 0x8A, 0x00, 0x0C, 0x00, 0x00, 0x00, 0xC6, 0x16, 0x00, 0x00, 0x00,
	0x40, 0x8A, 0x00, 0x0C, 0x00, 0x00, 0x00, 0x4F, 0x13, 0x00, 0x00, 0x00,
	0x80, 0x8A, 0x00, 0x0C, 0x00, 0x00, 0x00, 0x62, 0x19, 0x00, 0x00, 0x00,
	0x90, 0x8A, 0x00, 0x0C, 0x00, 0x00, 0x00, 0xD0, 0x1C, 0x00, 0x00, 0x00,
	0xB0, 0x8A, 0x00, 0x10, 0x00, 0x00, 0x00, 0x39, 0x18, 0x99, 0x18, 0xBF,
	0x1A, 0x1D, 0x1B, 0x00, 0xC0, 0x8A, 0x00, 0x0C, 0x00, 0x00, 0x00, 0x1F,
	0x13, 0x30, 0x13, 0x00, 0xD0, 0x8A, 0x00, 0x0C, 0x00, 0x00, 0x00, 0x7F,
	0x11, 0x72, 0x1F, 0x00, 0xE0, 0x8A, 0x00, 0x0C, 0x00, 0x00, 0x00, 0xFC,
	0x12, 0x00, 0x00, 0x00, 0x10, 0x8B, 0x00, 0x0C, 0x00, 0x00, 0x00, 0x74,
	0x17, 0x00, 0x00, 0x00, 0x30, 0x8B, 0x00, 0x0C, 0x00, 0x00, 0x00, 0x38,
	0x13, 0x00, 0x00, 0x00, 0x40, 0x8B, 0x00, 0x0C, 0x00, 0x00, 0x00, 0xBE,
	0x17, 0xB3, 0x1C, 0x00, 0x50, 0x8B, 0x00, 0x0C, 0x00, 0x00, 0x00, 0x5D,
	0x18, 0x00, 0x00, 0x00, 0x60, 0x8B, 0x00, 0x0C, 0x00, 0x00, 0x00, 0x2B,
	0x1D, 0x00, 0x00, 0x00, 0x70, 0x8B, 0x00, 0x0C, 0x00, 0x00, 0x00, 0xEE,
	0x12, 0x00, 0x00, 0x00, 0xA0, 0x8B, 0x00, 0x10, 0x00, 0x00, 0x00, 0x45,
	0x10, 0xCC, 0x12, 0xAE, 0x15, 0xCD, 0x15, 0x00, 0xB0, 0x8B, 0x00, 0x0C,
	0x00, 0x00, 0x00, 0x1B, 0x15, 0x58, 0x1D, 0x00, 0xC0, 0x8B, 0x00, 0x0C,
	0x00, 0x00, 0x00, 0xC4, 0x18, 0x00, 0x00, 0x00, 0xE0, 0x8B, 0x00, 0x0C,
	0x00, 0x00, 0x00, 0xE4, 0x11, 0x00, 0x00, 0x00, 0x00, 0x8C, 0x00, 0x0C,
	0x00, 0x00, 0x00, 0x95, 0x1C, 0x00, 0x00, 0x00, 0x10, 0x8C, 0x00, 0x0C,
	0x00, 0x00, 0x00, 0xAA, 0x14, 0x00, 0x00, 0x00, 0x20, 0x8C, 0x00, 0x0C,
	0x00, 0x00, 0x00, 0xCA, 0x14, 0x00, 0x00, 0x00, 0x40, 0x8C, 0x00, 0x0C,
	0x00, 0x00, 0x00, 0x16, 0x16, 0x00, 0x00, 0x00, 0x60, 0x8C, 0x00, 0x0C,
	0x00, 0x00, 0x00, 0x0A, 0x1D, 0x87, 0x1F, 0x00, 0x70, 0x8C, 0x00, 0x0C,
	0x00, 0x00, 0x00, 0xA9, 0x11, 0x00, 0x00, 0x00, 0x90, 0x8C, 0x00, 0x0C,
	0x00, 0x00, 0x00, 0x05, 0x1F, 0x00, 0x00, 0x00, 0xA0, 0x8C, 0x00, 0x10,
	0x00, 0x00, 0x00, 0xC7, 0x12, 0xDB, 0x12, 0xF8, 0x1D, 0x0A, 0x1E, 0x00,
	0xB0, 0x8C, 0x00, 0x10, 0x00, 0x00, 0x00, 0x77, 0x1B, 0x42, 0x1E, 0xBA,
	0x1E, 0x00, 0x00, 0x00, 0xC0, 0x8C, 0x00, 0x0C, 0x00, 0x00, 0x00, 0x36,
	0x1B, 0x00, 0x00, 0x00, 0xD0, 0x8C, 0x00, 0x0C, 0x00, 0x00, 0x00, 0x14,
	0x13, 0x00, 0x00, 0x00, 0xE0, 0x8C, 0x00, 0x0C, 0x00, 0x00, 0x00, 0x5A,
	0x17, 0x48, 0x1F, 0x00, 0xF0, 0x8C, 0x00, 0x0C, 0x00, 0x00, 0x00, 0x29,
	0x18, 0x00, 0x00, 0x00, 0x00, 0x8D, 0x00, 0x0C, 0x00, 0x00, 0x00, 0x17,
	0x1F, 0x00, 0x00, 0x00, 0xA0, 0x8D, 0x00, 0x0C, 0x00, 0x00, 0x00, 0xB1,
	0x15, 0x00, 0x00, 0x00, 0xB0, 0x8D, 0x00, 0x0C, 0x00, 0x00, 0x00, 0xAD,
	0x1B, 0x00, 0x00, 0x00, 0xC0, 0x8D, 0x00, 0x0C, 0x00, 0x00, 0x00, 0x8A,
	0x16, 0x00, 0x00, 0x00, 0xE0, 0x8D, 0x00, 0x10, 0x00, 0x00, 0x00, 0x3C,
	0x14, 0x17, 0x15, 0xFD, 0x1B, 0x00, 0x00, 0x00, 0xF0, 0x8D, 0x00, 0x10,
	0x00, 0x00, 0x00, 0x9C, 0x12, 0x9E, 0x1C, 0xAD, 0x1C, 0x37, 0x1E, 0x00,
	0x20, 0x8E, 0x00, 0x10, 0x00, 0x00, 0x00, 0x8D, 0x16, 0xE7, 0x17, 0xE8,
	0x1A, 0xFF, 0x1B, 0x00, 0x40, 0x8E, 0x00, 0x10, 0x00, 0x00, 0x00, 0xE7,
	0x10, 0x63, 0x1A, 0xBD, 0x1A, 0x1C, 0x1D, 0x00, 0x50, 0x8E, 0x00, 0x10,
	0x00, 0x00, 0x00, 0x2B, 0x11, 0xA1, 0x15, 0xB5, 0x15, 0xFF, 0x15, 0x00,
	0x70, 0x8E, 0x00, 0x0C, 0x00, 0x00, 0x00, 0x23, 0x1F, 0x00, 0x00, 0x00,
	0x90, 0x8E, 0x00, 0x0C, 0x00, 0x00, 0x00, 0x9F, 0x1B, 0x00, 0x00, 0x00,
	0xA0, 0x8E, 0x00, 0x0C, 0x00, 0x00, 0x00, 0x6B, 0x1B, 0x00, 0x00, 0x00,
	0xB0, 0x8E, 0x00, 0x0C, 0x00, 0x00, 0x00, 0xB9, 0x1C, 0x00, 0x00, 0x00,
	0xC0, 0x8E, 0x00, 0x0C, 0x00, 0x00, 0x00, 0x7C, 0x10, 0x57, 0x17, 0x00,
	0xE0, 0x8E, 0x00, 0x0C, 0x00, 0x00, 0x00, 0x35, 0x12, 0x00, 0x00, 0x00,
	0xF0, 0x8E, 0x00, 0x0C, 0x00, 0x00, 0x00, 0xFA, 0x1B, 0x00, 0x00, 0x00,
	0x00, 0x8F, 0x00, 0x10, 0x00, 0x00, 0x00, 0xA4, 0x16, 0x2D, 0x18, 0x40,
	0x18, 0xA1, 0x19, 0x00, 0x10, 0x8F, 0x00, 0x10, 0x00, 0x00, 0x00, 0xD9,
	0x15, 0xF2, 0x16, 0x29, 0x18, 0x63, 0x19, 0x00, 0x20, 0x8F, 0x00, 0x10,
	0x00, 0x00, 0x00, 0xAB, 0x10, 0x1D, 0x12, 0x9B, 0x12, 0xFD, 0x15, 0x00,
	0x30, 0x8F, 0x00, 0x10, 0x00, 0x00, 0x00, 0xA4, 0x15, 0xB5, 0x15, 0xCC,
	0x1B, 0xBD, 0x1F, 0x00, 0x40, 0x8F, 0x00, 0x0C, 0x00, 0x00, 0x00, 0x5C,
	0x13, 0xBD, 0x17, 0x00, 0x50, 0x8F, 0x00, 0x10, 0x00, 0x00, 0x00, 0x50,
	0x13, 0x31, 0x14, 0x7D, 0x1F, 0x00, 0x00, 0x00, 0x60, 0x8F, 0x00, 0x10,
	0x00, 0x00, 0x00, 0x34, 0x10, 0x85, 0x10, 0xDF, 0x19, 0xF4, 0x19, 0x00,
	0x70, 0x8F, 0x00, 0x0C, 0x00, 0x00, 0x00, 0xCF, 0x10, 0x18, 0x1D, 0x00,
	0x80, 0x8F, 0x00, 0x14, 0x00, 0x00, 0x00, 0x71, 0x13, 0x57, 0x15, 0xF6,
	0x1A, 0xE9, 0x1D, 0xC2, 0x1E, 0x36, 0x1F, 0x00, 0xA0, 0x8F, 0x00, 0x10,
	0x00, 0x00, 0x00, 0x88, 0x17, 0xB8, 0x1C, 0xE0, 0x1C, 0x00, 0x00, 0x00,
	0xB0, 0x8F, 0x00, 0x10, 0x00, 0x00, 0x00, 0xBE, 0x12, 0x77, 0x13, 0xA9,
	0x13, 0x00, 0x00, 0x00, 0xC0, 0x8F, 0x00, 0x0C, 0x00, 0x00, 0x00, 0x48,
	0x16, 0x00, 0x00, 0x00, 0xD0, 0x8F, 0x00, 0x0C, 0x00, 0x00, 0x00, 0x12,
	0x16, 0x00, 0x00, 0x00, 0xF0, 0x8F, 0x00, 0x0C, 0x00, 0x00, 0x00, 0x2E,
	0x11, 0x00, 0x00, 0x00, 0x10, 0x90, 0x00, 0x0C, 0x00, 0x00, 0x00, 0xE9,
	0x1B, 0x00, 0x00, 0x00, 0x30, 0x90, 0x00, 0x0C, 0x00, 0x00, 0x00, 0xB8,
	0x1C, 0x00, 0x00, 0x00, 0x70, 0x90, 0x00, 0x10, 0x00, 0x00, 0x00, 0x0C,
	0x16, 0xEA, 0x1B, 0x15, 0x1C, 0x85, 0x1E, 0x00, 0x80, 0x90, 0x00, 0x14,
	0x00, 0x00, 0x00, 0xCF, 0x11, 0xBC, 0x13, 0x2E, 0x1A, 0x1C, 0x1C, 0x22,
	0x1F, 0x00, 0x00, 0x00, 0x90, 0x90, 0x00, 0x0C, 0x00, 0x00, 0x00, 0xC8,
	0x10, 0x2D, 0x19, 0x00, 0xA0, 0x90, 0x00, 0x14, 0x00, 0x00, 0x00, 0x80,
	0x12, 0xBA, 0x17, 0x06, 0x18, 0x22, 0x1C, 0x33, 0x1C, 0x00, 0x00, 0x00,
	0xB0, 0x90, 0x00, 0x0C, 0x00, 0x00, 0x00, 0x15, 0x14, 0x00, 0x00, 0x00,
	0xD0, 0x90, 0x00, 0x0C, 0x00, 0x00, 0x00, 0xDE, 0x14, 0x00, 0x00, 0x00,
	0xE0, 0x90, 0x00, 0x10, 0x00, 0x00, 0x00, 0x56, 0x14, 0xB0, 0x18, 0x45,
	0x1E, 0x00, 0x00, 0x00, 0xF0, 0x90, 0x00, 0x0C, 0x00, 0x00, 0x00, 0x18,
	0x1E, 0x00, 0x00, 0x00, 0x00, 0x91, 0x00, 0x0C, 0x00, 0x00, 0x00, 0x5A,
	0x1A, 0x00, 0x00, 0x00, 0x50, 0x91, 0x00, 0x14, 0x00, 0x00, 0x00, 0x84,
	0x11, 0x2F, 0x14, 0xA8, 0x16, 0x02, 0x1F, 0x44, 0x1F, 0x00, 0x00, 0x00,
	0x90, 0x91, 0x00, 0x0C, 0x00, 0x00, 0x00, 0xF3, 0x1A, 0x00, 0x00, 0x00,
	0xB0, 0x91, 0x00, 0x0C, 0x00, 0x00, 0x00, 0x3D, 0x18, 0x8B, 0x18, 0x00,
	0xE0, 0x91, 0x00, 0x10, 0x00, 0x00, 0x00, 0x8A, 0x16, 0x5D, 0x18, 0xA7,
	0x1D, 0x00, 0x00, 0x00, 0xF0, 0x91, 0x00, 0x0C, 0x00, 0x00, 0x00, 0x3C,
	0x12, 0x00, 0x00, 0x00, 0x00, 0x92, 0x00, 0x14, 0x00, 0x00, 0x00, 0x5B,
	0x19, 0x6C, 0x19, 0x0F, 0x1B, 0xA1, 0x1C, 0xB2, 0x1C, 0x00, 0x00, 0x00,
	0x10, 0x92, 0x00, 0x10, 0x00, 0x00, 0x00, 0x7F, 0x12, 0x32, 0x1A, 0xC7,
	0x1A, 0xF7, 0x1A, 0x00, 0x20, 0x92, 0x00, 0x10, 0x00, 0x00, 0x00, 0x4A,
	0x14, 0xDB, 0x16, 0x48, 0x1D, 0x69, 0x1D, 0x00, 0x40, 0x92, 0x00, 0x0C,
	0x00, 0x00, 0x00, 0x9A, 0x12, 0x89, 0x19, 0x00, 0x60, 0x92, 0x00, 0x10,
	0x00, 0x00, 0x00, 0xED, 0x10, 0x11, 0x1C, 0x5D, 0x1C, 0x00, 0x00, 0x00,
	0x70, 0x92, 0x00, 0x0C, 0x00, 0x00, 0x00, 0x16, 0x18, 0x6B, 0x1C, 0x00,
	0x80, 0x92, 0x00, 0x0C, 0x00, 0x00, 0x00, 0x98, 0x10, 0x00, 0x00, 0x00,
	0x90, 0x92, 0x00, 0x0C, 0x00, 0x00, 0x00, 0x68, 0x1B, 0x00, 0x00, 0x00,
	0xA0, 0x92, 0x00, 0x10, 0x00, 0x00, 0x00, 0x89, 0x19, 0x79, 0x1E, 0x89,
	0x1E, 0x00, 0x00, 0x00, 0xB0, 0x92, 0x00, 0x0C, 0x00, 0x00, 0x00, 0x80,
	0x17, 0x00, 0x00, 0x00, 0x10, 0x93, 0x00, 0x0C, 0x00, 0x00, 0x00, 0x10,
	0x19, 0x00, 0x00, 0x00, 0x30, 0x93, 0x00, 0x0C, 0x00, 0x00, 0x00, 0xA4,
	0x18, 0x00, 0x00, 0x00, 0x40, 0x93, 0x00, 0x0C, 0x00, 0x00, 0x00, 0x2A,
	0x1A, 0x93, 0x1F, 0x00, 0x50, 0x93, 0x00, 0x0C, 0x00, 0x00, 0x00, 0xB7,
	0x13, 0xAA, 0x1B, 0x00, 0x60, 0x93, 0x00, 0x0C, 0x00, 0x00, 0x00, 0x8A,
	0x13, 0x00, 0x00, 0x00, 0x70, 0x93, 0x00, 0x0C, 0x00, 0x00, 0x00, 0xB4,
	0x16, 0x00, 0x00, 0x00, 0x80, 0x93, 0x00, 0x0C, 0x00, 0x00, 0x00, 0x9C,
	0x1D, 0x00, 0x00, 0x00, 0x90, 0x93, 0x00, 0x10, 0x00, 0x00, 0x00, 0xA9,
	0x16, 0xA2, 0x17, 0xA7, 0x1E, 0x00, 0x00, 0x00, 0xA0, 0x93, 0x00, 0x0C,
	0x00, 0x00, 0x00, 0xBA, 0x1D, 0xCB, 0x1D, 0x00, 0xB0, 0x93, 0x00, 0x10,
	0x00, 0x00, 0x00, 0xE7, 0x10, 0xC3, 0x18, 0x2E, 0x1B, 0x00, 0x00, 0x00,
	0xC0, 0x93, 0x00, 0x10, 0x00, 0x00, 0x00, 0xA8, 0x11, 0x3E, 0x1B, 0x23,
	0x1D, 0x00, 0x00, 0x00, 0xE0, 0x93, 0x00, 0x0C, 0x00, 0x00, 0x00, 0xA2,
	0x1B, 0x00, 0x00, 0x00, 0xF0, 0x93, 0x00, 0x14, 0x00, 0x00, 0x00, 0xEE,
	0x16, 0x92, 0x17, 0x62, 0x18, 0xB5, 0x1A, 0x8B, 0x1E, 0x00, 0x00, 0x00,
	0x00, 0x94, 0x00, 0x0C, 0x00, 0x00, 0x00, 0x83, 0x19, 0x00, 0x00, 0x00,
	0x10, 0x94, 0x00, 0x0C, 0x00, 0x00, 0x00, 0x92, 0x13, 0x00, 0x00, 0x00,
	0x20, 0x94, 0x00, 0x14, 0x00, 0x00, 0x00, 0x28, 0x11, 0x40, 0x11, 0x89,
	0x17, 0x0F, 0x1A, 0x88, 0x1E, 0x00, 0x00, 0x00, 0x30, 0x94, 0x00, 0x0C,
	0x00, 0x00, 0x00, 0xEE, 0x1A, 0x00, 0x00, 0x00, 0x40, 0x94, 0x00, 0x10,
	0x00, 0x00, 0x00, 0xE5, 0x11, 0xD7, 0x12, 0x12, 0x16, 0x5F, 0x1A, 0x00,
	0x50, 0x94, 0x00, 0x0C, 0x00, 0x00, 0x00, 0xA5, 0x1E, 0x00, 0x00, 0x00,
	0x60, 0x94, 0x00, 0x10, 0x00, 0x00, 0x00, 0xFE, 0x17, 0x56, 0x1D, 0x8D,
	0x1D, 0x00, 0x00, 0x00, 0x70, 0x94, 0x00, 0x0C, 0x00, 0x00, 0x00, 0x32,
	0x11, 0x00, 0x00, 0x00, 0x80, 0x94, 0x00, 0x0C, 0x00, 0x00, 0x00, 0x3E,
	0x12, 0x90, 0x13, 0x00, 0xC0, 0x94, 0x00, 0x0C, 0x00, 0x00, 0x00, 0x83,
	0x18, 0x16, 0x19, 0x00, 0xF0, 0x94, 0x00, 0x0C, 0x00, 0x00, 0x00, 0xDA,
	0x1A, 0x00, 0x00, 0x00, 0x00, 0x95, 0x00, 0x10, 0x00, 0x00, 0x00, 0x68,
	0x19, 0x7C, 0x19, 0xC9, 0x1C, 0x00, 0x00, 0x00, 0x10, 0x95, 0x00, 0x0C,
	0x00, 0x00, 0x00, 0x4B, 0x14, 0x00, 0x00, 0x00, 0x20, 0x95, 0x00, 0x0C,
	0x00, 0x00, 0x00, 0xCC, 0x15, 0x00, 0x00, 0x00, 0x30, 0x95, 0x00, 0x0C,
	0x00, 0x00, 0x00, 0x25, 0x1D, 0x00, 0x00, 0x00, 0x60, 0x95, 0x00, 0x0C,
	0x00, 0x00, 0x00, 0x1F, 0x10, 0xC8, 0x13, 0x00, 0xC0, 0x95, 0x00, 0x14,
	0x00, 0x00, 0x00, 0x37, 0x14, 0x68, 0x14, 0x7C, 0x14, 0x12, 0x18, 0x5F,
	0x18, 0x00, 0x00, 0x00, 0xD0, 0x95, 0x00, 0x14, 0x00, 0x00, 0x00, 0x40,
	0x19, 0x9C, 0x19, 0xE5, 0x1E, 0x01, 0x1F, 0x15, 0x1F, 0x00, 0x00, 0x00,
	0x20, 0x96, 0x00, 0x0C, 0x00, 0x00, 0x00, 0x0B, 0x17, 0x00, 0x00, 0x00,
	0x30, 0x96, 0x00, 0x0C, 0x00, 0x00, 0x00, 0x10, 0x11, 0xA2, 0x1E, 0x00,
	0x40, 0x96, 0x00, 0x0C, 0x00, 0x00, 0x00, 0x30, 0x15, 0x6E, 0x1A, 0x00,
	0x50, 0x96, 0x00, 0x14, 0x00, 0x00, 0x00, 0x63, 0x10, 0xD4, 0x13, 0xE1,
	0x13, 0x30, 0x14, 0xC0, 0x14, 0x7E, 0x18, 0x00, 0x60, 0x96, 0x00, 0x0C,
	0x00, 0x00, 0x00, 0x1C, 0x18, 0x60, 0x1F, 0x00, 0x70, 0x96, 0x00, 0x0C,
	0x00, 0x00, 0x00, 0x23, 0x14, 0x00, 0x00, 0x00, 0xC0, 0x96, 0x00, 0x14,
	0x00, 0x00, 0x00, 0x7F, 0x15, 0xE7, 0x15, 0xB2, 0x1D, 0xF1, 0x1D, 0x28,
	0x1E, 0x00, 0x00, 0x00, 0xD0, 0x96, 0x00, 0x0C, 0x00, 0x00, 0x00, 0x38,
	0x1D, 0x00, 0x00, 0x00, 0xF0, 0x96, 0x00, 0x0C, 0x00, 0x00, 0x00, 0x33,
	0x15, 0x9F, 0x1D, 0x00, 0x00, 0x97, 0x00, 0x0C, 0x00, 0x00, 0x00, 0xA7,
	0x11, 0x00, 0x00, 0x00, 0x30, 0x97, 0x00, 0x0C, 0x00, 0x00, 0x00, 0x46,
	0x14, 0x00, 0x00, 0x00, 0x50, 0x97, 0x00, 0x0C, 0x00, 0x00, 0x00, 0x46,
	0x19, 0x85, 0x19, 0x00, 0x60, 0x97, 0x00, 0x10, 0x00, 0x00, 0x00, 0xD4,
	0x14, 0x1F, 0x17, 0x39, 0x19, 0x00, 0x00, 0x00, 0x70, 0x97, 0x00, 0x0C,
	0x00, 0x00, 0x00, 0xAF, 0x12, 0x20, 0x1B, 0x00, 0x80, 0x97, 0x00, 0x10,
	0x00, 0x00, 0x00, 0xCD, 0x10, 0x06, 0x13, 0x42, 0x19, 0x89, 0x1B, 0x00,
	0xA0, 0x97, 0x00, 0x0C, 0x00, 0x00, 0x00, 0x21, 0x16, 0x1A, 0x1B, 0x00,
	0xE0, 0x97, 0x00, 0x0C, 0x00, 0x00, 0x00, 0xB4, 0x11, 0x00, 0x00, 0x00,
	0xF0, 0x97, 0x00, 0x10, 0x00, 0x00, 0x00, 0x1E, 0x16, 0x33, 0x1E, 0x55,
	0x1F, 0x00, 0x00, 0x00, 0x10, 0x98, 0x00, 0x0C, 0x00, 0x00, 0x00, 0xA8,
	0x19, 0x00, 0x00, 0x00, 0x20, 0x98, 0x00, 0x0C, 0x00, 0x00, 0x00, 0x88,
	0x15, 0x26, 0x1F, 0x00, 0x30, 0x98, 0x00, 0x0C, 0x00, 0x00, 0x00, 0x6B,
	0x17, 0x00, 0x00, 0x00, 0x50, 0x98, 0x00, 0x0C, 0x00, 0x00, 0x00, 0xD8,
	0x17, 0x00, 0x00, 0x00, 0x60, 0x98, 0x00, 0x0C, 0x00, 0x00, 0x00, 0xA2,
	0x18, 0x00, 0x00, 0x00, 0x70, 0x98, 0x00, 0x0C, 0x00, 0x00, 0x00, 0x32,
	0x16, 0x00, 0x00, 0x00, 0x80, 0x98, 0x00, 0x0C, 0x00, 0x00, 0x00, 0xA0,
	0x14, 0x19, 0x1A, 0x00, 0x90, 0x98, 0x00, 0x0C, 0x00, 0x00, 0x00, 0x7B,
	0x12, 0x00, 0x00, 0x00, 0xB0, 0x98, 0x00, 0x10, 0x00, 0x00, 0x00, 0x3F,
	0x17, 0x53, 0x17, 0x05, 0x1D, 0x00, 0x00, 0x00, 0xC0, 0x98, 0x00, 0x0C,
	0x00, 0x00, 0x00, 0xCD, 0x17, 0x00, 0x00, 0x00, 0xD0, 0x98, 0x00, 0x0C,
	0x00, 0x00, 0x00, 0xA8, 0x1F, 0xCD, 0x1F, 0x00, 0xE0, 0x98, 0x00, 0x0C,
	0x00, 0x00, 0x00, 0x5D, 0x16, 0x00, 0x00, 0x00, 0xF0, 0x98, 0x00, 0x0C,
	0x00, 0x00, 0x00, 0x29, 0x18, 0x2C, 0x19, 0x00, 0x00, 0x99, 0x00, 0x0C,
	0x00, 0x00, 0x00, 0x7F, 0x13, 0x00, 0x00, 0x00, 0x10, 0x99, 0x00, 0x10,
	0x00, 0x00, 0x00, 0xC4, 0x11, 0x81, 0x19, 0x88, 0x1E, 0x00, 0x00, 0x00,
	0x20, 0x99, 0x00, 0x0C, 0x00, 0x00, 0x00, 0x8E, 0x11, 0x9F, 0x11, 0x00,
	0x40, 0x99, 0x00, 0x0C, 0x00, 0x00, 0x00, 0xC2, 0x1F, 0x00, 0x00, 0x00,
	0x50, 0x99, 0x00, 0x10, 0x00, 0x00, 0x00, 0xC1, 0x15, 0x5A, 0x16, 0x27,
	0x17, 0xD3, 0x19, 0x00, 0x60, 0x99, 0x00, 0x0C, 0x00, 0x00, 0x00, 0xA5,
	0x16, 0x00, 0x00, 0x00, 0x70, 0x99, 0x00, 0x0C, 0x00, 0x00, 0x00, 0x64,
	0x1C, 0x00, 0x00, 0x00, 0x90, 0x99, 0x00, 0x0C, 0x00, 0x00, 0x00, 0x7C,
	0x18, 0x09, 0x1C, 0x00, 0xA0, 0x99, 0x00, 0x0C, 0x00, 0x00, 0x00, 0x03,
	0x11, 0xF7, 0x1A, 0x00, 0xB0, 0x99, 0x00, 0x0C, 0x00, 0x00, 0x00, 0x4C,
	0x19, 0xC4, 0x1F, 0x00, 0xC0, 0x99, 0x00, 0x10, 0x00, 0x00, 0x00, 0x37,
	0x12, 0xB5, 0x13, 0x01, 0x18, 0xE7, 0x1B, 0x00, 0xD0, 0x99, 0x00, 0x0C,
	0x00, 0x00, 0x00, 0xB4, 0x16, 0xC4, 0x16, 0x00, 0xE0, 0x99, 0x00, 0x10,
	0x00, 0x00, 0x00, 0xF2, 0x12, 0xEF, 0x1A, 0x77, 0x1F, 0xAD, 0x1F, 0x00,
	0xF0, 0x99, 0x00, 0x10, 0x00, 0x00, 0x00, 0x22, 0x10, 0x35, 0x10, 0xFB,
	0x12, 0x00, 0x00, 0x00, 0x20, 0x9A, 0x00, 0x10, 0x00, 0x00, 0x00, 0xEE,
	0x15, 0x75, 0x19, 0x2B, 0x1A, 0x00, 0x00, 0x00, 0x30, 0x9A, 0x00, 0x0C,
	0x00, 0x00, 0x00, 0x58, 0x14, 0x71, 0x18, 0x00, 0x40, 0x9A, 0x00, 0x10,
	0x00, 0x00, 0x00, 0x5F, 0x13, 0xE0, 0x1C, 0x5B, 0x1F, 0x00, 0x00, 0x00,
	0x50, 0x9A, 0x00, 0x0C, 0x00, 0x00, 0x00, 0xED, 0x17, 0x70, 0x1C, 0x00,
	0x60, 0x9A, 0x00, 0x10, 0x00, 0x00, 0x00, 0x6C, 0x14, 0x5A, 0x19, 0x1E,
	0x1A, 0x00, 0x00, 0x00, 0x80, 0x9A, 0x00, 0x10, 0x00, 0x00, 0x00, 0xF2,
	0x14, 0x24, 0x16, 0x9A, 0x1F, 0x00, 0x00, 0x00, 0x90, 0x9A, 0x00, 0x0C,
	0x00, 0x00, 0x00, 0xFC, 0x19, 0x00, 0x00, 0x00, 0xA0, 0x9A, 0x00, 0x10,
	0x00, 0x00, 0x00, 0x23, 0x16, 0x45, 0x1B, 0x55, 0x1C, 0x00, 0x00, 0x00,
	0xB0, 0x9A, 0x00, 0x14, 0x00, 0x00, 0x00, 0x6F, 0x13, 0x9E, 0x13, 0x1E,
	0x17, 0xBA, 0x17, 0x39, 0x1E, 0x00, 0x00, 0x00, 0xD0, 0x9A, 0x00, 0x0C,
	0x00, 0x00, 0x00, 0x93, 0x19, 0x00, 0x00, 0x00, 0xE0, 0x9A, 0x00, 0x0C,
	0x00, 0x00, 0x00, 0x97, 0x13, 0x39, 0x14, 0x00, 0x30, 0x9B, 0x00, 0x0C,
	0x00, 0x00, 0x00, 0x33, 0x14, 0x00, 0x00, 0x00, 0x40, 0x9B, 0x00, 0x10,
	0x00, 0x00, 0x00, 0x3C, 0x13, 0x43, 0x14, 0x46, 0x18, 0xE6, 0x18, 0x00,
	0x80, 0x9B, 0x00, 0x0C, 0x00, 0x00, 0x00, 0x3E, 0x1F, 0x00, 0x00, 0x00,
	0x90, 0x9B, 0x00, 0x0C, 0x00, 0x00, 0x00, 0x5A, 0x16, 0x00, 0x00, 0x00,
	0xA0, 0x9B, 0x00, 0x0C, 0x00, 0x00, 0x00, 0xEF, 0x11, 0xC2, 0x17, 0x00,
	0xB0, 0x9B, 0x00, 0x10, 0x00, 0x00, 0x00, 0xFB, 0x13, 0xF4, 0x14, 0x7C,
	0x1F, 0x00, 0x00, 0x00, 0xC0, 0x9B, 0x00, 0x10, 0x00, 0x00, 0x00, 0x86,
	0x17, 0x8B, 0x1A, 0xA1, 0x1A, 0xAC, 0x1B, 0x00, 0xD0, 0x9B, 0x00, 0x0C,
	0x00, 0x00, 0x00, 0x2C, 0x17, 0x00, 0x00, 0x00, 0xE0, 0x9B, 0x00, 0x10,
	0x00, 0x00, 0x00, 0x93, 0x14, 0xA4, 0x14, 0x96, 0x15, 0xA4, 0x16, 0x00,
	0x00, 0x9C, 0x00, 0x0C, 0x00, 0x00, 0x00, 0xFF, 0x13, 0x11, 0x14, 0x00,
	0x10, 0x9C, 0x00, 0x0C, 0x00, 0x00, 0x00, 0x01, 0x11, 0x00, 0x00, 0x00,
	0x20, 0x9C, 0x00, 0x0C, 0x00, 0x00, 0x00, 0xE5, 0x1E, 0x00, 0x00, 0x00,
	0x70, 0x9C, 0x00, 0x0C, 0x00, 0x00, 0x00, 0xF5, 0x1D, 0x00, 0x00, 0x00,
	0x80, 0x9C, 0x00, 0x0C, 0x00, 0x00, 0x00, 0xE3, 0x11, 0x00, 0x00, 0x00,
	0x90, 0x9C, 0x00, 0x10, 0x00, 0x00, 0x00, 0x70, 0x12, 0x5F, 0x19, 0x3F,
	0x1D, 0x00, 0x00, 0x00, 0xA0, 0x9C, 0x00, 0x14, 0x00, 0x00, 0x00, 0x43,
	0x11, 0xDE, 0x12, 0x9A, 0x15, 0xDA, 0x18, 0x7D, 0x1B, 0xE6, 0x1C, 0x00,
	0xB0, 0x9C, 0x00, 0x0C, 0x00, 0x00, 0x00, 0x32, 0x19, 0xE2, 0x1B, 0x00,
	0xC0, 0x9C, 0x00, 0x0C, 0x00, 0x00, 0x00, 0xD7, 0x19, 0xA8, 0x1F, 0x00,
	0xD0, 0x9C, 0x00, 0x0C, 0x00, 0x00, 0x00, 0x68, 0x12, 0x48, 0x16, 0x00,
	0xE0, 0x9C, 0x00, 0x0C, 0x00, 0x00, 0x00, 0x3F, 0x16, 0x00, 0x00, 0x00,
	0x10, 0x9D, 0x00, 0x0C, 0x00, 0x00, 0x00, 0x7F, 0x15, 0x40, 0x18, 0x00,
	0x20, 0x9D, 0x00, 0x0C, 0x00, 0x00, 0x00, 0xE4, 0x1A, 0xCF, 0x1B, 0x00,
	0x30, 0x9D, 0x00, 0x10, 0x00, 0x00, 0x00, 0x20, 0x10, 0xB0, 0x13, 0x22,
	0x14, 0x00, 0x00, 0x00, 0x40, 0x9D, 0x00, 0x14, 0x00, 0x00, 0x00, 0x5C,
	0x11, 0xA3, 0x12, 0xA8, 0x14, 0xCC, 0x15, 0xB6, 0x1E, 0x00, 0x00, 0x00,
	0xB0, 0x9D, 0x00, 0x0C, 0x00, 0x00, 0x00, 0xF6, 0x17, 0x55, 0x1E, 0x00,
	0xC0, 0x9D, 0x00, 0x0C, 0x00, 0x00, 0x00, 0xC5, 0x1B, 0x00, 0x00, 0x00,
	0xE0, 0x9D, 0x00, 0x0C, 0x00, 0x00, 0x00, 0x80, 0x16, 0xF9, 0x1E, 0x00,
	0xF0, 0x9D, 0x00, 0x0C, 0x00, 0x00, 0x00, 0x66, 0x1B, 0x00, 0x00, 0x00,
	0x00, 0x9E, 0x00, 0x14, 0x00, 0x00, 0x00, 0x6A, 0x15, 0x7A, 0x1F, 0x8E,
	0x1F, 0xB8, 0x1F, 0xCC, 0x1F, 0x00, 0x00, 0x00, 0x10, 0x9E, 0x00, 0x0C,
	0x00, 0x00, 0x00, 0x90, 0x11, 0xC0, 0x11, 0x00, 0x20, 0x9E, 0x00, 0x0C,
	0x00, 0x00, 0x00, 0x54, 0x1E, 0xEF, 0x1F, 0x00, 0x40, 0x9E, 0x00, 0x10,
	0x00, 0x00, 0x00, 0x3A, 0x10, 0x0E, 0x14, 0xFE, 0x1F, 0x00, 0x00, 0x00,
	0x60, 0x9E, 0x00, 0x0C, 0x00, 0x00, 0x00, 0xD3, 0x10, 0x80, 0x1F, 0x00,
	0x70, 0x9E, 0x00, 0x10, 0x00, 0x00, 0x00, 0x18, 0x10, 0x14, 0x17, 0x1D,
	0x1D, 0x00, 0x00, 0x00, 0x80, 0x9E, 0x00, 0x0C, 0x00, 0x00, 0x00, 0x06,
	0x13, 0x24, 0x1F, 0x00, 0xA0, 0x9E, 0x00, 0x0C, 0x00, 0x00, 0x00, 0x6B,
	0x15, 0x90, 0x15, 0x00, 0xC0, 0x9E, 0x00, 0x0C, 0x00, 0x00, 0x00, 0xEA,
	0x19, 0x91, 0x1C, 0x00, 0xE0, 0x9E, 0x00, 0x0C, 0x00, 0x00, 0x00, 0x53,
	0x1D, 0x00, 0x00, 0x00, 0x00, 0x9F, 0x00, 0x0C, 0x00, 0x00, 0x00, 0x45,
	0x19, 0x6C, 0x1A, 0x00, 0x10, 0x9F, 0x00, 0x0C, 0x00, 0x00, 0x00, 0xD9,
	0x13, 0x00, 0x00, 0x00, 0x20, 0x9F, 0x00, 0x0C, 0x00, 0x00, 0x00, 0x28,
	0x11, 0x00, 0x00, 0x00, 0x30, 0x9F, 0x00, 0x0C, 0x00, 0x00, 0x00, 0x3E,
	0x19, 0x00, 0x00, 0x00, 0x40, 0x9F, 0x00, 0x0C, 0x00, 0x00, 0x00, 0x30,
	0x14, 0x00, 0x00, 0x00, 0x90, 0x9F, 0x00, 0x0C, 0x00, 0x00, 0x00, 0x0D,
	0x10, 0xB1, 0x1E, 0x00, 0xA0, 0x9F, 0x00, 0x10, 0x00, 0x00, 0x00, 0xE0,
	0x13, 0xA1, 0x15, 0x17, 0x17, 0x00, 0x00, 0x00, 0x00, 0xA0, 0x00, 0x0C,
	0x00, 0x00, 0x00, 0xCE, 0x1B, 0x00, 0x00, 0x00, 0x10, 0xA0, 0x00, 0x0C,
	0x00, 0x00, 0x00, 0xD6, 0x15, 0xEF, 0x17, 0x00, 0x30, 0xA0, 0x00, 0x0C,
	0x00, 0x00, 0x00, 0xE6, 0x18, 0x00, 0x00, 0x00, 0x40, 0xA0, 0x00, 0x0C,
	0x00, 0x00, 0x00, 0x94, 0x14, 0xDD, 0x1C, 0x00, 0x80, 0xA0, 0x00, 0x0C,
	0x00, 0x00, 0x00, 0x9B, 0x14, 0x0C, 0x18, 0x00, 0x90, 0xA0, 0x00, 0x0C,
	0x00, 0x00, 0x00, 0x07, 0x1D, 0x31, 0x1F, 0x00, 0xA0, 0xA0, 0x00, 0x10,
	0x00, 0x00, 0x00, 0xCA, 0x15, 0xD1, 0x1B, 0xA1, 0x1C, 0x00, 0x00, 0x00,
	0xB0, 0xA0, 0x00, 0x0C, 0x00, 0x00, 0x00, 0xDD, 0x12, 0xAE, 0x1A, 0x00,
	0xC0, 0xA0, 0x00, 0x10, 0x00, 0x00, 0x00, 0x3B, 0x11, 0xB7, 0x13, 0x74,
	0x1D, 0x00, 0x00, 0x00, 0xD0, 0xA0, 0x00, 0x10, 0x00, 0x00, 0x00, 0xCC,
	0x14, 0xF5, 0x16, 0xDE, 0x17, 0x45, 0x1B, 0x00, 0x20, 0xA1, 0x00, 0x0C,
	0x00, 0x00, 0x00, 0x06, 0x11, 0xE3, 0x15, 0x00, 0x40, 0xA1, 0x00, 0x0C,
	0x00, 0x00, 0x00, 0xD8, 0x1C, 0x00, 0x00, 0x00, 0x80, 0xA1, 0x00, 0x0C,
	0x00, 0x00, 0x00, 0xE6, 0x1F, 0x00, 0x00, 0x00, 0x90, 0xA1, 0x00, 0x10,
	0x00, 0x00, 0x00, 0x94, 0x16, 0xBF, 0x18, 0xF1, 0x19, 0x62, 0x1D, 0x00,
	0xA0, 0xA1, 0x00, 0x0C, 0x00, 0x00, 0x00, 0xCD, 0x19, 0x00, 0x00, 0x00,
	0xC0, 0xA1, 0x00, 0x14, 0x00, 0x00, 0x00, 0xB3, 0x16, 0x63, 0x17, 0x23,
	0x18, 0x48, 0x19, 0xEF, 0x1C, 0x00, 0x00, 0x00, 0xE0, 0xA1, 0x00, 0x0C,
	0x00, 0x00, 0x00, 0x76, 0x18, 0x00, 0x00, 0x00, 0xF0, 0xA1, 0x00, 0x0C,
	0x00, 0x00, 0x00, 0xE1, 0x13, 0x4A, 0x18, 0x00, 0x00, 0xA2, 0x00, 0x10,
	0x00, 0x00, 0x00, 0x2D, 0x1B, 0x3B, 0x1B, 0x49, 0x1B, 0xD1, 0x1C, 0x00,
	0x10, 0xA2, 0x00, 0x0C, 0x00, 0x00, 0x00, 0xAA, 0x12, 0x00, 0x00, 0x00,
	0x20, 0xA2, 0x00, 0x10, 0x00, 0x00, 0x00, 0x10, 0x14, 0x42, 0x14, 0x54,
	0x14, 0x00, 0x00, 0x00, 0x30, 0xA2, 0x00, 0x14, 0x00, 0x00, 0x00, 0x57,
	0x11, 0xEA, 0x1D, 0xFC, 0x1D, 0x22, 0x1E, 0x37, 0x1E, 0x00, 0x00, 0x00,
	0x40, 0xA2, 0x00, 0x0C, 0x00, 0x00, 0x00, 0x29, 0x19, 0x00, 0x00, 0x00,
	0x60, 0xA2, 0x00, 0x0C, 0x00, 0x00, 0x00, 0xCE, 0x1E, 0xDF, 0x1E, 0x00,
	0x70, 0xA2, 0x00, 0x10, 0x00, 0x00, 0x00, 0x1A, 0x12, 0x2A, 0x12, 0x56,
	0x1A, 0xAB, 0x1F, 0x00, 0x90, 0xA2, 0x00, 0x0C, 0x00, 0x00, 0x00, 0xBF,
	0x11, 0x00, 0x00, 0x00, 0xA0, 0xA2, 0x00, 0x0C, 0x00, 0x00, 0x00, 0xF6,
	0x10, 0x0E, 0x1D, 0x00, 0xB0, 0xA2, 0x00, 0x0C, 0x00, 0x00, 0x00, 0x98,
	0x11, 0x00, 0x00, 0x00, 0xC0, 0xA2, 0x00, 0x0C, 0x00, 0x00, 0x00, 0x2D,
	0x18, 0x00, 0x00, 0x00, 0xD0, 0xA2, 0x00, 0x10, 0x00, 0x00, 0x00, 0xA5,
	0x14, 0xB5, 0x14, 0x17, 0x18, 0x00, 0x00, 0x00, 0xE0, 0xA2, 0x00, 0x10,
	0x00, 0x00, 0x00, 0x35, 0x11, 0x8B, 0x16, 0x3A, 0x1D, 0x00, 0x00, 0x00,
	0xF0, 0xA2, 0x00, 0x0C, 0x00, 0x00, 0x00, 0x28, 0x13, 0x56, 0x15, 0x00,
	0x00, 0xA3, 0x00, 0x0C, 0x00, 0x00, 0x00, 0xF9, 0x1C, 0x00, 0x00, 0x00,
	0x10, 0xA3, 0x00, 0x0C, 0x00, 0x00, 0x00, 0xBB, 0x19, 0x00, 0x00, 0x00,
	0x20, 0xA3, 0x00, 0x0C, 0x00, 0x00, 0x00, 0x6F, 0x1D, 0x00, 0x00, 0x00,
	0x30, 0xA3, 0x00, 0x0C, 0x00, 0x00, 0x00, 0xF0, 0x16, 0x00, 0x00, 0x00,
	0x60, 0xA3, 0x00, 0x10, 0x00, 0x00, 0x00, 0x0C, 0x18, 0xFE, 0x18, 0x21,
	0x1A, 0x00, 0x00, 0x00, 0x70, 0xA3, 0x00, 0x10, 0x00, 0x00, 0x00, 0x6C,
	0x13, 0xC1, 0x16, 0xAD, 0x1C, 0x00, 0x00, 0x00, 0x90, 0xA3, 0x00, 0x0C,
	0x00, 0x00, 0x00, 0x7C, 0x1E, 0x00, 0x00, 0x00, 0xB0, 0xA3, 0x00, 0x10,
	0x00, 0x00, 0x00, 0x51, 0x10, 0x85, 0x11, 0xC7, 0x11, 0x00, 0x00, 0x00,
	0xC0, 0xA3, 0x00, 0x0C, 0x00, 0x00, 0x00, 0x83, 0x13, 0x00, 0x00, 0x00,
	0xD0, 0xA3, 0x00, 0x0C, 0x00, 0x00, 0x00, 0x90, 0x1E, 0x00, 0x00, 0x00,
	0xE0, 0xA3, 0x00, 0x0C, 0x00, 0x00, 0x00, 0x76, 0x18, 0xA5, 0x18, 0x00,
	0xF0, 0xA3, 0x00, 0x10, 0x00, 0x00, 0x00, 0xFB, 0x1C, 0x09, 0x1D, 0x31,
	0x1D, 0x56, 0x1D, 0x00, 0x20, 0xA4, 0x00, 0x10, 0x00, 0x00, 0x00, 0x1A,
	0x15, 0x31, 0x1C, 0x7E, 0x1E, 0xC4, 0x1E, 0x00, 0x30, 0xA4, 0x00, 0x0C,
	0x00, 0x00, 0x00, 0x46, 0x1A, 0x00, 0x00, 0x00, 0x40, 0xA4, 0x00, 0x14,
	0x00, 0x00, 0x00, 0x1F, 0x1A, 0x4B, 0x1A, 0x9B, 0x1B, 0xAC, 0x1B, 0xC2,
	0x1B, 0x04, 0x1E, 0x00, 0x60, 0xA4, 0x00, 0x0C, 0x00, 0x00, 0x00, 0xE6,
	0x1E, 0x00, 0x00, 0x00, 0x70, 0xA4, 0x00, 0x0C, 0x00, 0x00, 0x00, 0x12,
	0x19, 0x00, 0x00, 0x00, 0x80, 0xA4, 0x00, 0x10, 0x00, 0x00, 0x00, 0x34,
	0x11, 0x64, 0x11, 0xA6, 0x11, 0x7C, 0x1A, 0x00, 0x90, 0xA4, 0x00, 0x0C,
	0x00, 0x00, 0x00, 0xDF, 0x15, 0x00, 0x00, 0x00, 0xA0, 0xA4, 0x00, 0x0C,
	0x00, 0x00, 0x00, 0xDB, 0x1F, 0x00, 0x00, 0x00, 0xB0, 0xA4, 0x00, 0x0C,
	0x00, 0x00, 0x00, 0xF6, 0x13, 0x00, 0x00, 0x00, 0xD0, 0xA4, 0x00, 0x14,
	0x00, 0x00, 0x00, 0x87, 0x10, 0x98, 0x10, 0xBB, 0x11, 0xA8, 0x14, 0x1C,
	0x19, 0x00, 0x00, 0x00, 0xE0, 0xA4, 0x00, 0x0C, 0x00, 0x00, 0x00, 0xE4,
	0x1C, 0x00, 0x00, 0x00, 0xF0, 0xA4, 0x00, 0x0C, 0x00, 0x00, 0x00, 0x69,
	0x12, 0x58, 0x1B, 0x00, 0x00, 0xA5, 0x00, 0x0C, 0x00, 0x00, 0x00, 0x97,
	0x11, 0xB8, 0x1F, 0x00, 0x10, 0xA5, 0x00, 0x0C, 0x00, 0x00, 0x00, 0xF9,
	0x16, 0x00, 0x00, 0x00, 0x20, 0xA5, 0x00, 0x0C, 0x00, 0x00, 0x00, 0x58,
	0x1C, 0x00, 0x00, 0x00, 0x40, 0xA5, 0x00, 0x14, 0x00, 0x00, 0x00, 0xF0,
	0x14, 0xD0, 0x15, 0x13, 0x17, 0x34, 0x17, 0xA1, 0x1C, 0x00, 0x00, 0x00,
	0x50, 0xA5, 0x00, 0x0C, 0x00, 0x00, 0x00, 0x88, 0x12, 0x98, 0x12, 0x00,
	0x60, 0xA5, 0x00, 0x0C, 0x00, 0x00, 0x00, 0xF7, 0x1B, 0x00, 0x00, 0x00,
	0x70, 0xA5, 0x00, 0x0C, 0x00, 0x00, 0x00, 0xF1, 0x18, 0x31, 0x19, 0x00,
	0x80, 0xA5, 0x00, 0x10, 0x00, 0x00, 0x00, 0x11, 0x13, 0x42, 0x15, 0x80,
	0x1D, 0x00, 0x00, 0x00, 0xA0, 0xA5, 0x00, 0x10, 0x00, 0x00, 0x00, 0x3A,
	0x16, 0xCC, 0x1B, 0xDD, 0x1B, 0x73, 0x1C, 0x00, 0xC0, 0xA5, 0x00, 0x10,
	0x00, 0x00, 0x00, 0x31, 0x10, 0x07, 0x1D, 0xEA, 0x1D, 0x00, 0x00, 0x00,
	0xD0, 0xA5, 0x00, 0x0C, 0x00, 0x00, 0x00, 0x32, 0x11, 0x00, 0x00, 0x00,
	0xE0, 0xA5, 0x00, 0x10, 0x00, 0x00, 0x00, 0xF6, 0x1B, 0x08, 0x1C, 0xA5,
	0x1E, 0x00, 0x00, 0x00, 0x10, 0xA6, 0x00, 0x10, 0x00, 0x00, 0x00, 0x8A,
	0x12, 0x43, 0x13, 0x71, 0x15, 0x00, 0x00, 0x00, 0x30, 0xA6, 0x00, 0x0C,
	0x00, 0x00, 0x00, 0xDF, 0x13, 0x00, 0x00, 0x00, 0x50, 0xA6, 0x00, 0x0C,
	0x00, 0x00, 0x00, 0x2C, 0x15, 0x29, 0x1B, 0x00, 0x60, 0xA6, 0x00, 0x14,
	0x00, 0x00, 0x00, 0x56, 0x11, 0xFF, 0x16, 0x18, 0x17, 0x2E, 0x17, 0x82,
	0x17, 0x00, 0x00, 0x00, 0x70, 0xA6, 0x00, 0x10, 0x00, 0x00, 0x00, 0x0A,
	0x10, 0x14, 0x12, 0x6C, 0x12, 0x00, 0x00, 0x00, 0x80, 0xA6, 0x00, 0x0C,
	0x00, 0x00, 0x00, 0x5A, 0x1C, 0x00, 0x00, 0x00, 0xA0, 0xA6, 0x00, 0x0C,
	0x00, 0x00, 0x00, 0xF6, 0x14, 0x00, 0x00, 0x00, 0xB0, 0xA6, 0x00, 0x0C,
	0x00, 0x00, 0x00, 0x81, 0x16, 0x00, 0x00, 0x00, 0xC0, 0xA6, 0x00, 0x10,
	0x00, 0x00, 0x00, 0xCE, 0x1D, 0x42, 0x1E, 0xD6, 0x1E, 0x00, 0x00, 0x00,
	0xE0, 0xA6, 0x00, 0x0C, 0x00, 0x00, 0x00, 0x43, 0x14, 0x00, 0x00, 0x00,
	0xF0, 0xA6, 0x00, 0x10, 0x00, 0x00, 0x00, 0x26, 0x17, 0x8A, 0x1A, 0x28,
	0x1B, 0x00, 0x00, 0x00, 0x00, 0xA7, 0x00, 0x0C, 0x00, 0x00, 0x00, 0x2A,
	0x16, 0x00, 0x00, 0x00, 0x10, 0xA7, 0x00, 0x0C, 0x00, 0x00, 0x00, 0xD7,
	0x14, 0x8B, 0x17, 0x00, 0x20, 0xA7, 0x00, 0x0C, 0x00, 0x00, 0x00, 0x1F,
	0x13, 0x3D, 0x18, 0x00, 0x30, 0xA7, 0x00, 0x0C, 0x00, 0x00, 0x00, 0x6D,
	0x1D, 0x00, 0x00, 0x00, 0x40, 0xA7, 0x00, 0x0C, 0x00, 0x00, 0x00, 0x0E,
	0x11, 0x00, 0x00, 0x00, 0x50, 0xA7, 0x00, 0x10, 0x00, 0x00, 0x00, 0xA9,
	0x15, 0xB8, 0x15, 0x4C, 0x1F, 0x00, 0x00, 0x00, 0x60, 0xA7, 0x00, 0x0C,
	0x00, 0x00, 0x00, 0x94, 0x16, 0xBC, 0x1A, 0x00, 0x70, 0xA7, 0x00, 0x0C,
	0x00, 0x00, 0x00, 0xDF, 0x1A, 0x00, 0x00, 0x00, 0x90, 0xA7, 0x00, 0x0C,
	0x00, 0x00, 0x00, 0x3F, 0x16, 0x51, 0x16, 0x00, 0xA0, 0xA7, 0x00, 0x10,
	0x00, 0x00, 0x00, 0xD6, 0x12, 0x48, 0x13, 0x05, 0x14, 0x00, 0x00, 0x00,
	0xB0, 0xA7, 0x00, 0x0C, 0x00, 0x00, 0x00, 0x3A, 0x14, 0x3E, 0x15, 0x00,
	0xC0, 0xA7, 0x00, 0x0C, 0x00, 0x00, 0x00, 0x5F, 0x16, 0x80, 0x16, 0x00,
	0xD0, 0xA7, 0x00, 0x0C, 0x00, 0x00, 0x00, 0x0C, 0x14, 0x00, 0x00, 0x00,
	0xF0, 0xA7, 0x00, 0x0C, 0x00, 0x00, 0x00, 0x8B, 0x16, 0x00, 0x00, 0x00,
	0x00, 0xA8, 0x00, 0x10, 0x00, 0x00, 0x00, 0x08, 0x16, 0x18, 0x16, 0x69,
	0x17, 0x47, 0x18, 0x00, 0x10, 0xA8, 0x00, 0x10, 0x00, 0x00, 0x00, 0x38,
	0x10, 0x2C, 0x11, 0x3E, 0x11, 0xC1, 0x16, 0x00, 0x20, 0xA8, 0x00, 0x0C,
	0x00, 0x00, 0x00, 0xC9, 0x12, 0xB1, 0x18, 0x00, 0x30, 0xA8, 0x00, 0x0C,
	0x00, 0x00, 0x00, 0xEF, 0x16, 0x00, 0x00, 0x00, 0x40, 0xA8, 0x00, 0x0C,
	0x00, 0x00, 0x00, 0x15, 0x1B, 0x00, 0x00, 0x00, 0x60, 0xA8, 0x00, 0x0C,
	0x00, 0x00, 0x00, 0x45, 0x10, 0x00, 0x00, 0x00, 0x70, 0xA8, 0x00, 0x0C,
	0x00, 0x00, 0x00, 0xCD, 0x18, 0x00, 0x00, 0x00, 0x80, 0xA8, 0x00, 0x10,
	0x00, 0x00, 0x00, 0x01, 0x10, 0x8C, 0x14, 0x8A, 0x15, 0x00, 0x00, 0x00,
	0x90, 0xA8, 0x00, 0x0C, 0x00, 0x00, 0x00, 0xFF, 0x18, 0x6E, 0x1C, 0x00,
	0xA0, 0xA8, 0x00, 0x10, 0x00, 0x00, 0x00, 0x2E, 0x10, 0x88, 0x15, 0xA8,
	0x17, 0x00, 0x00, 0x00, 0xB0, 0xA8, 0x00, 0x0C, 0x00, 0x00, 0x00, 0xFB,
	0x11, 0xF4, 0x13, 0x00, 0xD0, 0xA8, 0x00, 0x30, 0x00, 0x00, 0x00, 0x76,
	0x11, 0x87, 0x11, 0x96, 0x11, 0xA7, 0x11, 0xB8, 0x11, 0xC9, 0x11, 0xEB,
	0x11, 0x0D, 0x12, 0x2F, 0x12, 0x4B, 0x12, 0x6D, 0x12, 0x8F, 0x12, 0xB4,
	0x12, 0xDA, 0x12, 0x00, 0x13, 0x22, 0x13, 0x46, 0x13, 0x6C, 0x13, 0x35,
	0x19, 0x00, 0x00, 0x00, 0xF0, 0xA8, 0x00, 0x0C, 0x00, 0x00, 0x00, 0x61,
	0x19, 0x00, 0x00, 0x00, 0x00, 0xA9, 0x00, 0x0C, 0x00, 0x00, 0x00, 0x54,
	0x12, 0xA9, 0x1F, 0x00, 0x10, 0xA9, 0x00, 0x14, 0x00, 0x00, 0x00, 0x65,
	0x19, 0xA6, 0x1C, 0xC5, 0x1C, 0xA3, 0x1D, 0x67, 0x1F, 0x00, 0x00, 0x00,
	0x40, 0xA9, 0x00, 0x10, 0x00, 0x00, 0x00, 0x8B, 0x1E, 0x33, 0x1F, 0xE2,
	0x1F, 0x00, 0x00, 0x00, 0x50, 0xA9, 0x00, 0x14, 0x00, 0x00, 0x00, 0x25,
	0x10, 0x0B, 0x11, 0x7F, 0x11, 0xEF, 0x12, 0x07, 0x19, 0x00, 0x00, 0x00,
	0x70, 0xA9, 0x00, 0x0C, 0x00, 0x00, 0x00, 0xCE, 0x16, 0x00, 0x00, 0x00,
	0x90, 0xA9, 0x00, 0x14, 0x00, 0x00, 0x00, 0x0D, 0x11, 0xF3, 0x12, 0x36,
	0x14, 0xE8, 0x14, 0xA3, 0x1A, 0x26, 0x1C, 0x00, 0xA0, 0xA9, 0x00, 0x0C,
	0x00, 0x00, 0x00, 0x49, 0x19, 0x00, 0x00, 0x00, 0xB0, 0xA9, 0x00, 0x10,
	0x00, 0x00, 0x00, 0xCF, 0x12, 0x01, 0x1D, 0xFC, 0x1D, 0x0C, 0x1E, 0x00,
	0xC0, 0xA9, 0x00, 0x0C, 0x00, 0x00, 0x00, 0xF1, 0x1C, 0x00, 0x00, 0x00,
	0xD0, 0xA9, 0x00, 0x10, 0x00, 0x00, 0x00, 0xA2, 0x11, 0x1E, 0x1B, 0x01,
	0x1E, 0x00, 0x00, 0x00, 0xE0, 0xA9, 0x00, 0x0C, 0x00, 0x00, 0x00, 0xDB,
	0x17, 0x00, 0x00, 0x00, 0xF0, 0xA9, 0x00, 0x0C, 0x00, 0x00, 0x00, 0x5E,
	0x17, 0x00, 0x00, 0x00, 0x00, 0xAA, 0x00, 0x10, 0x00, 0x00, 0x00, 0x77,
	0x15, 0xED, 0x1A, 0xFF, 0x1A, 0x00, 0x00, 0x00, 0x10, 0xAA, 0x00, 0x0C,
	0x00, 0x00, 0x00, 0x2C, 0x19, 0xE2, 0x1E, 0x00, 0x20, 0xAA, 0x00, 0x0C,
	0x00, 0x00, 0x00, 0x4B, 0x11, 0x49, 0x17, 0x00, 0x40, 0xAA, 0x00, 0x0C,
	0x00, 0x00, 0x00, 0xF4, 0x13, 0x00, 0x00, 0x00, 0x50, 0xAA, 0x00, 0x10,
	0x00, 0x00, 0x00, 0xC2, 0x11, 0xD3, 0x11, 0x77, 0x1D, 0x00, 0x00, 0x00,
	0x70, 0xAA, 0x00, 0x10, 0x00, 0x00, 0x00, 0x24, 0x15, 0x0F, 0x1C, 0xA6,
	0x1D, 0x00, 0x00, 0x00, 0x90, 0xAA, 0x00, 0x0C, 0x00, 0x00, 0x00, 0xD6,
	0x14, 0xF7, 0x1F, 0x00, 0xB0, 0xAA, 0x00, 0x0C, 0x00, 0x00, 0x00, 0x97,
	0x15, 0x00, 0x00, 0x00, 0xC0, 0xAA, 0x00, 0x10, 0x00, 0x00, 0x00, 0xB6,
	0x13, 0x49, 0x19, 0xE5, 0x1A, 0x11, 0x1C, 0x00, 0xD0, 0xAA, 0x00, 0x0C,
	0x00, 0x00, 0x00, 0x9F, 0x10, 0x00, 0x00, 0x00, 0xE0, 0xAA, 0x00, 0x0C,
	0x00, 0x00, 0x00, 0xDC, 0x19, 0x00, 0x00, 0x00, 0xF0, 0xAA, 0x00, 0x0C,
	0x00, 0x00, 0x00, 0xEA, 0x10, 0x1D, 0x11, 0x00, 0x00, 0xAB, 0x00, 0x0C,
	0x00, 0x00, 0x00, 0xF4, 0x1D, 0x00, 0x00, 0x00, 0x10, 0xAB, 0x00, 0x0C,
	0x00, 0x00, 0x00, 0x9D, 0x11, 0x3F, 0x18, 0x00, 0x20, 0xAB, 0x00, 0x0C,
	0x00, 0x00, 0x00, 0xB3, 0x10, 0xD6, 0x15, 0x00, 0x30, 0xAB, 0x00, 0x0C,
	0x00, 0x00, 0x00, 0x0C, 0x1F, 0x00, 0x00, 0x00, 0x40, 0xAB, 0x00, 0x0C,
	0x00, 0x00, 0x00, 0x7B, 0x12, 0x00, 0x00, 0x00, 0x50, 0xAB, 0x00, 0x0C,
	0x00, 0x00, 0x00, 0x15, 0x19, 0x99, 0x1F, 0x00, 0x60, 0xAB, 0x00, 0x0C,
	0x00, 0x00, 0x00, 0xDB, 0x1D, 0x00, 0x00, 0x00, 0x70, 0xAB, 0x00, 0x0C,
	0x00, 0x00, 0x00, 0x74, 0x10, 0x00, 0x00, 0x00, 0x80, 0xAB, 0x00, 0x10,
	0x00, 0x00, 0x00, 0x98, 0x14, 0x76, 0x15, 0x45, 0x1A, 0x64, 0x1E, 0x00,
	0x90, 0xAB, 0x00, 0x0C, 0x00, 0x00, 0x00, 0xE5, 0x1B, 0x00, 0x00, 0x00,
	0xA0, 0xAB, 0x00, 0x10, 0x00, 0x00, 0x00, 0x88, 0x1C, 0x9B, 0x1C, 0x02,
	0x1D, 0x00, 0x00, 0x00, 0xB0, 0xAB, 0x00, 0x10, 0x00, 0x00, 0x00, 0xA8,
	0x10, 0xDE, 0x1C, 0xAD, 0x1E, 0x00, 0x00, 0x00, 0xC0, 0xAB, 0x00, 0x0C,
	0x00, 0x00, 0x00, 0x30, 0x11, 0x03, 0x13, 0x00, 0xE0, 0xAB, 0x00, 0x0C,
	0x00, 0x00, 0x00, 0x94, 0x1E, 0x00, 0x00, 0x00, 0xF0, 0xAB, 0x00, 0x0C,
	0x00, 0x00, 0x00, 0x3B, 0x19, 0x00, 0x00, 0x00, 0x00, 0xAC, 0x00, 0x14,
	0x00, 0x00, 0x00, 0xA4, 0x13, 0x2D, 0x14, 0x10, 0x19, 0xEA, 0x1C, 0x27,
	0x1F, 0x00, 0x00, 0x00, 0x10, 0xAC, 0x00, 0x14, 0x00, 0x00, 0x00, 0xA9,
	0x10, 0x58, 0x11, 0xCA, 0x12, 0x7A, 0x13, 0x8E, 0x14, 0xB8, 0x1E, 0x00,
	0x40, 0xAC, 0x00, 0x0C, 0x00, 0x00, 0x00, 0xBD, 0x14, 0x00, 0x00, 0x00,
	0x50, 0xAC, 0x00, 0x0C, 0x00, 0x00, 0x00, 0x9A, 0x12, 0xBA, 0x12, 0x00,
	0x70, 0xAC, 0x00, 0x0C, 0x00, 0x00, 0x00, 0x8A, 0x18, 0x00, 0x00, 0x00,
	0x80, 0xAC, 0x00, 0x1C, 0x00, 0x00, 0x00, 0xA2, 0x12, 0x69, 0x13, 0xDC,
	0x13, 0x15, 0x17, 0xEF, 0x18, 0xF9, 0x1A, 0x0E, 0x1B, 0xC2, 0x1B, 0xD8,
	0x1B, 0x00, 0x00, 0x00, 0x90, 0xAC, 0x00, 0x10, 0x00, 0x00, 0x00, 0x40,
	0x19, 0x81, 0x19, 0x11, 0x1A, 0xE1, 0x1A, 0x00, 0xA0, 0xAC, 0x00, 0x1C,
	0x00, 0x00, 0x00, 0xBF, 0x14, 0x4D, 0x1C, 0x73, 0x1C, 0xF3, 0x1C, 0x26,
	0x1D, 0x45, 0x1D, 0x58, 0x1D, 0x6B, 0x1D, 0xA3, 0x1D, 0x24, 0x1E, 0x00,
	0xB0, 0xAC, 0x00, 0x0C, 0x00, 0x00, 0x00, 0xE2, 0x17, 0x00, 0x00, 0x00,
	0xC0, 0xAC, 0x00, 0x18, 0x00, 0x00, 0x00, 0x84, 0x11, 0x6D, 0x16, 0x87,
	0x17, 0xBC, 0x17, 0xF2, 0x17, 0x36, 0x18, 0xED, 0x1D, 0x2B, 0x1E, 0x00,
	0xD0, 0xAC, 0x00, 0x0C, 0x00, 0x00, 0x00, 0xE2, 0x10, 0xD8, 0x17, 0x00,
	0xE0, 0xAC, 0x00, 0x0C, 0x00, 0x00, 0x00, 0x3E, 0x17, 0x00, 0x00, 0x00,
	0x50, 0xAD, 0x00, 0x10, 0x00, 0x00, 0x00, 0xD3, 0x10, 0xA7, 0x16, 0x93,
	0x17, 0x00, 0x00, 0x00, 0x60, 0xAD, 0x00, 0x0C, 0x00, 0x00, 0x00, 0xBB,
	0x14, 0xCF, 0x14, 0x00, 0x70, 0xAD, 0x00, 0x0C, 0x00, 0x00, 0x00, 0xE3,
	0x15, 0x00, 0x00, 0x00, 0x80, 0xAD, 0x00, 0x10, 0x00, 0x00, 0x00, 0xAF,
	0x14, 0xDE, 0x18, 0x89, 0x19, 0x00, 0x00, 0x00, 0xA0, 0xAD, 0x00, 0x0C,
	0x00, 0x00, 0x00, 0xE7, 0x1A, 0x26, 0x1B, 0x00, 0xC0, 0xAD, 0x00, 0x0C,
	0x00, 0x00, 0x00, 0x3B, 0x13, 0x00, 0x00, 0x00, 0xD0, 0xAD, 0x00, 0x0C,
	0x00, 0x00, 0x00, 0x4F, 0x18, 0x00, 0x00, 0x00, 0xF0, 0xAD, 0x00, 0x0C,
	0x00, 0x00, 0x00, 0x2A, 0x1D, 0x00, 0x00, 0x00, 0x00, 0xAE, 0x00, 0x0C,
	0x00, 0x00, 0x00, 0xD4, 0x1E, 0x00, 0x00, 0x00, 0x10, 0xAE, 0x00, 0x0C,
	0x00, 0x00, 0x00, 0xDD, 0x15, 0x22, 0x1E, 0x00, 0x50, 0xAE, 0x00, 0x10,
	0x00, 0x00, 0x00, 0xBA, 0x10, 0x86, 0x12, 0xE2, 0x12, 0x00, 0x00, 0x00,
	0x80, 0xAE, 0x00, 0x0C, 0x00, 0x00, 0x00, 0x5C, 0x12, 0x00, 0x00, 0x00,
	0x90, 0xAE, 0x00, 0x0C, 0x00, 0x00, 0x00, 0xE6, 0x16, 0x00, 0x00, 0x00,
	0xA0, 0xAE, 0x00, 0x0C, 0x00, 0x00, 0x00, 0x23, 0x12, 0x35, 0x12, 0x00,
	0x70, 0xB0, 0x00, 0x0C, 0x00, 0x00, 0x00, 0x90, 0x1D, 0x00, 0x00, 0x00,
	0xD0, 0xB0, 0x00, 0x0C, 0x00, 0x00, 0x00, 0xE8, 0x16, 0x00, 0x00, 0x00,
	0xE0, 0xB0, 0x00, 0x0C, 0x00, 0x00, 0x00, 0x9E, 0x18, 0x00, 0x00, 0x00,
	0x30, 0xB1, 0x00, 0x0C, 0x00, 0x00, 0x00, 0x46, 0x12, 0x00, 0x00, 0x00,
	0x40, 0xB1, 0x00, 0x0C, 0x00, 0x00, 0x00, 0x45, 0x15, 0x00, 0x00, 0x00,
	0x60, 0xB1, 0x00, 0x0C, 0x00, 0x00, 0x00, 0x4F, 0x19, 0x00, 0x00, 0x00,
	0x70, 0xB1, 0x00, 0x10, 0x00, 0x00, 0x00, 0x5D, 0x1C, 0x39, 0x1F, 0x56,
	0x1F, 0x00, 0x00, 0x00, 0x80, 0xB1, 0x00, 0x10, 0x00, 0x00, 0x00, 0x9B,
	0x11, 0xDB, 0x11, 0x93, 0x12, 0xDD, 0x12, 0x00, 0xB0, 0xB1, 0x00, 0x14,
	0x00, 0x00, 0x00, 0x61, 0x17, 0x69, 0x19, 0x67, 0x1A, 0x5E, 0x1C, 0x49,
	0x1D, 0x00, 0x00, 0x00, 0xC0, 0xB1, 0x00, 0x0C, 0x00, 0x00, 0x00, 0x76,
	0x10, 0x00, 0x00, 0x00, 0x30, 0xB2, 0x00, 0x0C, 0x00, 0x00, 0x00, 0x49,
	0x13, 0xBE, 0x15, 0x00, 0x40, 0xB2, 0x00, 0x0C, 0x00, 0x00, 0x00, 0xD9,
	0x18, 0x00, 0x00, 0x00, 0x60, 0xB2, 0x00, 0x0C, 0x00, 0x00, 0x00, 0xFC,
	0x18, 0x00, 0x00, 0x00, 0xA0, 0xB2, 0x00, 0x0C, 0x00, 0x00, 0x00, 0x77,
	0x1F, 0x00, 0x00, 0x00, 0xC0, 0xB2, 0x00, 0x10, 0x00, 0x00, 0x00, 0x89,
	0x13, 0x1B, 0x17, 0x87, 0x1A, 0x39, 0x1D, 0x00, 0xD0, 0xB2, 0x00, 0x0C,
	0x00, 0x00, 0x00, 0x02, 0x13, 0x9A, 0x1E, 0x00, 0xE0, 0xB2, 0x00, 0x10,
	0x00, 0x00, 0x00, 0xB6, 0x19, 0x5B, 0x1A, 0x65, 0x1C, 0x00, 0x00, 0x00,
	0x00, 0xB3, 0x00, 0x0C, 0x00, 0x00, 0x00, 0x96, 0x16, 0x00, 0x00, 0x00,
	0x30, 0xB3, 0x00, 0x0C, 0x00, 0x00, 0x00, 0x91, 0x1F, 0x00, 0x00, 0x00,
	0x50, 0xB3, 0x00, 0x0C, 0x00, 0x00, 0x00, 0x74, 0x19, 0x00, 0x00, 0x00,
	0x60, 0xB3, 0x00, 0x10, 0x00, 0x00, 0x00, 0x4E, 0x1D, 0xD5, 0x1D, 0x71,
	0x1E, 0x00, 0x00, 0x00, 0x90, 0xB3, 0x00, 0x0C, 0x00, 0x00, 0x00, 0xC7,
	0x18, 0x00, 0x00, 0x00, 0xC0, 0xB4, 0x00, 0x0C, 0x00, 0x00, 0x00, 0xC6,
	0x10, 0x62, 0x1E, 0x00, 0xD0, 0xB4, 0x00, 0x0C, 0x00, 0x00, 0x00, 0x8D,
	0x1D, 0x9E, 0x1E, 0x00, 0xF0, 0xB4, 0x00, 0x18, 0x00, 0x00, 0x00, 0x8B,
	0x17, 0x3E, 0x18, 0xF3, 0x19, 0x83, 0x1B, 0xC9, 0x1D, 0xED, 0x1D, 0xFB,
	0x1D, 0x00, 0x00, 0x00, 0x10, 0xB5, 0x00, 0x14, 0x00, 0x00, 0x00, 0x6F,
	0x16, 0x53, 0x17, 0x41, 0x18, 0x51, 0x18, 0x2F, 0x1A, 0x00, 0x00, 0x00,
	0x20, 0xB5, 0x00, 0x14, 0x00, 0x00, 0x00, 0x6C, 0x11, 0xB7, 0x11, 0xFB,
	0x11, 0x91, 0x12, 0xCC, 0x1E, 0x26, 0x1F, 0x00, 0x30, 0xB5, 0x00, 0x1C,
	0x00, 0x00, 0x00, 0x5A, 0x11, 0x80, 0x12, 0xAF, 0x13, 0x82, 0x15, 0xD0,
	0x15, 0x6E, 0x18, 0xBC, 0x18, 0x74, 0x1C, 0x54, 0x1E, 0x2B, 0x1F, 0x00,
	0x40, 0xB5, 0x00, 0x0C, 0x00, 0x00, 0x00, 0x95, 0x14, 0x87, 0x15, 0x00,
	0x50, 0xB5, 0x00, 0x0C, 0x00, 0x00, 0x00, 0x24, 0x16, 0x08, 0x1C, 0x00,
	0x60, 0xB5, 0x00, 0x20, 0x00, 0x00, 0x00, 0x1E, 0x11, 0x83, 0x1A, 0xA8,
	0x1A, 0xCD, 0x1A, 0xF2, 0x1A, 0x32, 0x1B, 0x4A, 0x1B, 0x6C, 0x1B, 0x8E,
	0x1B, 0xB0, 0x1B, 0xD2, 0x1B, 0x99, 0x1E, 0x00, 0x70, 0xB5, 0x00, 0x10,
	0x00, 0x00, 0x00, 0x7B, 0x15, 0xE4, 0x15, 0xFC, 0x19, 0x6E, 0x1B, 0x00,
	0x80, 0xB5, 0x00, 0x10, 0x00, 0x00, 0x00, 0x87, 0x14, 0x78, 0x16, 0x21,
	0x17, 0x00, 0x00, 0x00, 0x90, 0xB5, 0x00, 0x0C, 0x00, 0x00, 0x00, 0xEB,
	0x15, 0x1B, 0x1A, 0x00, 0xA0, 0xB5, 0x00, 0x0C, 0x00, 0x00, 0x00, 0xDD,
	0x14, 0x00, 0x00, 0x00, 0xD0, 0xB5, 0x00, 0x0C, 0x00, 0x00, 0x00, 0xAC,
	0x16, 0xCB, 0x19, 0x00, 0xF0, 0xB5, 0x00, 0x10, 0x00, 0x00, 0x00, 0xBC,
	0x17, 0x6F, 0x18, 0xA0, 0x19, 0xF8, 0x1A, 0x00, 0x00, 0xB6, 0x00, 0x0C,
	0x00, 0x00, 0x00, 0x93, 0x1F, 0x00, 0x00, 0x00, 0x30, 0xB6, 0x00, 0x10,
	0x00, 0x00, 0x00, 0x6C, 0x14, 0x3E, 0x17, 0x7D, 0x18, 0x15, 0x19, 0x00,
	0x40, 0xB6, 0x00, 0x0C, 0x00, 0x00, 0x00, 0x7E, 0x11, 0x00, 0x00, 0x00,
	0x50, 0xB6, 0x00, 0x0C, 0x00, 0x00, 0x00, 0x01, 0x19, 0x79, 0x1A, 0x00,
	0x60, 0xB6, 0x00, 0x10, 0x00, 0x00, 0x00, 0xCB, 0x16, 0x93, 0x17, 0x8C,
	0x1E, 0x00, 0x00, 0x00, 0x70, 0xB6, 0x00, 0x0C, 0x00, 0x00, 0x00, 0xFB,
	0x14, 0x00, 0x00, 0x00, 0x80, 0xB6, 0x00, 0x0C, 0x00, 0x00, 0x00, 0x89,
	0x13, 0xC2, 0x1E, 0x00, 0x90, 0xB6, 0x00, 0x0C, 0x00, 0x00, 0x00, 0x13,
	0x1F, 0x00, 0x00, 0x00, 0xA0, 0xB6, 0x00, 0x0C, 0x00, 0x00, 0x00, 0x41,
	0x10, 0x00, 0x00, 0x00, 0xB0, 0xB6, 0x00, 0x0C, 0x00, 0x00, 0x00, 0x76,
	0x13, 0xBF, 0x1B, 0x00, 0xC0, 0xB6, 0x00, 0x10, 0x00, 0x00, 0x00, 0x91,
	0x10, 0xD0, 0x14, 0x0D, 0x15, 0x00, 0x00, 0x00, 0xE0, 0xB6, 0x00, 0x0C,
	0x00, 0x00, 0x00, 0x2A, 0x12, 0x00, 0x00, 0x00, 0xF0, 0xB6, 0x00, 0x0C,
	0x00, 0x00, 0x00, 0x0C, 0x1A, 0x41, 0x1D, 0x00, 0x00, 0xB7, 0x00, 0x0C,
	0x00, 0x00, 0x00, 0x4D, 0x13, 0x71, 0x15, 0x00, 0x50, 0xB7, 0x00, 0x0C,
	0x00, 0x00, 0x00, 0x3D, 0x10, 0x5F, 0x10, 0x00, 0x60, 0xB7, 0x00, 0x0C,
	0x00, 0x00, 0x00, 0xC8, 0x19, 0x2E, 0x1D, 0x00, 0x70, 0xB7, 0x00, 0x10,
	0x00, 0x00, 0x00, 0x0B, 0x17, 0x63, 0x19, 0x5A, 0x1D, 0x9C, 0x1F, 0x00,
	0x80, 0xB7, 0x00, 0x10, 0x00, 0x00, 0x00, 0xFB, 0x1A, 0x39, 0x1B, 0x96,
	0x1C, 0x00, 0x00, 0x00, 0x90, 0xB7, 0x00, 0x0C, 0x00, 0x00, 0x00, 0x89,
	0x1D, 0xE1, 0x1D, 0x00, 0xA0, 0xB7, 0x00, 0x0C, 0x00, 0x00, 0x00, 0x07,
	0x14, 0x00, 0x00, 0x00, 0xB0, 0xB7, 0x00, 0x0C, 0x00, 0x00, 0x00, 0x37,
	0x12, 0x00, 0x00, 0x00, 0x30, 0xB8, 0x00, 0x10, 0x00, 0x00, 0x00, 0x34,
	0x11, 0xFF, 0x12, 0x89, 0x19, 0x99, 0x1B, 0x00, 0x60, 0xB8, 0x00, 0x0C,
	0x00, 0x00, 0x00, 0x00, 0x12, 0xFA, 0x13, 0x00, 0x90, 0xB8, 0x00, 0x0C,
	0x00, 0x00, 0x00, 0x4A, 0x17, 0xD7, 0x1C, 0x00, 0xA0, 0xB8, 0x00, 0x10,
	0x00, 0x00, 0x00, 0xD9, 0x15, 0xF1, 0x15, 0x29, 0x16, 0x1B, 0x1E, 0x00,
	0xC0, 0xB8, 0x00, 0x0C, 0x00, 0x00, 0x00, 0x6B, 0x1D, 0xC9, 0x1D, 0x00,
	0xD0, 0xB8, 0x00, 0x10, 0x00, 0x00, 0x00, 0xE8, 0x17, 0x6C, 0x18, 0x76,
	0x1B, 0x23, 0x1C, 0x00, 0xE0, 0xB8, 0x00, 0x0C, 0x00, 0x00, 0x00, 0x46,
	0x19, 0xE3, 0x1E, 0x00, 0x30, 0xB9, 0x00, 0x0C, 0x00, 0x00, 0x00, 0x32,
	0x17, 0x24, 0x1F, 0x00, 0x40, 0xB9, 0x00, 0x0C, 0x00, 0x00, 0x00, 0x34,
	0x18, 0x00, 0x00, 0x00, 0x80, 0xB9, 0x00, 0x10, 0x00, 0x00, 0x00, 0x80,
	0x10, 0x6F, 0x13, 0x89, 0x14, 0x00, 0x00, 0x00, 0x90, 0xB9, 0x00, 0x0C,
	0x00, 0x00, 0x00, 0xF3, 0x10, 0x00, 0x00, 0x00, 0xD0, 0xB9, 0x00, 0x0C,
	0x00, 0x00, 0x00, 0x92, 0x17, 0x00, 0x00, 0x00, 0x20, 0xBA, 0x00, 0x10,
	0x00, 0x00, 0x00, 0x05, 0x1C, 0x1B, 0x1E, 0x2D, 0x1E, 0x00, 0x00, 0x00,
	0x60, 0xBA, 0x00, 0x0C, 0x00, 0x00, 0x00, 0xCB, 0x15, 0x18, 0x1F, 0x00,
	0x70, 0xBA, 0x00, 0x0C, 0x00, 0x00, 0x00, 0x38, 0x11, 0xA1, 0x17, 0x00,
	0x80, 0xBA, 0x00, 0x0C, 0x00, 0x00, 0x00, 0xB0, 0x13, 0xF4, 0x15, 0x00,
	0x90, 0xBA, 0x00, 0x0C, 0x00, 0x00, 0x00, 0x11, 0x14, 0x00, 0x00, 0x00,
	0xA0, 0xBA, 0x00, 0x0C, 0x00, 0x00, 0x00, 0x5E, 0x12, 0x00, 0x00, 0x00,
	0xC0, 0xBA, 0x00, 0x0C, 0x00, 0x00, 0x00, 0xA7, 0x1F, 0x00, 0x00, 0x00,
	0x20, 0xBB, 0x00, 0x0C, 0x00, 0x00, 0x00, 0x73, 0x11, 0x00, 0x00, 0x00,
	0x30, 0xBB, 0x00, 0x0C, 0x00, 0x00, 0x00, 0xB6, 0x19, 0x3B, 0x1F, 0x00,
	0x40, 0xBB, 0x00, 0x0C, 0x00, 0x00, 0x00, 0x67, 0x1A, 0xAA, 0x1A, 0x00,
	0x60, 0xBB, 0x00, 0x0C, 0x00, 0x00, 0x00, 0xD8, 0x19, 0x00, 0x00, 0x00,
	0x70, 0xBB, 0x00, 0x0C, 0x00, 0x00, 0x00, 0xD8, 0x16, 0x00, 0x00, 0x00,
	0x10, 0xBC, 0x00, 0x0C, 0x00, 0x00, 0x00, 0x41, 0x10, 0x00, 0x00, 0x00,
	0xF0, 0xBD, 0x00, 0x0C, 0x00, 0x00, 0x00, 0xCD, 0x16, 0x00, 0x00, 0x00,
	0x40, 0xBE, 0x00, 0x0C, 0x00, 0x00, 0x00, 0xE0, 0x10, 0x00, 0x00, 0x00,
	0xC0, 0xC0, 0x00, 0x0C, 0x00, 0x00, 0x00, 0xD9, 0x10, 0x00, 0x00, 0x00,
	0xD0, 0xC0, 0x00, 0x0C, 0x00, 0x00, 0x00, 0xCA, 0x10, 0x8A, 0x1D, 0x00,
	0xE0, 0xC0, 0x00, 0x18, 0x00, 0x00, 0x00, 0x7A, 0x1E, 0xE8, 0x1E, 0x18,
	0x1F, 0x4A, 0x1F, 0x71, 0x1F, 0xA5, 0x1F, 0xD9, 0x1F, 0x00, 0x00, 0x00,
	0xF0, 0xC0, 0x00, 0x10, 0x00, 0x00, 0x00, 0xB2, 0x18, 0x9C, 0x19, 0x17,
	0x1B, 0x00, 0x00, 0x00, 0x00, 0xC1, 0x00, 0x0C, 0x00, 0x00, 0x00, 0xAC,
	0x11, 0x00, 0x00, 0x00, 0x10, 0xC1, 0x00, 0x10, 0x00, 0x00, 0x00, 0xC0,
	0x14, 0x29, 0x15, 0xDC, 0x1E, 0x00, 0x00, 0x00, 0x20, 0xC1, 0x00, 0x10,
	0x00, 0x00, 0x00, 0xF1, 0x12, 0xF5, 0x17, 0x07, 0x18, 0x47, 0x1B, 0x00,
	0x30, 0xC1, 0x00, 0x14, 0x00, 0x00, 0x00, 0x3D, 0x13, 0x82, 0x13, 0xCA,
	0x1C, 0xB0, 0x1D, 0xD0, 0x1E, 0x00, 0x00, 0x00, 0x50, 0xC1, 0x00, 0x0C,
	0x00, 0x00, 0x00, 0x4D, 0x16, 0x00, 0x00, 0x00, 0x60, 0xC1, 0x00, 0x0C,
	0x00, 0x00, 0x00, 0xE7, 0x19, 0x00, 0x00, 0x00, 0x70, 0xC1, 0x00, 0x0C,
	0x00, 0x00, 0x00, 0x3A, 0x11, 0x00, 0x00, 0x00, 0xA0, 0xC1, 0x00, 0x10,
	0x00, 0x00, 0x00, 0xA1, 0x19, 0x23, 0x1A, 0x9E, 0x1B, 0x44, 0x1F, 0x00,
	0xB0, 0xC1, 0x00, 0x0C, 0x00, 0x00, 0x00, 0xA7, 0x16, 0x00, 0x00, 0x00,
	0xC0, 0xC1, 0x00, 0x0C, 0x00, 0x00, 0x00, 0x5B, 0x16, 0x00, 0x00, 0x00,
	0xD0, 0xC1, 0x00, 0x0C, 0x00, 0x00, 0x00, 0xC7, 0x19, 0x00, 0x00, 0x00,
	0xE0, 0xC1, 0x00, 0x0C, 0x00, 0x00, 0x00, 0xEF, 0x1D, 0x00, 0x00, 0x00,
	0xF0, 0xC1, 0x00, 0x0C, 0x00, 0x00, 0x00, 0x13, 0x11, 0x00, 0x00, 0x00,
	0x00, 0xC2, 0x00, 0x0C, 0x00, 0x00, 0x00, 0x2A, 0x17, 0x00, 0x00, 0x00,
	0x30, 0xC2, 0x00, 0x10, 0x00, 0x00, 0x00, 0xAB, 0x16, 0x0A, 0x17, 0x33,
	0x1C, 0x00, 0x00, 0x00, 0x40, 0xC2, 0x00, 0x0C, 0x00, 0x00, 0x00, 0x22,
	0x18, 0x9D, 0x1E, 0x00, 0x50, 0xC2, 0x00, 0x10, 0x00, 0x00, 0x00, 0x4D,
	0x13, 0xA8, 0x15, 0x9D, 0x1A, 0x00, 0x00, 0x00, 0x60, 0xC2, 0x00, 0x10,
	0x00, 0x00, 0x00, 0x3B, 0x10, 0xE1, 0x14, 0x2F, 0x15, 0x6B, 0x16, 0x00,
	0x70, 0xC2, 0x00, 0x10, 0x00, 0x00, 0x00, 0x09, 0x1E, 0xBC, 0x1E, 0xF7,
	0x1F, 0x00, 0x00, 0x00, 0x80, 0xC2, 0x00, 0x0C, 0x00, 0x00, 0x00, 0x9B,
	0x14, 0xB1, 0x19, 0x00, 0x90, 0xC2, 0x00, 0x0C, 0x00, 0x00, 0x00, 0x10,
	0x18, 0x34, 0x18, 0x00, 0xA0, 0xC2, 0x00, 0x0C, 0x00, 0x00, 0x00, 0xBF,
	0x1C, 0x20, 0x1D, 0x00, 0xB0, 0xC2, 0x00, 0x0C, 0x00, 0x00, 0x00, 0x84,
	0x11, 0xAE, 0x11, 0x00, 0xD0, 0xC2, 0x00, 0x14, 0x00, 0x00, 0x00, 0x24,
	0x11, 0x06, 0x18, 0x17, 0x18, 0x80, 0x19, 0xEE, 0x19, 0x2F, 0x1E, 0x00,
	0xE0, 0xC2, 0x00, 0x0C, 0x00, 0x00, 0x00, 0x72, 0x1F, 0x00, 0x00, 0x00,
	0xF0, 0xC2, 0x00, 0x0C, 0x00, 0x00, 0x00, 0x51, 0x10, 0x51, 0x16, 0x00,
	0x10, 0xC3, 0x00, 0x10, 0x00, 0x00, 0x00, 0x8F, 0x12, 0x20, 0x1E, 0x50,
	0x1E, 0x00, 0x00, 0x00, 0x20, 0xC3, 0x00, 0x10, 0x00, 0x00, 0x00, 0xDF,
	0x13, 0x43, 0x14, 0xC9, 0x14, 0x00, 0x00, 0x00, 0x30, 0xC3, 0x00, 0x18,
	0x00, 0x00, 0x00, 0x45, 0x12, 0x59, 0x12, 0x55, 0x15, 0xF4, 0x17, 0x52,
	0x19, 0xAB, 0x1C, 0xCD, 0x1C, 0x8C, 0x1E, 0x00, 0x40, 0xC3, 0x00, 0x18,
	0x00, 0x00, 0x00, 0x42, 0x11, 0xB6, 0x12, 0xE2, 0x14, 0x55, 0x17, 0xC0,
	0x19, 0x8C, 0x1A, 0x3F, 0x1D, 0x7E, 0x1D, 0x00, 0x50, 0xC3, 0x00, 0x20,
	0x00, 0x00, 0x00, 0x60, 0x14, 0x21, 0x15, 0x08, 0x16, 0xF2, 0x17, 0x2B,
	0x1A, 0x47, 0x1A, 0xDA, 0x1B, 0x0A, 0x1D, 0xCF, 0x1D, 0xE7, 0x1D, 0x0A,
	0x1E, 0x00, 0x00, 0x00, 0x60, 0xC3, 0x00, 0x0C, 0x00, 0x00, 0x00, 0x9B,
	0x14, 0x6B, 0x1B, 0x00, 0x70, 0xC3, 0x00, 0x18, 0x00, 0x00, 0x00, 0x5E,
	0x14, 0xA6, 0x16, 0xB6, 0x16, 0x31, 0x17, 0xB9, 0x1A, 0xF1, 0x1B, 0x29,
	0x1C, 0x61, 0x1C, 0x00, 0x90, 0xC3, 0x00, 0x0C, 0x00, 0x00, 0x00, 0x83,
	0x1C, 0x00, 0x00, 0x00, 0xB0, 0xC3, 0x00, 0x0C, 0x00, 0x00, 0x00, 0xA0,
	0x19, 0x00, 0x00, 0x00, 0xC0, 0xC3, 0x00, 0x10, 0x00, 0x00, 0x00, 0x5A,
	0x10, 0xBA, 0x11, 0xF2, 0x11, 0xEA, 0x16, 0x00, 0xD0, 0xC3, 0x00, 0x0C,
	0x00, 0x00, 0x00, 0x92, 0x1D, 0x00, 0x00, 0x00, 0xE0, 0xC3, 0x00, 0x10,
	0x00, 0x00, 0x00, 0x46, 0x10, 0xAF, 0x19, 0x38, 0x1D, 0x00, 0x00, 0x00,
	0xF0, 0xC3, 0x00, 0x10, 0x00, 0x00, 0x00, 0x2F, 0x13, 0x0E, 0x1B, 0x2F,
	0x1C, 0x00, 0x00, 0x00, 0x20, 0xC4, 0x00, 0x0C, 0x00, 0x00, 0x00, 0x5A,
	0x12, 0x00, 0x00, 0x00, 0x30, 0xC4, 0x00, 0x14, 0x00, 0x00, 0x00, 0xE6,
	0x13, 0x84, 0x19, 0x42, 0x1B, 0xCF, 0x1D, 0x66, 0x1F, 0x00, 0x00, 0x00,
	0x40, 0xC4, 0x00, 0x18, 0x00, 0x00, 0x00, 0x6A, 0x13, 0xE6, 0x18, 0x0A,
	0x1A, 0xCE, 0x1A, 0xF0, 0x1A, 0xB8, 0x1B, 0xB6, 0x1F, 0x00, 0x00, 0x00,
	0x50, 0xC4, 0x00, 0x0C, 0x00, 0x00, 0x00, 0xF2, 0x13, 0xF0, 0x1C, 0x00,
	0x60, 0xC4, 0x00, 0x10, 0x00, 0x00, 0x00, 0x08, 0x10, 0x20, 0x10, 0x5D,
	0x15, 0x00, 0x00, 0x00, 0x70, 0xC4, 0x00, 0x0C, 0x00, 0x00, 0x00, 0x83,
	0x1D, 0x00, 0x00, 0x00, 0x80, 0xC4, 0x00, 0x0C, 0x00, 0x00, 0x00, 0x83,
	0x16, 0x00, 0x00, 0x00, 0x90, 0xC4, 0x00, 0x14, 0x00, 0x00, 0x00, 0xDD,
	0x15, 0xEB, 0x15, 0xFC, 0x15, 0xED, 0x1B, 0x0D, 0x1C, 0x00, 0x00, 0x00,
	0xB0, 0xC4, 0x00, 0x0C, 0x00, 0x00, 0x00, 0x95, 0x1E, 0x00, 0x00, 0x00,
	0xD0, 0xC4, 0x00, 0x10, 0x00, 0x00, 0x00, 0x95, 0x1F, 0xDC, 0x1F, 0xFA,
	0x1F, 0x00, 0x00, 0x00, 0xE0, 0xC4, 0x00, 0x14, 0x00, 0x00, 0x00, 0x0C,
	0x10, 0x1A, 0x13, 0xDA, 0x14, 0x35, 0x17, 0x3A, 0x1C, 0x00, 0x00, 0x00,
	0xF0, 0xC4, 0x00, 0x0C, 0x00, 0x00, 0x00, 0xCB, 0x18, 0xDD, 0x18, 0x00,
	0x00, 0xC5, 0x00, 0x0C, 0x00, 0x00, 0x00, 0x13, 0x1F, 0x00, 0x00, 0x00,
	0x20, 0xC5, 0x00, 0x0C, 0x00, 0x00, 0x00, 0xC0, 0x19, 0x47, 0x1A, 0x00,
	0x30, 0xC5, 0x00, 0x0C, 0x00, 0x00, 0x00, 0x3E, 0x13, 0x00, 0x00, 0x00,
	0x40, 0xC5, 0x00, 0x10, 0x00, 0x00, 0x00, 0x83, 0x16, 0xC1, 0x18, 0x6A,
	0x19, 0x7E, 0x19, 0x00, 0x50, 0xC5, 0x00, 0x14, 0x00, 0x00, 0x00, 0x1B,
	0x15, 0x61, 0x17, 0x8E, 0x19, 0xB9, 0x1D, 0x4D, 0x1E, 0x00, 0x00, 0x00,
	0x60, 0xC5, 0x00, 0x10, 0x00, 0x00, 0x00, 0xFB, 0x13, 0xCB, 0x16, 0x36,
	0x18, 0x00, 0x00, 0x00, 0x70, 0xC5, 0x00, 0x10, 0x00, 0x00, 0x00, 0x5A,
	0x1C, 0x68, 0x1C, 0x12, 0x1F, 0x00, 0x00, 0x00, 0xA0, 0xC5, 0x00, 0x0C,
	0x00, 0x00, 0x00, 0x25, 0x17, 0x00, 0x00, 0x00, 0xB0, 0xC5, 0x00, 0x0C,
	0x00, 0x00, 0x00, 0x1E, 0x16, 0x59, 0x19, 0x00, 0xC0, 0xC5, 0x00, 0x0C,
	0x00, 0x00, 0x00, 0x08, 0x17, 0x00, 0x00, 0x00, 0xD0, 0xC5, 0x00, 0x0C,
	0x00, 0x00, 0x00, 0xA9, 0x16, 0x00, 0x00, 0x00, 0xE0, 0xC5, 0x00, 0x1C,
	0x00, 0x00, 0x00, 0xCB, 0x11, 0x54, 0x12, 0x2A, 0x13, 0xEF, 0x13, 0x83,
	0x17, 0xA5, 0x17, 0xC4, 0x1D, 0xB4, 0x1E, 0xE5, 0x1E, 0x00, 0x00, 0x00,
	0xF0, 0xC5, 0x00, 0x0C, 0x00, 0x00, 0x00, 0xA6, 0x17, 0x00, 0x00, 0x00,
	0x10, 0xC6, 0x00, 0x0C, 0x00, 0x00, 0x00, 0x7E, 0x10, 0x82, 0x13, 0x00,
	0x20, 0xC6, 0x00, 0x0C, 0x00, 0x00, 0x00, 0xBC, 0x15, 0xFB, 0x1B, 0x00,
	0x30, 0xC6, 0x00, 0x10, 0x00, 0x00, 0x00, 0xEC, 0x1D, 0x00, 0x1E, 0x98,
	0x1F, 0x00, 0x00, 0x00, 0x40, 0xC6, 0x00, 0x18, 0x00, 0x00, 0x00, 0xF5,
	0x14, 0x9C, 0x15, 0x17, 0x19, 0x9E, 0x19, 0xBF, 0x1A, 0xCF, 0x1A, 0x24,
	0x1D, 0x00, 0x00, 0x00, 0x60, 0xC6, 0x00, 0x24, 0x00, 0x00, 0x00, 0x13,
	0x12, 0x2F, 0x12, 0xBA, 0x12, 0x65, 0x17, 0xFD, 0x17, 0x2F, 0x18, 0x7D,
	0x19, 0xCE, 0x1B, 0x56, 0x1C, 0x02, 0x1D, 0x81, 0x1D, 0x0A, 0x1E, 0x89,
	0x1E, 0x0B, 0x1F, 0x00, 0x70, 0xC6, 0x00, 0x10, 0x00, 0x00, 0x00, 0x5A,
	0x12, 0x6B, 0x14, 0x91, 0x1A, 0x00, 0x00, 0x00, 0x80, 0xC6, 0x00, 0x0C,
	0x00, 0x00, 0x00, 0x8A, 0x15, 0x59, 0x1A, 0x00, 0x90, 0xC6, 0x00, 0x0C,
	0x00, 0x00, 0x00, 0xE4, 0x11, 0x00, 0x00, 0x00, 0x10, 0xC7, 0x00, 0x0C,
	0x00, 0x00, 0x00, 0x2A, 0x13, 0x00, 0x00, 0x01, 0x00, 0x00, 0x00, 0xF0,
	0x09, 0x00, 0x00, 0x07, 0x00, 0x01, 0x00, 0x44, 0x01, 0x00, 0x00, 0x07,
	0x00, 0x02, 0x00, 0x08, 0x00, 0x00, 0x00, 0x07, 0x00, 0x03, 0x00, 0x47,
	0x01, 0x00, 0x00, 0x07, 0x00, 0x04, 0x00, 0x31, 0x00, 0x00, 0x00, 0x07,
	0x00, 0x05, 0x00, 0x21, 0x00, 0x00, 0x00, 0x07, 0x00, 0x06, 0x00, 0x15,
	0x00, 0x00, 0x00, 0x06, 0x00, 0x06, 0x00, 0x00, 0x00, 0x00, 0x00, 0x0E,
	0x00, 0x08, 0x00, 0x44, 0x01, 0x00, 0x00, 0x0E, 0x00, 0x09, 0x00, 0x08,
	0x00, 0x00, 0x00, 0x0E, 0x00, 0x0A, 0x00, 0x47, 0x01, 0x00, 0x00, 0x0E,
	0x00, 0x0B, 0x00, 0x31, 0x00, 0x00, 0x00, 0x0E, 0x00, 0x0C, 0x00, 0x21,
	0x00, 0x00, 0x00, 0x0E, 0x00, 0x0D, 0x00, 0x17, 0x00, 0x00, 0x00, 0x0D,
	0x00, 0x0D, 0x00, 0x01, 0x00, 0x00, 0x00, 0x15, 0x00, 0x0F, 0x00, 0x44,
	0x01, 0x00, 0x00, 0x15, 0x00, 0x10, 0x00, 0x08, 0x00, 0x00, 0x00, 0x15,
	0x00, 0x11, 0x00, 0x47, 0x01, 0x00, 0x00, 0x15, 0x00, 0x12, 0x00, 0x31,
	0x00, 0x00, 0x00, 0x15, 0x00, 0x13, 0x00, 0x22, 0x00, 0x00, 0x00, 0x15,
	0x00, 0x14, 0x00, 0x18, 0x00, 0x00, 0x00, 0x14, 0x00, 0x14, 0x00, 0x02,
	0x00, 0x00, 0x00, 0x1C, 0x00, 0x16, 0x00, 0x44, 0x01, 0x00, 0x00, 0x1C,
	0x00, 0x17, 0x00, 0x08, 0x00, 0x00, 0x00, 0x1C, 0x00, 0x18, 0x00, 0x47,
	0x01, 0x00, 0x00, 0x1C, 0x00, 0x19, 0x00, 0x31, 0x00, 0x00, 0x00, 0x1C,
	0x00, 0x1A, 0x00, 0x22, 0x00, 0x00, 0x00, 0x1C, 0x00, 0x1B, 0x00, 0x19,
	0x00, 0x00, 0x00, 0x1B, 0x00, 0x1B, 0x00, 0x03, 0x00, 0x00, 0x00, 0x23,
	0x00, 0x1D, 0x00, 0x44, 0x01, 0x00, 0x00, 0x23, 0x00, 0x1E, 0x00, 0x08,
	0x00, 0x00, 0x00, 0x23, 0x00, 0x1F, 0x00, 0x47, 0x01, 0x00, 0x00, 0x23,
	0x00, 0x20, 0x00, 0x31, 0x00, 0x00, 0x00, 0x23, 0x00, 0x21, 0x00, 0x24,
	0x00, 0x00, 0x00, 0x23, 0x00, 0x22, 0x00, 0x18, 0x00, 0x00, 0x00, 0x22,
	0x00, 0x22, 0x00, 0x04, 0x00, 0x00, 0x00, 0x2A, 0x00, 0x24, 0x00, 0x44,
	0x01, 0x00, 0x00, 0x2A, 0x00, 0x25, 0x00, 0x08, 0x00, 0x00, 0x00, 0x2A,
	0x00, 0x26, 0x00, 0x47, 0x01, 0x00, 0x00, 0x2A, 0x00, 0x27, 0x00, 0x31,
	0x00, 0x00, 0x00, 0x2A, 0x00, 0x28, 0x00, 0x24, 0x00, 0x00, 0x00, 0x2A,
	0x00, 0x29, 0x00, 0x1A, 0x00, 0x00, 0x00, 0x29, 0x00, 0x29, 0x00, 0x05,
	0x00, 0x00, 0x00, 0x31, 0x00, 0x2B, 0x00, 0x44, 0x01, 0x00, 0x00, 0x31,
	0x00, 0x2C, 0x00, 0x08, 0x00, 0x00, 0x00, 0x31, 0x00, 0x2D, 0x00, 0x47,
	0x01, 0x00, 0x00, 0x31, 0x00, 0x2E, 0x00, 0x31, 0x00, 0x00, 0x00, 0x31,
	0x00, 0x2F, 0x00, 0x23, 0x00, 0x00, 0x00, 0x31, 0x00, 0x30, 0x00, 0x17,
	0x00, 0x00, 0x00, 0x30, 0x00, 0x30, 0x00, 0x06, 0x00, 0x00, 0x00, 0x38,
	0x00, 0x32, 0x00, 0x44, 0x01, 0x00, 0x00, 0x38, 0x00, 0x33, 0x00, 0x08,
	0x00, 0x00, 0x00, 0x38, 0x00, 0x34, 0x00, 0x47, 0x01, 0x00, 0x00, 0x38,
	0x00, 0x35, 0x00, 0x31, 0x00, 0x00, 0x00, 0x38, 0x00, 0x36, 0x00, 0x23,
	0x00, 0x00, 0x00, 0x38, 0x00, 0x37, 0x00, 0x18, 0x00, 0x00, 0x00, 0x37,
	0x00, 0x37, 0x00, 0x07, 0x00, 0x00, 0x00, 0x3F, 0x00, 0x39, 0x00, 0x44,
	0x01, 0x00, 0x00, 0x3F, 0x00, 0x3A, 0x00, 0x08, 0x00, 0x00, 0x00, 0x3F,
	0x00, 0x3B, 0x00, 0x47, 0x01, 0x00, 0x00, 0x3F, 0x00, 0x3C, 0x00, 0x31,
	0x00, 0x00, 0x00, 0x3F, 0x00, 0x3D, 0x00, 0x23, 0x00, 0x00, 0x00, 0x3F,
	0x00, 0x3E, 0x00, 0x1A, 0x00, 0x00, 0x00, 0x3E, 0x00, 0x3E, 0x00, 0x08,
	0x00, 0x00, 0x00, 0x46, 0x00, 0x40, 0x00, 0x44, 0x01, 0x00, 0x00, 0x46,
	0x00, 0x41, 0x00, 0x08, 0x00, 0x00, 0x00, 0x46, 0x00, 0x42, 0x00, 0x47,
	0x01, 0x00, 0x00, 0x46, 0x00, 0x43, 0x00, 0x31, 0x00, 0x00, 0x00, 0x46,
	0x00, 0x44, 0x00, 0x24, 0x00, 0x00, 0x00, 0x46, 0x00, 0x45, 0x00, 0x10,
	0x00, 0x00, 0x00, 0x45, 0x00, 0x45, 0x00, 0x09, 0x00, 0x00, 0x00, 0x4D,
	0x00, 0x47, 0x00, 0x44, 0x01, 0x00, 0x00, 0x4D, 0x00, 0x48, 0x00, 0x08,
	0x00, 0x00, 0x00, 0x4D, 0x00, 0x49, 0x00, 0x47, 0x01, 0x00, 0x00, 0x4D,
	0x00, 0x4A, 0x00, 0x31, 0x00, 0x00, 0x00, 0x4D, 0x00, 0x4B, 0x00, 0x20,
	0x00, 0x00, 0x00, 0x4D, 0x00, 0x4C, 0x00, 0x17, 0x00, 0x00, 0x00, 0x4C,
	0x00, 0x4C, 0x00, 0x0A, 0x00, 0x00, 0x00, 0x54, 0x00, 0x4E, 0x00, 0x44,
	0x01, 0x00, 0x00, 0x54, 0x00, 0x4F, 0x00, 0x08, 0x00, 0x00, 0x00, 0x54,
	0x00, 0x50, 0x00, 0x47, 0x01, 0x00, 0x00, 0x54, 0x00, 0x51, 0x00, 0x31,
	0x00, 0x00, 0x00, 0x54, 0x00, 0x52, 0x00, 0x20, 0x00, 0x00, 0x00, 0x54,
	0x00, 0x53, 0x00, 0x1A, 0x00, 0x00, 0x00, 0x53, 0x00, 0x53, 0x00, 0x0B,
	0x00, 0x00, 0x00, 0x5B, 0x00, 0x55, 0x00, 0x44, 0x01, 0x00, 0x00, 0x5B,
	0x00, 0x56, 0x00, 0x08, 0x00, 0x00, 0x00, 0x5B, 0x00, 0x57, 0x00, 0x47,
	0x01, 0x00, 0x00, 0x5B, 0x00, 0x58, 0x00, 0x31, 0x00, 0x00, 0x00, 0x5B,
	0x00, 0x59, 0x00, 0x22, 0x00, 0x00, 0x00, 0x5B, 0x00, 0x5A, 0x00, 0x15,
	0x00, 0x00, 0x00, 0x5A, 0x00, 0x5A, 0x00, 0x0C, 0x00, 0x00, 0x00, 0x62,
	0x00, 0x5C, 0x00, 0x44, 0x01, 0x00, 0x00, 0x62, 0x00, 0x5D, 0x00, 0x08,
	0x00, 0x00, 0x00, 0x62, 0x00, 0x5E, 0x00, 0x47, 0x01, 0x00, 0x00, 0x62,
	0x00, 0x5F, 0x00, 0x31, 0x00, 0x00, 0x00, 0x62, 0x00, 0x60, 0x00, 0x23,
	0x00, 0x00, 0x00, 0x62, 0x00, 0x61, 0x00, 0x11, 0x00, 0x00, 0x00, 0x61,
	0x00, 0x61, 0x00, 0x0D, 0x00, 0x00, 0x00, 0x69, 0x00, 0x63, 0x00, 0x44,
	0x01, 0x00, 0x00, 0x69, 0x00, 0x64, 0x00, 0x08, 0x00, 0x00, 0x00, 0x69,
	0x00, 0x65, 0x00, 0x47, 0x01, 0x00, 0x00, 0x69, 0x00, 0x66, 0x00, 0x31,
	0x00, 0x00, 0x00, 0x69, 0x00, 0x67, 0x00, 0x24, 0x00, 0x00, 0x00, 0x69,
	0x00, 0x68, 0x00, 0x11, 0x00, 0x00, 0x00, 0x68, 0x00, 0x68, 0x00, 0x0E,
	0x00, 0x00, 0x00, 0x70, 0x00, 0x6A, 0x00, 0x44, 0x01, 0x00, 0x00, 0x70,
	0x00, 0x6B, 0x00, 0x08, 0x00, 0x00, 0x00, 0x70, 0x00, 0x6C, 0x00, 0x47,
	0x01, 0x00, 0x00, 0x70, 0x00, 0x6D, 0x00, 0x31, 0x00, 0x00, 0x00, 0x70,
	0x00, 0x6E, 0x00, 0x24, 0x00, 0x00, 0x00, 0x70, 0x00, 0x6F, 0x00, 0x17,
	0x00, 0x00, 0x00, 0x6F, 0x00, 0x6F, 0x00, 0x0F, 0x00, 0x00, 0x00, 0x77,
	0x00, 0x71, 0x00, 0x44, 0x01, 0x00, 0x00, 0x77, 0x00, 0x72, 0x00, 0x08,
	0x00, 0x00, 0x00, 0x77, 0x00, 0x73, 0x00, 0x47, 0x01, 0x00, 0x00, 0x77,
	0x00, 0x74, 0x00, 0x31, 0x00, 0x00, 0x00, 0x77, 0x00, 0x75, 0x00, 0x23,
	0x00, 0x00, 0x00, 0x77, 0x00, 0x76, 0x00, 0x15, 0x00, 0x00, 0x00, 0x76,
	0x00, 0x76, 0x00, 0x10, 0x00, 0x00, 0x00, 0x7E, 0x00, 0x78, 0x00, 0x44,
	0x01, 0x00, 0x00, 0x7E, 0x00, 0x79, 0x00, 0x08, 0x00, 0x00, 0x00, 0x7E,
	0x00, 0x7A, 0x00, 0x47, 0x01, 0x00, 0x00, 0x7E, 0x00, 0x7B, 0x00, 0x31,
	0x00, 0x00, 0x00, 0x7E, 0x00, 0x7C, 0x00, 0x24, 0x00, 0x00, 0x00, 0x7E,
	0x00, 0x7D, 0x00, 0x12, 0x00, 0x00, 0x00, 0x7D, 0x00, 0x7D, 0x00, 0x11,
	0x00, 0x00, 0x00, 0x85, 0x00, 0x7F, 0x00, 0x44, 0x01, 0x00, 0x00, 0x85,
	0x00, 0x80, 0x00, 0x08, 0x00, 0x00, 0x00, 0x85, 0x00, 0x81, 0x00, 0x47,
	0x01, 0x00, 0x00, 0x85, 0x00, 0x82, 0x00, 0x31, 0x00, 0x00, 0x00, 0x85,
	0x00, 0x83, 0x00, 0x24, 0x00, 0x00, 0x00, 0x85, 0x00, 0x84, 0x00, 0x15,
	0x00, 0x00, 0x00, 0x84, 0x00, 0x84, 0x00, 0x12, 0x00, 0x00, 0x00, 0x8C,
	0x00, 0x86, 0x00, 0x44, 0x01, 0x00, 0x00, 0x8C, 0x00, 0x87, 0x00, 0x08,
	0x00, 0x00, 0x00, 0x8C, 0x00, 0x88, 0x00, 0x47, 0x01, 0x00, 0x00, 0x8C,
	0x00, 0x89, 0x00, 0x31, 0x00, 0x00, 0x00, 0x8C, 0x00, 0x8A, 0x00, 0x25,
	0x00, 0x00, 0x00, 0x8C, 0x00, 0x8B, 0x00, 0x12, 0x00, 0x00, 0x00, 0x8B,
	0x00, 0x8B, 0x00, 0x13, 0x00, 0x00, 0x00, 0x93, 0x00, 0x8D, 0x00, 0x44,
	0x01, 0x00, 0x00, 0x93, 0x00, 0x8E, 0x00, 0x08, 0x00, 0x00, 0x00, 0x93,
	0x00, 0x8F, 0x00, 0x47, 0x01, 0x00, 0x00, 0x93, 0x00, 0x90, 0x00, 0x31,
	0x00, 0x00, 0x00, 0x93, 0x00, 0x91, 0x00, 0x25, 0x00, 0x00, 0x00, 0x93,
	0x00, 0x92, 0x00, 0x13, 0x00, 0x00, 0x00, 0x92, 0x00, 0x92, 0x00, 0x14,
	0x00, 0x00, 0x00, 0x9A, 0x00, 0x94, 0x00, 0x44, 0x01, 0x00, 0x00, 0x9A,
	0x00, 0x95, 0x00, 0x08, 0x00, 0x00, 0x00, 0x9A, 0x00, 0x96, 0x00, 0x47,
	0x01, 0x00, 0x00, 0x9A, 0x00, 0x97, 0x00, 0x31, 0x00, 0x00, 0x00, 0x9A,
	0x00, 0x98, 0x00, 0x25, 0x00, 0x00, 0x00, 0x9A, 0x00, 0x99, 0x00, 0x14,
	0x00, 0x00, 0x00, 0x99, 0x00, 0x99, 0x00, 0x15, 0x00, 0x00, 0x00, 0xA1,
	0x00, 0x9B, 0x00, 0x44, 0x01, 0x00, 0x00, 0xA1, 0x00, 0x9C, 0x00, 0x08,
	0x00, 0x00, 0x00, 0xA1, 0x00, 0x9D, 0x00, 0x47, 0x01, 0x00, 0x00, 0xA1,
	0x00, 0x9E, 0x00, 0x31, 0x00, 0x00, 0x00, 0xA1, 0x00, 0x9F, 0x00, 0x25,
	0x00, 0x00, 0x00, 0xA1, 0x00, 0xA0, 0x00, 0x15, 0x00, 0x00, 0x00, 0xA0,
	0x00, 0xA0, 0x00, 0x16, 0x00, 0x00, 0x00, 0xA8, 0x00, 0xA2, 0x00, 0x44,
	0x01, 0x00, 0x00, 0xA8, 0x00, 0xA3, 0x00, 0x08, 0x00, 0x00, 0x00, 0xA8,
	0x00, 0xA4, 0x00, 0x47, 0x01, 0x00, 0x00, 0xA8, 0x00, 0xA5, 0x00, 0x31,
	0x00, 0x00, 0x00, 0xA8, 0x00, 0xA6, 0x00, 0x25, 0x00, 0x00, 0x00, 0xA8,
	0x00, 0xA7, 0x00, 0x16, 0x00, 0x00, 0x00, 0xA7, 0x00, 0xA7, 0x00, 0x17,
	0x00, 0x00, 0x00, 0xAF, 0x00, 0xA9, 0x00, 0x44, 0x01, 0x00, 0x00, 0xAF,
	0x00, 0xAA, 0x00, 0x08, 0x00, 0x00, 0x00, 0xAF, 0x00, 0xAB, 0x00, 0x47,
	0x01, 0x00, 0x00, 0xAF, 0x00, 0xAC, 0x00, 0x31, 0x00, 0x00, 0x00, 0xAF,
	0x00, 0xAD, 0x00, 0x25, 0x00, 0x00, 0x00, 0xAF, 0x00, 0xAE, 0x00, 0x17,
	0x00, 0x00, 0x00, 0xAE, 0x00, 0xAE, 0x00, 0x18, 0x00, 0x00, 0x00, 0xB6,
	0x00, 0xB0, 0x00, 0x44, 0x01, 0x00, 0x00, 0xB6, 0x00, 0xB1, 0x00, 0x08,
	0x00, 0x00, 0x00, 0xB6, 0x00, 0xB2, 0x00, 0x47, 0x01, 0x00, 0x00, 0xB6,
	0x00, 0xB3, 0x00, 0x31, 0x00, 0x00, 0x00, 0xB6, 0x00, 0xB4, 0x00, 0x25,
	0x00, 0x00, 0x00, 0xB6, 0x00, 0xB5, 0x00, 0x18, 0x00, 0x00, 0x00, 0xB5,
	0x00, 0xB5, 0x00, 0x19, 0x00, 0x00, 0x00, 0xBD, 0x00, 0xB7, 0x00, 0x44,
	0x01, 0x00, 0x00, 0xBD, 0x00, 0xB8, 0x00, 0x08, 0x00, 0x00, 0x00, 0xBD,
	0x00, 0xB9, 0x00, 0x47, 0x01, 0x00, 0x00, 0xBD, 0x00, 0xBA, 0x00, 0x31,
	0x00, 0x00, 0x00, 0xBD, 0x00, 0xBB, 0x00, 0x25, 0x00, 0x00, 0x00, 0xBD,
	0x00, 0xBC, 0x00, 0x19, 0x00, 0x00, 0x00, 0xBC, 0x00, 0xBC, 0x00, 0x1A,
	0x00, 0x00, 0x00, 0xC4, 0x00, 0xBE, 0x00, 0x44, 0x01, 0x00, 0x00, 0xC4,
	0x00, 0xBF, 0x00, 0x08, 0x00, 0x00, 0x00, 0xC4, 0x00, 0xC0, 0x00, 0x47,
	0x01, 0x00, 0x00, 0xC4, 0x00, 0xC1, 0x00, 0x31, 0x00, 0x00, 0x00, 0xC4,
	0x00, 0xC2, 0x00, 0x25, 0x00, 0x00, 0x00, 0xC4, 0x00, 0xC3, 0x00, 0x1A,
	0x00, 0x00, 0x00, 0xC3, 0x00, 0xC3, 0x00, 0x1B, 0x00, 0x00, 0x00, 0xCA,
	0x00, 0xC5, 0x00, 0x44, 0x01, 0x00, 0x00, 0xCA, 0x00, 0xC6, 0x00, 0x08,
	0x00, 0x00, 0x00, 0xCA, 0x00, 0xC7, 0x00, 0x47, 0x01, 0x00, 0x00, 0xCA,
	0x00, 0xC8, 0x00, 0x31, 0x00, 0x00, 0x00, 0xCA, 0x00, 0xC9, 0x00, 0x26,
	0x00, 0x00, 0x00, 0xC9, 0x00, 0xC9, 0x00, 0x1C, 0x00, 0x00, 0x00, 0xD0,
	0x00, 0xCB, 0x00, 0x44, 0x01, 0x00, 0x00, 0xD0, 0x00, 0xCC, 0x00, 0x08,
	0x00, 0x00, 0x00, 0xD0, 0x00, 0xCD, 0x00, 0x47, 0x01, 0x00, 0x00, 0xD0,
	0x00, 0xCE, 0x00, 0x31, 0x00, 0x00, 0x00, 0xD0, 0x00, 0xCF, 0x00, 0x27,
	0x00, 0x00, 0x00, 0xCF, 0x00, 0xCF, 0x00, 0x1D, 0x00, 0x00, 0x00, 0xD6,
	0x00, 0xD1, 0x00, 0x44, 0x01, 0x00, 0x00, 0xD6, 0x00, 0xD2, 0x00, 0x08,
	0x00, 0x00, 0x00, 0xD6, 0x00, 0xD3, 0x00, 0x47, 0x01, 0x00, 0x00, 0xD6,
	0x00, 0xD4, 0x00, 0x31, 0x00, 0x00, 0x00, 0xD6, 0x00, 0xD5, 0x00, 0x28,
	0x00, 0x00, 0x00, 0xD5, 0x00, 0xD5, 0x00, 0x1E, 0x00, 0x00, 0x00, 0xDC,
	0x00, 0xD7, 0x00, 0x44, 0x01, 0x00, 0x00, 0xDC, 0x00, 0xD8, 0x00, 0x08,
	0x00, 0x00, 0x00, 0xDC, 0x00, 0xD9, 0x00, 0x47, 0x01, 0x00, 0x00, 0xDC,
	0x00, 0xDA, 0x00, 0x31, 0x00, 0x00, 0x00, 0xDC, 0x00, 0xDB, 0x00, 0x29,
	0x00, 0x00, 0x00, 0xDB, 0x00, 0xDB, 0x00, 0x1F, 0x00, 0x00, 0x00, 0xE2,
	0x00, 0xDD, 0x00, 0x44, 0x01, 0x00, 0x00, 0xE2, 0x00, 0xDE, 0x00, 0x08,
	0x00, 0x00, 0x00, 0xE2, 0x00, 0xDF, 0x00, 0x47, 0x01, 0x00, 0x00, 0xE2,
	0x00, 0xE0, 0x00, 0x31, 0x00, 0x00, 0x00, 0xE2, 0x00, 0xE1, 0x00, 0x2A,
	0x00, 0x00, 0x00, 0xE1, 0x00, 0xE1, 0x00, 0x20, 0x00, 0x00, 0x00, 0xE7,
	0x00, 0xE3, 0x00, 0x44, 0x01, 0x00, 0x00, 0xE7, 0x00, 0xE4, 0x00, 0x08,
	0x00, 0x00, 0x00, 0xE7, 0x00, 0xE5, 0x00, 0x47, 0x01, 0x00, 0x00, 0xE7,
	0x00, 0xE6, 0x00, 0x2B, 0x00, 0x00, 0x00, 0xE6, 0x00, 0xE6, 0x00, 0x21,
	0x00, 0x00, 0x00, 0xEC, 0x00, 0xE8, 0x00, 0x44, 0x01, 0x00, 0x00, 0xEC,
	0x00, 0xE9, 0x00, 0x08, 0x00, 0x00, 0x00, 0xEC, 0x00, 0xEA, 0x00, 0x47,
	0x01, 0x00, 0x00, 0xEC, 0x00, 0xEB, 0x00, 0x2C, 0x00, 0x00, 0x00, 0xEB,
	0x00, 0xEB, 0x00, 0x22, 0x00, 0x00, 0x00, 0xF1, 0x00, 0xED, 0x00, 0x44,
	0x01, 0x00, 0x00, 0xF1, 0x00, 0xEE, 0x00, 0x08, 0x00, 0x00, 0x00, 0xF1,
	0x00, 0xEF, 0x00, 0x47, 0x01, 0x00, 0x00, 0xF1, 0x00, 0xF0, 0x00, 0x2D,
	0x00, 0x00, 0x00, 0xF0, 0x00, 0xF0, 0x00, 0x23, 0x00, 0x00, 0x00, 0xF6,
	0x00, 0xF2, 0x00, 0x44, 0x01, 0x00, 0x00, 0xF6, 0x00, 0xF3, 0x00, 0x08,
	0x00, 0x00, 0x00, 0xF6, 0x00, 0xF4, 0x00, 0x47, 0x01, 0x00, 0x00, 0xF6,
	0x00, 0xF5, 0x00, 0x2E, 0x00, 0x00, 0x00, 0xF5, 0x00, 0xF5, 0x00, 0x24,
	0x00, 0x00, 0x00, 0xFB, 0x00, 0xF7, 0x00, 0x44, 0x01, 0x00, 0x00, 0xFB,
	0x00, 0xF8, 0x00, 0x08, 0x00, 0x00, 0x00, 0xFB, 0x00, 0xF9, 0x00, 0x47,
	0x01, 0x00, 0x00, 0xFB, 0x00, 0xFA, 0x00, 0x2F, 0x00, 0x00, 0x00, 0xFA,
	0x00, 0xFA, 0x00, 0x25, 0x00, 0x00, 0x00, 0x00, 0x01, 0xFC, 0x00, 0x44,
	0x01, 0x00, 0x00, 0x00, 0x01, 0xFD, 0x00, 0x08, 0x00, 0x00, 0x00, 0x00,
	0x01, 0xFE, 0x00, 0x47, 0x01, 0x00, 0x00, 0x00, 0x01, 0xFF, 0x00, 0x30,
	0x00, 0x00, 0x00, 0xFF, 0x00, 0xFF, 0x00, 0x26, 0x00, 0x00, 0x00, 0x05,
	0x01, 0x01, 0x01, 0x44, 0x01, 0x00, 0x00, 0x05, 0x01, 0x02, 0x01, 0x08,
	0x00, 0x00, 0x00, 0x05, 0x01, 0x03, 0x01, 0x47, 0x01, 0x00, 0x00, 0x05,
	0x01, 0x04, 0x01, 0x31, 0x00, 0x00, 0x00, 0x04, 0x01, 0x04, 0x01, 0x27,
	0x00, 0x00, 0x00, 0x0A, 0x01, 0x06, 0x01, 0x44, 0x01, 0x00, 0x00, 0x0A,
	0x01, 0x07, 0x01, 0x08, 0x00, 0x00, 0x00, 0x0A, 0x01, 0x08, 0x01, 0x47,
	0x01, 0x00, 0x00, 0x0A, 0x01, 0x09, 0x01, 0x32, 0x00, 0x00, 0x00, 0x09,
	0x01, 0x09, 0x01, 0x28, 0x00, 0x00, 0x00, 0x0F, 0x01, 0x0B, 0x01, 0x44,
	0x01, 0x00, 0x00, 0x0F, 0x01, 0x0C, 0x01, 0x08, 0x00, 0x00, 0x00, 0x0F,
	0x01, 0x0D, 0x01, 0x47, 0x01, 0x00, 0x00, 0x0F, 0x01, 0x0E, 0x01, 0x33,
	0x00, 0x00, 0x00, 0x0E, 0x01, 0x0E, 0x01, 0x29, 0x00, 0x00, 0x00, 0x14,
	0x01, 0x10, 0x01, 0x44, 0x01, 0x00, 0x00, 0x14, 0x01, 0x11, 0x01, 0x08,
	0x00, 0x00, 0x00, 0x14, 0x01, 0x12, 0x01, 0x47, 0x01, 0x00, 0x00, 0x14,
	0x01, 0x13, 0x01, 0x34, 0x00, 0x00, 0x00, 0x13, 0x01, 0x13, 0x01, 0x2A,
	0x00, 0x00, 0x00, 0x19, 0x01, 0x15, 0x01, 0x44, 0x01, 0x00, 0x00, 0x19,
	0x01, 0x16, 0x01, 0x08, 0x00, 0x00, 0x00, 0x19, 0x01, 0x17, 0x01, 0x47,
	0x01, 0x00, 0x00, 0x19, 0x01, 0x18, 0x01, 0x35, 0x00, 0x00, 0x00, 0x18,
	0x01, 0x18, 0x01, 0x2B, 0x00, 0x00, 0x00, 0x1E, 0x01, 0x1A, 0x01, 0x44,
	0x01, 0x00, 0x00, 0x1E, 0x01, 0x1B, 0x01, 0x08, 0x00, 0x00, 0x00, 0x1E,
	0x01, 0x1C, 0x01, 0x47, 0x01, 0x00, 0x00, 0x1E, 0x01, 0x1D, 0x01, 0x36,
	0x00, 0x00, 0x00, 0x1D, 0x01, 0x1D, 0x01, 0x2C, 0x00, 0x00, 0x00, 0x23,
	0x01, 0x1F, 0x01, 0x44, 0x01, 0x00, 0x00, 0x23, 0x01, 0x20, 0x01, 0x08,
	0x00, 0x00, 0x00, 0x23, 0x01, 0x21, 0x01, 0x47, 0x01, 0x00, 0x00, 0x23,
	0x01, 0x22, 0x01, 0x37, 0x00, 0x00, 0x00, 0x22, 0x01, 0x22, 0x01, 0x2D,
	0x00, 0x00, 0x00, 0x28, 0x01, 0x24, 0x01, 0x44, 0x01, 0x00, 0x00, 0x28,
	0x01, 0x25, 0x01, 0x08, 0x00, 0x00, 0x00, 0x28, 0x01, 0x26, 0x01, 0x47,
	0x01, 0x00, 0x00, 0x28, 0x01, 0x27, 0x01, 0x38, 0x00, 0x00, 0x00, 0x27,
	0x01, 0x27, 0x01, 0x2E, 0x00, 0x00, 0x00, 0x2D, 0x01, 0x29, 0x01, 0x44,
	0x01, 0x00, 0x00, 0x2D, 0x01, 0x2A, 0x01, 0x08, 0x00, 0x00, 0x00, 0x2D,
	0x01, 0x2B, 0x01, 0x47, 0x01, 0x00, 0x00, 0x2D, 0x01, 0x2C, 0x01, 0x39,
	0x00, 0x00, 0x00, 0x2C, 0x01, 0x2C, 0x01, 0x2F, 0x00, 0x00, 0x00, 0x33,
	0x01, 0x2E, 0x01, 0x44, 0x01, 0x00, 0x00, 0x33, 0x01, 0x2F, 0x01, 0x08,
	0x00, 0x00, 0x00, 0x33, 0x01, 0x30, 0x01, 0x47, 0x01, 0x00, 0x00, 0x33,
	0x01, 0x31, 0x01, 0x3A, 0x00, 0x00, 0x00, 0x33, 0x01, 0x32, 0x01, 0x3B,
	0x00, 0x00, 0x00, 0x32, 0x01, 0x32, 0x01, 0x30, 0x00, 0x00, 0x00, 0x38,
	0x01, 0x34, 0x01, 0x44, 0x01, 0x00, 0x00, 0x38, 0x01, 0x35, 0x01, 0x08,
	0x00, 0x00, 0x00, 0x38, 0x01, 0x36, 0x01, 0x47, 0x01, 0x00, 0x00, 0x38,
	0x01, 0x37, 0x01, 0x3A, 0x00, 0x00, 0x00, 0x37, 0x01, 0x37, 0x01, 0x31,
	0x00, 0x00, 0x00, 0x3B, 0x01, 0x39, 0x01, 0x44, 0x01, 0x00, 0x00, 0x3B,
	0x01, 0x3A, 0x01, 0x08, 0x00, 0x00, 0x00, 0x3A, 0x01, 0x3A, 0x01, 0x32,
	0x00, 0x00, 0x00, 0x3D, 0x01, 0x3C, 0x01, 0x44, 0x01, 0x00, 0x00, 0x3C,
	0x01, 0x3C, 0x01, 0x33, 0x00, 0x00, 0x00, 0x00, 0x00, 0x00, 0x00, 0x00,
	0x00, 0x00, 0x00, 0x01, 0x00, 0x00, 0x00, 0x18, 0x00, 0x00, 0x00, 0x02,
	0x00, 0x01, 0x00, 0x3B, 0x01, 0x00, 0x00, 0x01, 0x00, 0x01, 0x00, 0x00,
	0x00, 0x00, 0x00, 0x00, 0x00, 0x00, 0x00, 0x00, 0x00, 0x00, 0x00, 0x01,
	0x00, 0x00, 0x00, 0x30, 0x00, 0x00, 0x00, 0x03, 0x00, 0x01, 0x00, 0x46,
	0x01, 0x00, 0x00, 0x03, 0x00, 0x02, 0x00, 0x45, 0x01, 0x00, 0x00, 0x02,
	0x00, 0x02, 0x00, 0x00, 0x00, 0x00, 0x00, 0x05, 0x00, 0x04, 0x00, 0x46,
	0x01, 0x00, 0x00, 0x04, 0x00, 0x04, 0x00, 0x01, 0x00, 0x00, 0x00, 0x00,
	0x00, 0x00, 0x00, 0x00, 0x00, 0x00, 0x00, 0x01, 0x00, 0x00, 0x00, 0x28,
	0x00, 0x00, 0x00, 0x02, 0x00, 0x01, 0x00, 0x00, 0x00, 0x00, 0x00, 0x01,
	0x00, 0x01, 0x00, 0x00, 0x00, 0x00, 0x00, 0x04, 0x00, 0x03, 0x00, 0x3B,
	0x01, 0x00, 0x00, 0x03, 0x00, 0x03, 0x00, 0x01, 0x00, 0x00, 0x00, 0x00,
	0x00, 0x00, 0x00, 0x00, 0x00, 0x00, 0x00, 0x00, 0x00, 0x00, 0x00, 0x00,
	0xDE, 0xFF, 0xFF, 0x24, 0x19, 0x00, 0x00, 0x00, 0x00, 0x20, 0x00, 0x0C,
	0x00, 0x00, 0x00, 0xE9, 0x05, 0x00, 0x00, 0x00, 0x20, 0x20, 0x00, 0x0C,
	0x00, 0x00, 0x00, 0xB4, 0x0E, 0xD3, 0x0E, 0x00, 0x30, 0x20, 0x00, 0x0C,
	0x00, 0x00, 0x00, 0xB3, 0x01, 0xAE, 0x0B, 0x00, 0x40, 0x22, 0x00, 0x10,
	0x00, 0x00, 0x00, 0xB2, 0x03, 0xC9, 0x03, 0x0F, 0x09, 0x63, 0x0E, 0x00,
	0x50, 0x22, 0x00, 0x10, 0x00, 0x00, 0x00, 0xE8, 0x00, 0x5C, 0x06, 0x04,
	0x09, 0x2F, 0x0E, 0x00, 0x60, 0x22, 0x00, 0x0C, 0x00, 0x00, 0x00, 0xD7,
	0x09, 0xDF, 0x0B, 0x00, 0x70, 0x22, 0x00, 0x14, 0x00, 0x00, 0x00, 0x8F,
	0x00, 0xA9, 0x01, 0x9A, 0x04, 0x5A, 0x05, 0xA8, 0x0C, 0xFF, 0x0D, 0x00,
	0x80, 0x22, 0x00, 0x10, 0x00, 0x00, 0x00, 0x9B, 0x02, 0xFE, 0x0B, 0x56,
	0x0C, 0x00, 0x00, 0x00, 0xA0, 0x22, 0x00, 0x0C, 0x00, 0x00, 0x00, 0x95,
	0x03, 0x9D, 0x07, 0x00, 0xB0, 0x22, 0x00, 0x0C, 0x00, 0x00, 0x00, 0x45,
	0x0A, 0xF5, 0x0B, 0x00, 0xC0, 0x22, 0x00, 0x10, 0x00, 0x00, 0x00, 0x0E,
	0x00, 0x2F, 0x00, 0x0C, 0x09, 0x00, 0x00, 0x00, 0xD0, 0x22, 0x00, 0x0C,
	0x00, 0x00, 0x00, 0x56, 0x01, 0x1D, 0x0B, 0x00, 0xE0, 0x22, 0x00, 0x0C,
	0x00, 0x00, 0x00, 0x85, 0x0C, 0x00, 0x00, 0x00, 0x00, 0x23, 0x00, 0x10,
	0x00, 0x00, 0x00, 0xB1, 0x0D, 0x4B, 0x0E, 0xF5, 0x0F, 0x00, 0x00, 0x00,
	0x10, 0x23, 0x00, 0x1C, 0x00, 0x00, 0x00, 0x0D, 0x00, 0x49, 0x00, 0xB0,
	0x00, 0x0D, 0x01, 0x7A, 0x01, 0x5C, 0x03, 0xBC, 0x03, 0xE3, 0x05, 0x72,
	0x06, 0x00, 0x00, 0x00, 0x80, 0x26, 0x00, 0x0C, 0x00, 0x00, 0x00, 0x58,
	0x04, 0x00, 0x00, 0x00, 0x40, 0x27, 0x00, 0x10, 0x00, 0x00, 0x00, 0xE3,
	0x06, 0xD5, 0x07, 0xE9, 0x09, 0xD7, 0x0A, 0x00, 0x50, 0x27, 0x00, 0x14,
	0x00, 0x00, 0x00, 0x74, 0x08, 0x79, 0x0A, 0xB1, 0x0A, 0x64, 0x0B, 0x60,
	0x0E, 0x00, 0x00, 0x00, 0x60, 0x27, 0x00, 0x10, 0x00, 0x00, 0x00, 0x38,
	0x06, 0x5A, 0x07, 0xF3, 0x0B, 0x4D, 0x0E, 0x00, 0x70, 0x27, 0x00, 0x20,
	0x00, 0x00, 0x00, 0x1A, 0x00, 0x3F, 0x00, 0xA7, 0x02, 0x48, 0x06, 0x30,
	0x08, 0x52, 0x08, 0xC1, 0x0B, 0xE3, 0x0B, 0x08, 0x0E, 0x31, 0x0E, 0x3B,
	0x0E, 0x00, 0x00, 0x00, 0x80, 0x27, 0x00, 0x10, 0x00, 0x00, 0x00, 0x86,
	0x00, 0xB9, 0x03, 0x4C, 0x0B, 0xD3, 0x0C, 0x00, 0x90, 0x27, 0x00, 0x0C,
	0x00, 0x00, 0x00, 0x40, 0x00, 0xE7, 0x0E, 0x00, 0xA0, 0x27, 0x00, 0x14,
	0x00, 0x00, 0x00, 0xDA, 0x02, 0x5E, 0x04, 0x9C, 0x05, 0xDB, 0x07, 0x9D,
	0x0C, 0xD2, 0x0F, 0x00, 0xB0, 0x27, 0x00, 0x14, 0x00, 0x00, 0x00, 0xBD,
	0x01, 0xD8, 0x06, 0xDC, 0x09, 0xF4, 0x09, 0xC5, 0x0B, 0x00, 0x00, 0x00,
	0xC0, 0x27, 0x00, 0x10, 0x00, 0x00, 0x00, 0x6E, 0x04, 0x85, 0x07, 0xD0,
	0x07, 0x00, 0x00, 0x00, 0xD0, 0x27, 0x00, 0x0C, 0x00, 0x00, 0x00, 0x17,
	0x02, 0x6D, 0x0A, 0x00, 0xE0, 0x27, 0x00, 0x0C, 0x00, 0x00, 0x00, 0x21,
	0x01, 0x4D, 0x07, 0x00, 0xF0, 0x27, 0x00, 0x14, 0x00, 0x00, 0x00, 0x4B,
	0x01, 0x62, 0x01, 0x41, 0x05, 0x60, 0x05, 0x60, 0x0B, 0x81, 0x0D, 0x00,
	0x00, 0x28, 0x00, 0x18, 0x00, 0x00, 0x00, 0x57, 0x02, 0x24, 0x04, 0x18,
	0x05, 0xFE, 0x06, 0x29, 0x08, 0xD8, 0x09, 0x7E, 0x0B, 0x25, 0x0E, 0x00,
	0x10, 0x28, 0x00, 0x10, 0x00, 0x00, 0x00, 0xC6, 0x04, 0x50, 0x05, 0xE8,
	0x0A, 0x00, 0x00, 0x00, 0x20, 0x28, 0x00, 0x10, 0x00, 0x00, 0x00, 0x9A,
	0x04, 0xC8, 0x05, 0xF0, 0x0C, 0x00, 0x00, 0x00, 0x30, 0x28, 0x00, 0x0C,
	0x00, 0x00, 0x00, 0x6B, 0x03, 0x27, 0x06, 0x00, 0x50, 0x28, 0x00, 0x0C,
	0x00, 0x00, 0x00, 0x5A, 0x01, 0x13, 0x0A, 0x00, 0x60, 0x28, 0x00, 0x10,
	0x00, 0x00, 0x00, 0xD5, 0x0C, 0x49, 0x0E, 0xD7, 0x0E, 0x00, 0x00, 0x00,
	0x70, 0x28, 0x00, 0x0C, 0x00, 0x00, 0x00, 0x23, 0x0A, 0x00, 0x00, 0x00,
	0x90, 0x28, 0x00, 0x10, 0x00, 0x00, 0x00, 0x00, 0x04, 0x1B, 0x05, 0x10,
	0x0A, 0x7A, 0x0B, 0x00, 0xA0, 0x28, 0x00, 0x0C, 0x00, 0x00, 0x00, 0x74,
	0x0D, 0x00, 0x00, 0x00, 0xB0, 0x28, 0x00, 0x14, 0x00, 0x00, 0x00, 0x01,
	0x01, 0xA1, 0x06, 0x94, 0x07, 0xF8, 0x08, 0x2F, 0x0D, 0x00, 0x00, 0x00,
	0xC0, 0x28, 0x00, 0x10, 0x00, 0x00, 0x00, 0x49, 0x04, 0x50, 0x0D, 0xA7,
	0x0D, 0x00, 0x00, 0x00, 0xD0, 0x28, 0x00, 0x14, 0x00, 0x00, 0x00, 0xE9,
	0x03, 0x51, 0x04, 0xC4, 0x09, 0x39, 0x0A, 0xD1, 0x0C, 0x3A, 0x0D, 0x00,
	0xE0, 0x28, 0x00, 0x20, 0x00, 0x00, 0x00, 0x5B, 0x01, 0x49, 0x02, 0xCF,
	0x02, 0x5E, 0x06, 0x7A, 0x06, 0x57, 0x07, 0xE2, 0x07, 0x1F, 0x09, 0x6A,
	0x09, 0x92, 0x0A, 0x86, 0x0D, 0x00, 0x00, 0x00, 0xF0, 0x28, 0x00, 0x0C,
	0x00, 0x00, 0x00, 0x20, 0x0B, 0x00, 0x00, 0x00, 0x00, 0x29, 0x00, 0x18,
	0x00, 0x00, 0x00, 0xCA, 0x01, 0x13, 0x03, 0x41, 0x03, 0x69, 0x04, 0x10,
	0x05, 0x39, 0x0C, 0xCE, 0x0C, 0x00, 0x00, 0x00, 0x10, 0x29, 0x00, 0x1C,
	0x00, 0x00, 0x00, 0x7D, 0x00, 0x42, 0x01, 0x7A, 0x04, 0x99, 0x09, 0xBD,
	0x09, 0xE6, 0x09, 0x37, 0x0A, 0x03, 0x0C, 0xAA, 0x0C, 0x55, 0x0E, 0x00,
	0x20, 0x29, 0x00, 0x14, 0x00, 0x00, 0x00, 0x99, 0x04, 0x07, 0x05, 0xD2,
	0x05, 0xF6, 0x09, 0xD1, 0x0A, 0x00, 0x00, 0x00, 0x30, 0x29, 0x00, 0x1C,
	0x00, 0x00, 0x00, 0x32, 0x00, 0x4D, 0x01, 0x32, 0x04, 0x85, 0x05, 0xF7,
	0x06, 0x19, 0x07, 0x50, 0x08, 0xB9, 0x0B, 0xE0, 0x0B, 0xE1, 0x0F, 0x00,
	0x40, 0x29, 0x00, 0x0C, 0x00, 0x00, 0x00, 0xD0, 0x07, 0x00, 0x00, 0x00,
	0x60, 0x29, 0x00, 0x18, 0x00, 0x00, 0x00, 0x07, 0x01, 0x25, 0x02, 0x5F,
	0x03, 0x6A, 0x08, 0x1C, 0x0C, 0x55, 0x0E, 0xC6, 0x0F, 0x00, 0x00, 0x00,
	0x70, 0x29, 0x00, 0x14, 0x00, 0x00, 0x00, 0x2E, 0x04, 0x4E, 0x05, 0x24,
	0x07, 0x48, 0x0A, 0xEF, 0x0C, 0xD2, 0x0D, 0x00, 0x80, 0x29, 0x00, 0x0C,
	0x00, 0x00, 0x00, 0xC3, 0x00, 0xE5, 0x01, 0x00, 0x90, 0x29, 0x00, 0x10,
	0x00, 0x00, 0x00, 0x9C, 0x04, 0x63, 0x06, 0xCF, 0x07, 0xED, 0x0E, 0x00,
	0xA0, 0x29, 0x00, 0x10, 0x00, 0x00, 0x00, 0x74, 0x00, 0xF4, 0x05, 0x19,
	0x0F, 0x00, 0x00, 0x00, 0xB0, 0x29, 0x00, 0x14, 0x00, 0x00, 0x00, 0xFB,
	0x00, 0x20, 0x01, 0x8C, 0x09, 0xED, 0x0C, 0x8B, 0x0D, 0xC0, 0x0F, 0x00,
	0xC0, 0x29, 0x00, 0x30, 0x00, 0x00, 0x00, 0x56, 0x00, 0x81, 0x02, 0xD6,
	0x03, 0x90, 0x04, 0xE1, 0x05, 0xA8, 0x06, 0xCA, 0x07, 0xBD, 0x08, 0xC7,
	0x08, 0x01, 0x0A, 0xA2, 0x0A, 0xE3, 0x0A, 0x20, 0x0B, 0x40, 0x0B, 0xC7,
	0x0B, 0x09, 0x0D, 0x4B, 0x0E, 0x57, 0x0F, 0xD5, 0x0F, 0x00, 0x00, 0x00,
	0xD0, 0x29, 0x00, 0x34, 0x00, 0x00, 0x00, 0x29, 0x00, 0x74, 0x00, 0x69,
	0x01, 0x11, 0x03, 0xA7, 0x04, 0x34, 0x06, 0x72, 0x06, 0xB6, 0x08, 0x1A,
	0x09, 0x97, 0x09, 0xDF, 0x09, 0x38, 0x0A, 0x52, 0x0A, 0x9E, 0x0A, 0xE4,
	0x0A, 0x8B, 0x0B, 0xB5, 0x0C, 0xCA, 0x0D, 0x33, 0x0E, 0x64, 0x0F, 0x8F,
	0x0F, 0x00, 0x00, 0x00, 0xE0, 0x29, 0x00, 0x2C, 0x00, 0x00, 0x00, 0x6A,
	0x00, 0xED, 0x00, 0x28, 0x01, 0x79, 0x01, 0xA5, 0x01, 0xE6, 0x01, 0x03,
	0x04, 0xC4, 0x04, 0xE7, 0x04, 0x6F, 0x06, 0xCF, 0x09, 0x1F, 0x0B, 0x84,
	0x0B, 0xD0, 0x0D, 0x36, 0x0E, 0xC2, 0x0E, 0xE5, 0x0E, 0x00, 0x00, 0x00,
	0xF0, 0x29, 0x00, 0x18, 0x00, 0x00, 0x00, 0x78, 0x00, 0xC9, 0x00, 0xD7,
	0x02, 0xD0, 0x04, 0x66, 0x09, 0x93, 0x09, 0x5A, 0x0D, 0xE9, 0x0E, 0x00,
	0x00, 0x2A, 0x00, 0x24, 0x00, 0x00, 0x00, 0x2D, 0x00, 0x2D, 0x02, 0x63,
	0x02, 0x15, 0x03, 0xD3, 0x03, 0xC6, 0x04, 0x80, 0x07, 0xA0, 0x0A, 0x70,
	0x0B, 0xC3, 0x0B, 0x42, 0x0C, 0xF6, 0x0C, 0xD6, 0x0D, 0x40, 0x0E, 0x00,
	0x10, 0x2A, 0x00, 0x18, 0x00, 0x00, 0x00, 0x6E, 0x01, 0x93, 0x04, 0x5B,
	0x06, 0x98, 0x08, 0x06, 0x0A, 0xA8, 0x0A, 0x96, 0x0B, 0xE6, 0x0C, 0x00,
	0x20, 0x2A, 0x00, 0x0C, 0x00, 0x00, 0x00, 0x4C, 0x00, 0xDF, 0x02, 0x00,
	0x10, 0x2B, 0x00, 0x18, 0x00, 0x00, 0x00, 0x29, 0x03, 0x14, 0x04, 0x1B,
	0x05, 0x66, 0x06, 0xDD, 0x07, 0x07, 0x0A, 0xA9, 0x0C, 0x00, 0x00, 0x00,
	0x20, 0x2B, 0x00, 0x10, 0x00, 0x00, 0x00, 0x89, 0x0A, 0x06, 0x0E, 0x7C,
	0x0E, 0x00, 0x00, 0x00, 0x30, 0x2B, 0x00, 0x0C, 0x00, 0x00, 0x00, 0x2C,
	0x02, 0x00, 0x00, 0x00, 0x40, 0x2B, 0x00, 0x14, 0x00, 0x00, 0x00, 0xC8,
	0x02, 0xD4, 0x07, 0xE0, 0x08, 0x3B, 0x0C, 0x01, 0x0D, 0x00, 0x00, 0x00,
	0x70, 0x2B, 0x00, 0x0C, 0x00, 0x00, 0x00, 0x4A, 0x04, 0x00, 0x00, 0x00,
	0x80, 0x2B, 0x00, 0x0C, 0x00, 0x00, 0x00, 0xEF, 0x01, 0x00, 0x00, 0x00,
	0xA0, 0x2B, 0x00, 0x0C, 0x00, 0x00, 0x00, 0x3A, 0x0D, 0xA5, 0x0D, 0x00,
	0xB0, 0x2B, 0x00, 0x14, 0x00, 0x00, 0x00, 0x77, 0x08, 0x43, 0x09, 0x8B,
	0x09, 0xEA, 0x09, 0xE2, 0x0D, 0x00, 0x00, 0x00, 0xD0, 0x2B, 0x00, 0x0C,
	0x00, 0x00, 0x00, 0x08, 0x02, 0x33, 0x03, 0x00, 0x10, 0x2C, 0x00, 0x0C,
	0x00, 0x00, 0x00, 0xA2, 0x0E, 0x00, 0x00, 0x00, 0x20, 0x2C, 0x00, 0x14,
	0x00, 0x00, 0x00, 0xF0, 0x01, 0x1E, 0x03, 0x97, 0x03, 0x3E, 0x04, 0xBC,
	0x07, 0x00, 0x00, 0x00, 0x30, 0x2C, 0x00, 0x14, 0x00, 0x00, 0x00, 0x39,
	0x08, 0x17, 0x0B, 0x4B, 0x0D, 0x9B, 0x0E, 0xD5, 0x0F, 0x00, 0x00, 0x00,
	0x40, 0x2C, 0x00, 0x20, 0x00, 0x00, 0x00, 0x66, 0x00, 0x03, 0x03, 0x5A,
	0x03, 0xD6, 0x03, 0x15, 0x04, 0xBF, 0x04, 0x83, 0x05, 0xFD, 0x05, 0x70,
	0x08, 0x6D, 0x0C, 0x6E, 0x0D, 0x00, 0x00, 0x00, 0x50, 0x2C, 0x00, 0x18,
	0x00, 0x00, 0x00, 0xB6, 0x00, 0xFB, 0x03, 0x1E, 0x04, 0xDB, 0x04, 0x3E,
	0x05, 0xCF, 0x0C, 0x99, 0x0E, 0x00, 0x00, 0x00, 0x60, 0x2C, 0x00, 0x10,
	0x00, 0x00, 0x00, 0xCB, 0x01, 0x44, 0x07, 0xCE, 0x0C, 0x00, 0x00, 0x00,
	0x70, 0x2C, 0x00, 0x10, 0x00, 0x00, 0x00, 0x97, 0x02, 0x8D, 0x05, 0x04,
	0x09, 0x2E, 0x0A, 0x00, 0x80, 0x2C, 0x00, 0x20, 0x00, 0x00, 0x00, 0xF3,
	0x00, 0x63, 0x01, 0xBD, 0x04, 0x2D, 0x05, 0x51, 0x08, 0x5D, 0x0A, 0xC4,
	0x0B, 0xD9, 0x0C, 0x7C, 0x0D, 0xEB, 0x0D, 0xE7, 0x0E, 0x00, 0x00, 0x00,
	0x90, 0x2C, 0x00, 0x18, 0x00, 0x00, 0x00, 0xAB, 0x01, 0xE0, 0x03, 0x42,
	0x05, 0x4D, 0x06, 0x9C, 0x0B, 0x12, 0x0D, 0x3C, 0x0F, 0x00, 0x00, 0x00,
	0xA0, 0x2C, 0x00, 0x10, 0x00, 0x00, 0x00, 0x25, 0x05, 0xAC, 0x05, 0x04,
	0x0A, 0x00, 0x00, 0x00, 0xB0, 0x2C, 0x00, 0x14, 0x00, 0x00, 0x00, 0xCC,
	0x01, 0xD7, 0x03, 0xC7, 0x06, 0xC8, 0x0C, 0xA0, 0x0F, 0x00, 0x00, 0x00,
	0xC0, 0x2C, 0x00, 0x14, 0x00, 0x00, 0x00, 0x2B, 0x00, 0xD6, 0x00, 0xC3,
	0x06, 0xA2, 0x0C, 0x55, 0x0F, 0xB4, 0x0F, 0x00, 0xD0, 0x2C, 0x00, 0x10,
	0x00, 0x00, 0x00, 0x15, 0x05, 0x3D, 0x06, 0x7B, 0x0B, 0x41, 0x0D, 0x00,
	0xE0, 0x2C, 0x00, 0x10, 0x00, 0x00, 0x00, 0x8C, 0x02, 0x36, 0x08, 0x82,
	0x0B, 0x52, 0x0D, 0x00, 0xF0, 0x2C, 0x00, 0x0C, 0x00, 0x00, 0x00, 0xD1,
	0x01, 0x52, 0x0D, 0x00, 0x00, 0x2D, 0x00, 0x18, 0x00, 0x00, 0x00, 0xA7,
	0x01, 0x38, 0x04, 0xED, 0x06, 0xB1, 0x07, 0x88, 0x09, 0xDB, 0x0A, 0xE9,
	0x0B, 0x33, 0x0E, 0x00, 0x10, 0x2D, 0x00, 0x18, 0x00, 0x00, 0x00, 0xFA,
	0x01, 0x75, 0x05, 0xB2, 0x06, 0x63, 0x0B, 0x26, 0x0D, 0x40, 0x0D, 0x63,
	0x0D, 0x81, 0x0D, 0x00, 0x20, 0x2D, 0x00, 0x10, 0x00, 0x00, 0x00, 0x8B,
	0x01, 0x43, 0x04, 0x82, 0x0A, 0x00, 0x00, 0x00, 0x30, 0x2D, 0x00, 0x14,
	0x00, 0x00, 0x00, 0x5A, 0x00, 0xC2, 0x00, 0x82, 0x09, 0x40, 0x0C, 0x71,
	0x0F, 0x00, 0x00, 0x00, 0xA0, 0x2D, 0x00, 0x14, 0x00, 0x00, 0x00, 0x33,
	0x04, 0x43, 0x04, 0x62, 0x05, 0xA1, 0x05, 0xBF, 0x05, 0xFA, 0x05, 0x00,
	0x20, 0x2E, 0x00, 0x0C, 0x00, 0x00, 0x00, 0x82, 0x08, 0x00, 0x00, 0x00,
	0x30, 0x2E, 0x00, 0x10, 0x00, 0x00, 0x00, 0x57, 0x01, 0xA2, 0x03, 0xCE,
	0x04, 0x32, 0x09, 0x00, 0xC0, 0x2E, 0x00, 0x10, 0x00, 0x00, 0x00, 0xAC,
	0x00, 0x94, 0x0B, 0xDB, 0x0E, 0x00, 0x00, 0x00, 0xD0, 0x2E, 0x00, 0x14,
	0x00, 0x00, 0x00, 0xCE, 0x08, 0x7B, 0x09, 0x74, 0x0B, 0xE9, 0x0C, 0x93,
	0x0D, 0x00, 0x00, 0x00, 0xE0, 0x2E, 0x00, 0x1C, 0x00, 0x00, 0x00, 0x88,
	0x0C, 0x9C, 0x0C, 0xF1, 0x0C, 0x18, 0x0D, 0x2E, 0x0D, 0x5B, 0x0E, 0x6F,
	0x0E, 0xAB, 0x0E, 0xBF, 0x0E, 0x00, 0x00, 0x00, 0xF0, 0x2E, 0x00, 0x1C,
	0x00, 0x00, 0x00, 0x71, 0x00, 0x32, 0x01, 0x63, 0x03, 0x76, 0x04, 0x1D,
	0x06, 0x31, 0x06, 0x7A, 0x06, 0xCD, 0x07, 0xEC, 0x07, 0x35, 0x09, 0x00,
	0x00, 0x2F, 0x00, 0x10, 0x00, 0x00, 0x00, 0x68, 0x04, 0x90, 0x04, 0xA0,
	0x05, 0x19, 0x0A, 0x00, 0x50, 0x2F, 0x00, 0x0C, 0x00, 0x00, 0x00, 0xE3,
	0x01, 0x34, 0x0F, 0x00, 0x60, 0x2F, 0x00, 0x14, 0x00, 0x00, 0x00, 0x55,
	0x01, 0xCA, 0x01, 0xE0, 0x06, 0x2D, 0x0C, 0xFC, 0x0C, 0x00, 0x00, 0x00,
	0x70, 0x2F, 0x00, 0x14, 0x00, 0x00, 0x00, 0x93, 0x03, 0x1E, 0x09, 0xE3,
	0x0E, 0x80, 0x0F, 0xEE, 0x0F, 0x00, 0x00, 0x00, 0x80, 0x2F, 0x00, 0x10,
	0x00, 0x00, 0x00, 0x4B, 0x04, 0x30, 0x06, 0x52, 0x0E, 0x00, 0x00, 0x00,
	0x90, 0x2F, 0x00, 0x10, 0x00, 0x00, 0x00, 0x33, 0x01, 0x63, 0x0D, 0x81,
	0x0D, 0x00, 0x00, 0x00, 0xA0, 0x2F, 0x00, 0x10, 0x00, 0x00, 0x00, 0xB0,
	0x04, 0x92, 0x05, 0xDB, 0x0B, 0x00, 0x00, 0x00, 0xB0, 0x2F, 0x00, 0x10,
	0x00, 0x00, 0x00, 0xC5, 0x00, 0x2D, 0x0C, 0x52, 0x0E, 0xCC, 0x0E, 0x00,
	0xC0, 0x2F, 0x00, 0x0C, 0x00, 0x00, 0x00, 0x1A, 0x08, 0x91, 0x0A, 0x00,
	0xD0, 0x2F, 0x00, 0x0C, 0x00, 0x00, 0x00, 0x35, 0x0A, 0x00, 0x00, 0x00,
	0xE0, 0x2F, 0x00, 0x10, 0x00, 0x00, 0x00, 0x5D, 0x09, 0x4F, 0x0C, 0x70,
	0x0C, 0x00, 0x00, 0x00, 0xF0, 0x2F, 0x00, 0x0C, 0x00, 0x00, 0x00, 0xDD,
	0x05, 0xC9, 0x06, 0x00, 0x00, 0x30, 0x00, 0x14, 0x00, 0x00, 0x00, 0xB6,
	0x04, 0x1D, 0x0A, 0x81, 0x0A, 0x66, 0x0F, 0x7E, 0x0F, 0x00, 0x00, 0x00,
	0x10, 0x30, 0x00, 0x18, 0x00, 0x00, 0x00, 0x0F, 0x01, 0x2E, 0x01, 0x38,
	0x03, 0x59, 0x03, 0xE7, 0x07, 0x1F, 0x09, 0xC3, 0x0B, 0x00, 0x00, 0x00,
	0x20, 0x30, 0x00, 0x10, 0x00, 0x00, 0x00, 0xD5, 0x01, 0xB7, 0x05, 0x1E,
	0x08, 0x00, 0x00, 0x00, 0x30, 0x30, 0x00, 0x14, 0x00, 0x00, 0x00, 0x45,
	0x01, 0x35, 0x04, 0x18, 0x06, 0xDB, 0x08, 0xB2, 0x0D, 0x00, 0x00, 0x00,
	0x40, 0x30, 0x00, 0x10, 0x00, 0x00, 0x00, 0x24, 0x02, 0x90, 0x05, 0xA4,
	0x05, 0x00, 0x00, 0x00, 0x50, 0x30, 0x00, 0x14, 0x00, 0x00, 0x00, 0x7C,
	0x02, 0xAD, 0x03, 0x36, 0x08, 0xBE, 0x0B, 0xEB, 0x0F, 0x00, 0x00, 0x00,
	0x60, 0x30, 0x00, 0x0C, 0x00, 0x00, 0x00, 0xE9, 0x07, 0x00, 0x00, 0x00,
	0x70, 0x30, 0x00, 0x10, 0x00, 0x00, 0x00, 0xBA, 0x0B, 0xEA, 0x0C, 0xA5,
	0x0E, 0x62, 0x0F, 0x00, 0x80, 0x30, 0x00, 0x10, 0x00, 0x00, 0x00, 0x3F,
	0x01, 0xFE, 0x01, 0x5F, 0x02, 0x09, 0x0D, 0x00, 0x90, 0x30, 0x00, 0x10,
	0x00, 0x00, 0x00, 0x16, 0x07, 0xCA, 0x09, 0xE3, 0x0A, 0x00, 0x00, 0x00,
	0xA0, 0x30, 0x00, 0x14, 0x00, 0x00, 0x00, 0x10, 0x04, 0xE8, 0x05, 0x5C,
	0x07, 0x58, 0x0A, 0xCC, 0x0A, 0x8B, 0x0F, 0x00, 0xB0, 0x30, 0x00, 0x14,
	0x00, 0x00, 0x00, 0x00, 0x05, 0x0B, 0x08, 0x94, 0x09, 0x89, 0x0B, 0x35,
	0x0F, 0xEB, 0x0F, 0x00, 0xC0, 0x30, 0x00, 0x0C, 0x00, 0x00, 0x00, 0xF5,
	0x02, 0x00, 0x00, 0x00, 0xF0, 0x30, 0x00, 0x0C, 0x00, 0x00, 0x00, 0xF4,
	0x03, 0x01, 0x04, 0x00, 0x00, 0x31, 0x00, 0x14, 0x00, 0x00, 0x00, 0x4D,
	0x00, 0x28, 0x08, 0x49, 0x09, 0xFD, 0x09, 0x25, 0x0C, 0x00, 0x00, 0x00,
	0x10, 0x31, 0x00, 0x14, 0x00, 0x00, 0x00, 0xB9, 0x02, 0x30, 0x05, 0x1E,
	0x09, 0x9D, 0x0C, 0x8D, 0x0F, 0x00, 0x00, 0x00, 0x30, 0x31, 0x00, 0x10,
	0x00, 0x00, 0x00, 0xA7, 0x06, 0xFA, 0x0A, 0x7A, 0x0B, 0x00, 0x00, 0x00,
	0x40, 0x31, 0x00, 0x10, 0x00, 0x00, 0x00, 0x70, 0x0B, 0xE2, 0x0C, 0xE5,
	0x0E, 0x00, 0x00, 0x00, 0x50, 0x31, 0x00, 0x14, 0x00, 0x00, 0x00, 0x09,
	0x00, 0xDD, 0x00, 0x31, 0x02, 0x74, 0x09, 0x25, 0x0E, 0xE5, 0x0F, 0x00,
	0x60, 0x31, 0x00, 0x10, 0x00, 0x00, 0x00, 0xC9, 0x01, 0x97, 0x04, 0xC8,
	0x06, 0x2A, 0x0E, 0x00, 0x70, 0x31, 0x00, 0x20, 0x00, 0x00, 0x00, 0x9B,
	0x01, 0x96, 0x05, 0xF6, 0x05, 0x91, 0x06, 0x25, 0x07, 0xCD, 0x07, 0xCB,
	0x09, 0xE9, 0x0A, 0x35, 0x0D, 0xE6, 0x0E, 0x7B, 0x0F, 0x00, 0x00, 0x00,
	0x80, 0x31, 0x00, 0x18, 0x00, 0x00, 0x00, 0x0D, 0x05, 0x1D, 0x05, 0x6A,
	0x05, 0xC5, 0x05, 0xD9, 0x05, 0x72, 0x07, 0x86, 0x07, 0xFC, 0x08, 0x00,
	0x90, 0x31, 0x00, 0x0C, 0x00, 0x00, 0x00, 0x25, 0x06, 0x97, 0x0C, 0x00,
	0xA0, 0x31, 0x00, 0x14, 0x00, 0x00, 0x00, 0x0C, 0x00, 0x67, 0x01, 0x5D,
	0x03, 0xB5, 0x08, 0x0B, 0x0B, 0x3D, 0x0B, 0x00, 0xB0, 0x31, 0x00, 0x14,
	0x00, 0x00, 0x00, 0x65, 0x02, 0x8E, 0x03, 0xAC, 0x05, 0x8A, 0x06, 0x7E,
	0x0D, 0x83, 0x0F, 0x00, 0xC0, 0x31, 0x00, 0x0C, 0x00, 0x00, 0x00, 0xF1,
	0x0A, 0x00, 0x00, 0x00, 0xD0, 0x31, 0x00, 0x0C, 0x00, 0x00, 0x00, 0x3B,
	0x06, 0x56, 0x09, 0x00, 0x00, 0x32, 0x00, 0x0C, 0x00, 0x00, 0x00, 0x4F,
	0x0A, 0x00, 0x00, 0x00, 0x10, 0x32, 0x00, 0x0C, 0x00, 0x00, 0x00, 0x9D,
	0x0F, 0x00, 0x00, 0x00, 0x20, 0x32, 0x00, 0x10, 0x00, 0x00, 0x00, 0x0E,
	0x04, 0xA7, 0x07, 0x14, 0x08, 0x5D, 0x0A, 0x00, 0x30, 0x32, 0x00, 0x10,
	0x00, 0x00, 0x00, 0xF9, 0x09, 0x28, 0x0C, 0x9A, 0x0C, 0x24, 0x0D, 0x00,
	0x40, 0x32, 0x00, 0x14, 0x00, 0x00, 0x00, 0x11, 0x01, 0x2B, 0x01, 0xDA,
	0x02, 0x6A, 0x09, 0x47, 0x0D, 0x52, 0x0E, 0x00, 0x50, 0x32, 0x00, 0x18,
	0x00, 0x00, 0x00, 0x71, 0x05, 0x36, 0x07, 0x73, 0x08, 0x97, 0x08, 0x86,
	0x0A, 0x56, 0x0B, 0xC5, 0x0C, 0x9B, 0x0F, 0x00, 0x60, 0x32, 0x00, 0x10,
	0x00, 0x00, 0x00, 0x9D, 0x00, 0x4D, 0x02, 0xB0, 0x03, 0xCB, 0x06, 0x00,
	0x70, 0x32, 0x00, 0x10, 0x00, 0x00, 0x00, 0x7A, 0x02, 0x0D, 0x04, 0xAB,
	0x04, 0xBC, 0x06, 0x00, 0x80, 0x32, 0x00, 0x18, 0x00, 0x00, 0x00, 0x58,
	0x01, 0x50, 0x02, 0x81, 0x02, 0x43, 0x05, 0x1E, 0x0A, 0x7E, 0x0D, 0xC2,
	0x0D, 0x00, 0x00, 0x00, 0x90, 0x32, 0x00, 0x0C, 0x00, 0x00, 0x00, 0x15,
	0x01, 0xAE, 0x06, 0x00, 0xA0, 0x32, 0x00, 0x0C, 0x00, 0x00, 0x00, 0xAE,
	0x04, 0x00, 0x00, 0x00, 0xF0, 0x33, 0x00, 0x18, 0x00, 0x00, 0x00, 0x5D,
	0x02, 0x33, 0x08, 0xF9, 0x09, 0xFE, 0x0A, 0x48, 0x0C, 0x36, 0x0D, 0x9E,
	0x0E, 0x00, 0x00, 0x00, 0x00, 0x34, 0x00, 0x14, 0x00, 0x00, 0x00, 0x5F,
	0x01, 0xA4, 0x02, 0x0A, 0x05, 0xD3, 0x08, 0xBB, 0x0B, 0xEE, 0x0C, 0x00,
	0x10, 0x34, 0x00, 0x1C, 0x00, 0x00, 0x00, 0x29, 0x05, 0x1A, 0x07, 0x76,
	0x08, 0x10, 0x0A, 0x79, 0x0A, 0x8B, 0x0B, 0xEE, 0x0C, 0x19, 0x0E, 0xAD,
	0x0E, 0xD0, 0x0E, 0x00, 0x20, 0x34, 0x00, 0x14, 0x00, 0x00, 0x00, 0x92,
	0x01, 0x33, 0x04, 0xF6, 0x05, 0xCE, 0x09, 0x01, 0x0C, 0xB6, 0x0F, 0x00,
	0x30, 0x34, 0x00, 0x24, 0x00, 0x00, 0x00, 0x3B, 0x01, 0x5C, 0x01, 0x60,
	0x02, 0x83, 0x02, 0xDD, 0x03, 0x03, 0x04, 0x92, 0x05, 0xBD, 0x07, 0xF9,
	0x09, 0xA2, 0x0A, 0x80, 0x0C, 0x62, 0x0F, 0xC6, 0x0F, 0x00, 0x00, 0x00,
	0x40, 0x34, 0x00, 0x18, 0x00, 0x00, 0x00, 0x01, 0x00, 0x6B, 0x04, 0x89,
	0x04, 0xA6, 0x05, 0xB0, 0x05, 0x58, 0x08, 0x83, 0x08, 0x00, 0x00, 0x00,
	0x60, 0x34, 0x00, 0x18, 0x00, 0x00, 0x00, 0x51, 0x00, 0x62, 0x03, 0xD5,
	0x05, 0x2E, 0x06, 0x38, 0x06, 0x42, 0x06, 0xE8, 0x06, 0x00, 0x00, 0x00,
	0x70, 0x34, 0x00, 0x0C, 0x00, 0x00, 0x00, 0x54, 0x00, 0x00, 0x00, 0x00,
	0x80, 0x34, 0x00, 0x10, 0x00, 0x00, 0x00, 0x74, 0x06, 0x2C, 0x07, 0xD8,
	0x0B, 0x00, 0x00, 0x00, 0x60, 0x35, 0x00, 0x0C, 0x00, 0x00, 0x00, 0xD6,
	0x08, 0x00, 0x00, 0x00, 0x70, 0x38, 0x00, 0x10, 0x00, 0x00, 0x00, 0x41,
	0x0D, 0x88, 0x0E, 0x0E, 0x0F, 0x7D, 0x0F, 0x00, 0x20, 0x39, 0x00, 0x0C,
	0x00, 0x00, 0x00, 0xE9, 0x0B, 0x00, 0x00, 0x00, 0x30, 0x39, 0x00, 0x10,
	0x00, 0x00, 0x00, 0xD7, 0x03, 0xEF, 0x03, 0xA0, 0x06, 0xC8, 0x06, 0x00,
	0x50, 0x39, 0x00, 0x0C, 0x00, 0x00, 0x00, 0x11, 0x01, 0x49, 0x01, 0x00,
	0x60, 0x39, 0x00, 0x14, 0x00, 0x00, 0x00, 0xCC, 0x00, 0xC9, 0x01, 0x3B,
	0x03, 0xEF, 0x09, 0x5D, 0x0D, 0x00, 0x00, 0x00, 0x70, 0x39, 0x00, 0x0C,
	0x00, 0x00, 0x00, 0x6D, 0x0E, 0x00, 0x00, 0x00, 0x80, 0x39, 0x00, 0x18,
	0x00, 0x00, 0x00, 0xC5, 0x08, 0xE6, 0x08, 0xE1, 0x0A, 0x18, 0x0B, 0x9C,
	0x0B, 0xD4, 0x0C, 0x42, 0x0F, 0xF2, 0x0F, 0x00, 0x90, 0x39, 0x00, 0x10,
	0x00, 0x00, 0x00, 0x35, 0x07, 0x2C, 0x08, 0xFF, 0x0E, 0x00, 0x00, 0x00,
	0xA0, 0x39, 0x00, 0x0C, 0x00, 0x00, 0x00, 0xB4, 0x04, 0x52, 0x06, 0x00,
	0xB0, 0x39, 0x00, 0x10, 0x00, 0x00, 0x00, 0xF1, 0x01, 0x8A, 0x03, 0x36,
	0x0D, 0x7D, 0x0E, 0x00, 0xC0, 0x39, 0x00, 0x14, 0x00, 0x00, 0x00, 0x3C,
	0x00, 0x39, 0x01, 0xD0, 0x02, 0x62, 0x08, 0x1B, 0x0C, 0x00, 0x00, 0x00,
	0xD0, 0x39, 0x00, 0x14, 0x00, 0x00, 0x00, 0x27, 0x02, 0xDF, 0x02, 0xF2,
	0x02, 0x45, 0x03, 0xFF, 0x03, 0x00, 0x00, 0x00, 0xE0, 0x39, 0x00, 0x14,
	0x00, 0x00, 0x00, 0x7E, 0x06, 0xF5, 0x09, 0x1B, 0x0C, 0xEC, 0x0C, 0xBA,
	0x0E, 0x00, 0x00, 0x00, 0xF0, 0x39, 0x00, 0x14, 0x00, 0x00, 0x00, 0x5F,
	0x03, 0xFA, 0x04, 0xB4, 0x05, 0x72, 0x09, 0xA4, 0x0C, 0x00, 0x00, 0x00,
	0x10, 0x3A, 0x00, 0x10, 0x00, 0x00, 0x00, 0x1B, 0x04, 0x27, 0x09, 0x46,
	0x0F, 0x00, 0x00, 0x00, 0x40, 0x3A, 0x00, 0x10, 0x00, 0x00, 0x00, 0x38,
	0x03, 0xA1, 0x04, 0x02, 0x0B, 0x00, 0x00, 0x00, 0x40, 0x3B, 0x00, 0x10,
	0x00, 0x00, 0x00, 0xF0, 0x0D, 0x62, 0x0E, 0x04, 0x0F, 0x00, 0x00, 0x00,
	0x50, 0x3B, 0x00, 0x0C, 0x00, 0x00, 0x00, 0x60, 0x00, 0x00, 0x00, 0x00,
	0x60, 0x3B, 0x00, 0x0C, 0x00, 0x00, 0x00, 0x39, 0x06, 0xCD, 0x06, 0x00,
	0x60, 0x3D, 0x00, 0x0C, 0x00, 0x00, 0x00, 0x05, 0x0A, 0x00, 0x00, 0x00,
	0x80, 0x3D, 0x00, 0x10, 0x00, 0x00, 0x00, 0xB6, 0x05, 0xF6, 0x07, 0x8B,
	0x09, 0x00, 0x00, 0x00, 0xA0, 0x3D, 0x00, 0x0C, 0x00, 0x00, 0x00, 0xA7,
	0x08, 0x00, 0x00, 0x00, 0xB0, 0x3D, 0x00, 0x0C, 0x00, 0x00, 0x00, 0xFA,
	0x01, 0x00, 0x00, 0x00, 0x70, 0x3E, 0x00, 0x14, 0x00, 0x00, 0x00, 0x28,
	0x08, 0xCC, 0x0B, 0x34, 0x0E, 0x72, 0x0E, 0xE4, 0x0F, 0x00, 0x00, 0x00,
	0xC0, 0x3E, 0x00, 0x18, 0x00, 0x00, 0x00, 0xC3, 0x04, 0xE6, 0x05, 0xBE,
	0x06, 0xCF, 0x07, 0xB6, 0x09, 0xB0, 0x0B, 0x51, 0x0C, 0xBC, 0x0C, 0x00,
	0xF0, 0x3E, 0x00, 0x0C, 0x00, 0x00, 0x00, 0x53, 0x05, 0x00, 0x00, 0x00,
	0x20, 0x3F, 0x00, 0x0C, 0x00, 0x00, 0x00, 0x08, 0x02, 0x00, 0x00, 0x00,
	0x30, 0x3F, 0x00, 0x0C, 0x00, 0x00, 0x00, 0x3E, 0x03, 0x00, 0x00, 0x00,
	0x50, 0x3F, 0x00, 0x10, 0x00, 0x00, 0x00, 0x52, 0x0A, 0x14, 0x0B, 0x4C,
	0x0B, 0x00, 0x00, 0x00, 0x60, 0x3F, 0x00, 0x14, 0x00, 0x00, 0x00, 0x0E,
	0x03, 0x52, 0x07, 0xFE, 0x08, 0x0D, 0x0A, 0xD6, 0x0A, 0x00, 0x00, 0x00,
	0x70, 0x3F, 0x00, 0x18, 0x00, 0x00, 0x00, 0xAA, 0x01, 0xBB, 0x03, 0x51,
	0x06, 0xAB, 0x07, 0x41, 0x08, 0x84, 0x08, 0xA7, 0x0D, 0xB6, 0x0E, 0x00,
	0x80, 0x3F, 0x00, 0x0C, 0x00, 0x00, 0x00, 0x1E, 0x00, 0x00, 0x00, 0x00,
	0xB0, 0x3F, 0x00, 0x0C, 0x00, 0x00, 0x00, 0x91, 0x0A, 0x00, 0x00, 0x00,
	0xC0, 0x3F, 0x00, 0x0C, 0x00, 0x00, 0x00, 0x18, 0x0C, 0x00, 0x00, 0x00,
	0xD0, 0x3F, 0x00, 0x14, 0x00, 0x00, 0x00, 0xFF, 0x02, 0x55, 0x04, 0x76,
	0x04, 0xF8, 0x06, 0xEA, 0x09, 0x00, 0x00, 0x00, 0x30, 0x40, 0x00, 0x0C,
	0x00, 0x00, 0x00, 0x72, 0x08, 0x00, 0x00, 0x00, 0x50, 0x40, 0x00, 0x0C,
	0x00, 0x00, 0x00, 0x12, 0x0F, 0x00, 0x00, 0x00, 0x60, 0x40, 0x00, 0x18,
	0x00, 0x00, 0x00, 0xFC, 0x01, 0x77, 0x03, 0xCC, 0x04, 0x8E, 0x05, 0xCE,
	0x05, 0x96, 0x06, 0x8B, 0x09, 0x00, 0x00, 0x00, 0x70, 0x40, 0x00, 0x0C,
	0x00, 0x00, 0x00, 0xBD, 0x01, 0xD7, 0x01, 0x00, 0x10, 0x41, 0x00, 0x0C,
	0x00, 0x00, 0x00, 0x1A, 0x0A, 0x00, 0x00, 0x00, 0x20, 0x41, 0x00, 0x0C,
	0x00, 0x00, 0x00, 0x48, 0x0F, 0x00, 0x00, 0x00, 0x30, 0x41, 0x00, 0x0C,
	0x00, 0x00, 0x00, 0x79, 0x00, 0x00, 0x00, 0x00, 0x40, 0x41, 0x00, 0x0C,
	0x00, 0x00, 0x00, 0x5B, 0x08, 0x9C, 0x09, 0x00, 0x80, 0x41, 0x00, 0x0C,
	0x00, 0x00, 0x00, 0x38, 0x05, 0x4C, 0x05, 0x00, 0xD0, 0x41, 0x00, 0x14,
	0x00, 0x00, 0x00, 0x1A, 0x0A, 0x14, 0x0D, 0xA0, 0x0E, 0xFA, 0x0E, 0x65,
	0x0F, 0xA0, 0x0F, 0x00, 0xE0, 0x41, 0x00, 0x10, 0x00, 0x00, 0x00, 0xE1,
	0x00, 0xB4, 0x04, 0xFD, 0x04, 0xEA, 0x06, 0x00, 0x20, 0x42, 0x00, 0x14,
	0x00, 0x00, 0x00, 0x96, 0x06, 0x2E, 0x07, 0x54, 0x0A, 0x75, 0x0C, 0xA7,
	0x0C, 0x30, 0x0D, 0x00, 0x30, 0x42, 0x00, 0x0C, 0x00, 0x00, 0x00, 0xD1,
	0x0A, 0x00, 0x00, 0x00, 0x40, 0x42, 0x00, 0x0C, 0x00, 0x00, 0x00, 0xAB,
	0x04, 0x98, 0x05, 0x00, 0x60, 0x42, 0x00, 0x10, 0x00, 0x00, 0x00, 0x2B,
	0x05, 0x36, 0x09, 0x4C, 0x0B, 0x0B, 0x0E, 0x00, 0x70, 0x42, 0x00, 0x0C,
	0x00, 0x00, 0x00, 0x6E, 0x00, 0xFB, 0x02, 0x00, 0x90, 0x42, 0x00, 0x18,
	0x00, 0x00, 0x00, 0x37, 0x02, 0x34, 0x05, 0x8F, 0x05, 0x2A, 0x09, 0x20,
	0x0C, 0x41, 0x0C, 0x1C, 0x0D, 0x66, 0x0D, 0x00, 0xA0, 0x42, 0x00, 0x1C,
	0x00, 0x00, 0x00, 0x2E, 0x00, 0xE8, 0x00, 0x0B, 0x05, 0x0C, 0x07, 0x12,
	0x09, 0xA3, 0x09, 0x26, 0x0A, 0x75, 0x0A, 0x2A, 0x0B, 0x51, 0x0C, 0x00,
	0x10, 0x43, 0x00, 0x0C, 0x00, 0x00, 0x00, 0xFE, 0x0E, 0x00, 0x00, 0x00,
	0x20, 0x43, 0x00, 0x0C, 0x00, 0x00, 0x00, 0xA5, 0x00, 0x00, 0x00, 0x00,
	0x30, 0x43, 0x00, 0x0C, 0x00, 0x00, 0x00, 0x9B, 0x0D, 0x00, 0x00, 0x00,
	0x40, 0x43, 0x00, 0x10, 0x00, 0x00, 0x00, 0xCF, 0x03, 0x04, 0x06, 0xEB,
	0x08, 0x00, 0x00, 0x00, 0x60, 0x43, 0x00, 0x10, 0x00, 0x00, 0x00, 0xBD,
	0x02, 0x3A, 0x0A, 0x6D, 0x0B, 0x00, 0x00, 0x00, 0x70, 0x43, 0x00, 0x0C,
	0x00, 0x00, 0x00, 0x7C, 0x04, 0x00, 0x00, 0x00, 0x80, 0x43, 0x00, 0x0C,
	0x00, 0x00, 0x00, 0xA9, 0x01, 0x2D, 0x02, 0x00, 0xA0, 0x43, 0x00, 0x0C,
	0x00, 0x00, 0x00, 0x1A, 0x01, 0x4A, 0x03, 0x00, 0xB0, 0x43, 0x00, 0x14,
	0x00, 0x00, 0x00, 0xE0, 0x09, 0x1C, 0x0A, 0x6C, 0x0A, 0x3D, 0x0D, 0x6C,
	0x0D, 0x00, 0x00, 0x00, 0xC0, 0x43, 0x00, 0x10, 0x00, 0x00, 0x00, 0x5A,
	0x02, 0x20, 0x04, 0x19, 0x05, 0x00, 0x00, 0x00, 0xF0, 0x43, 0x00, 0x0C,
	0x00, 0x00, 0x00, 0xDB, 0x03, 0x91, 0x0E, 0x00, 0x20, 0x44, 0x00, 0x0C,
	0x00, 0x00, 0x00, 0x05, 0x0C, 0x00, 0x00, 0x00, 0x60, 0x44, 0x00, 0x0C,
	0x00, 0x00, 0x00, 0xD5, 0x04, 0x00, 0x00, 0x00, 0x90, 0x44, 0x00, 0x0C,
	0x00, 0x00, 0x00, 0x32, 0x08, 0x00, 0x00, 0x00, 0xA0, 0x44, 0x00, 0x0C,
	0x00, 0x00, 0x00, 0x9E, 0x06, 0xE2, 0x07, 0x00, 0xC0, 0x44, 0x00, 0x0C,
	0x00, 0x00, 0x00, 0x28, 0x09, 0x40, 0x09, 0x00, 0xD0, 0x44, 0x00, 0x0C,
	0x00, 0x00, 0x00, 0xF8, 0x01, 0x00, 0x00, 0x00, 0xE0, 0x44, 0x00, 0x0C,
	0x00, 0x00, 0x00, 0x4B, 0x05, 0xA2, 0x0A, 0x00, 0x00, 0x45, 0x00, 0x0C,
	0x00, 0x00, 0x00, 0x13, 0x0B, 0x00, 0x00, 0x00, 0x10, 0x45, 0x00, 0x10,
	0x00, 0x00, 0x00, 0x79, 0x01, 0xFD, 0x05, 0x18, 0x07, 0x00, 0x00, 0x00,
	0xB0, 0x45, 0x00, 0x0C, 0x00, 0x00, 0x00, 0x46, 0x01, 0x00, 0x00, 0x00,
	0xC0, 0x45, 0x00, 0x0C, 0x00, 0x00, 0x00, 0xFE, 0x08, 0x18, 0x0B, 0x00,
	0x20, 0x46, 0x00, 0x0C, 0x00, 0x00, 0x00, 0x2E, 0x0F, 0x00, 0x00, 0x00,
	0x30, 0x46, 0x00, 0x0C, 0x00, 0x00, 0x00, 0x57, 0x00, 0x00, 0x00, 0x00,
	0x70, 0x46, 0x00, 0x0C, 0x00, 0x00, 0x00, 0x41, 0x09, 0x00, 0x00, 0x00,
	0xA0, 0x46, 0x00, 0x0C, 0x00, 0x00, 0x00, 0x86, 0x05, 0x13, 0x09, 0x00,
	0xC0, 0x46, 0x00, 0x0C, 0x00, 0x00, 0x00, 0x08, 0x08, 0x00, 0x00, 0x00,
	0xD0, 0x46, 0x00, 0x10, 0x00, 0x00, 0x00, 0x70, 0x01, 0xAE, 0x02, 0x4D,
	0x06, 0x00, 0x00, 0x00, 0x00, 0x47, 0x00, 0x0C, 0x00, 0x00, 0x00, 0x59,
	0x07, 0x00, 0x00, 0x00, 0x10, 0x47, 0x00, 0x0C, 0x00, 0x00, 0x00, 0x79,
	0x08, 0x00, 0x00, 0x00, 0x20, 0x47, 0x00, 0x0C, 0x00, 0x00, 0x00, 0x05,
	0x08, 0x00, 0x00, 0x00, 0x30, 0x47, 0x00, 0x0C, 0x00, 0x00, 0x00, 0xC7,
	0x02, 0x00, 0x00, 0x00, 0x60, 0x47, 0x00, 0x0C, 0x00, 0x00, 0x00, 0x0C,
	0x04, 0x00, 0x00, 0x00, 0x90, 0x47, 0x00, 0x10, 0x00, 0x00, 0x00, 0x11,
	0x07, 0xEC, 0x08, 0x1D, 0x0A, 0x00, 0x00, 0x00, 0xA0, 0x47, 0x00, 0x10,
	0x00, 0x00, 0x00, 0xC8, 0x03, 0x02, 0x04, 0x33, 0x0D, 0x00, 0x00, 0x00,
	0xB0, 0x47, 0x00, 0x18, 0x00, 0x00, 0x00, 0x96, 0x05, 0x4B, 0x06, 0x4C,
	0x0B, 0x1B, 0x0D, 0x3B, 0x0E, 0x79, 0x0E, 0xB6, 0x0F, 0xC2, 0x0F, 0x00,
	0xC0, 0x47, 0x00, 0x10, 0x00, 0x00, 0x00, 0x79, 0x00, 0x3C, 0x01, 0x82,
	0x02, 0x6E, 0x03, 0x00, 0xD0, 0x47, 0x00, 0x10, 0x00, 0x00, 0x00, 0xDA,
	0x01, 0xF8, 0x01, 0xF0, 0x03, 0x00, 0x00, 0x00, 0x00, 0x48, 0x00, 0x0C,
	0x00, 0x00, 0x00, 0x2E, 0x08, 0x00, 0x00, 0x00, 0x10, 0x48, 0x00, 0x0C,
	0x00, 0x00, 0x00, 0x47, 0x05, 0xCC, 0x0A, 0x00, 0x20, 0x48, 0x00, 0x0C,
	0x00, 0x00, 0x00, 0x26, 0x02, 0x00, 0x00, 0x00, 0x40, 0x48, 0x00, 0x0C,
	0x00, 0x00, 0x00, 0xEA, 0x0A, 0x00, 0x00, 0x00, 0x90, 0x48, 0x00, 0x0C,
	0x00, 0x00, 0x00, 0x2C, 0x06, 0x00, 0x00, 0x00, 0xA0, 0x48, 0x00, 0x0C,
	0x00, 0x00, 0x00, 0xE8, 0x0B, 0x00, 0x00, 0x00, 0xB0, 0x48, 0x00, 0x0C,
	0x00, 0x00, 0x00, 0x45, 0x07, 0xA8, 0x07, 0x00, 0xD0, 0x48, 0x00, 0x0C,
	0x00, 0x00, 0x00, 0x9E, 0x08, 0x00, 0x00, 0x00, 0x00, 0x49, 0x00, 0x0C,
	0x00, 0x00, 0x00, 0x45, 0x0F, 0x00, 0x00, 0x00, 0x30, 0x49, 0x00, 0x0C,
	0x00, 0x00, 0x00, 0x06, 0x07, 0x00, 0x00, 0x00, 0x60, 0x49, 0x00, 0x0C,
	0x00, 0x00, 0x00, 0x9F, 0x09, 0x00, 0x00, 0x00, 0x70, 0x49, 0x00, 0x0C,
	0x00, 0x00, 0x00, 0xC2, 0x07, 0x90, 0x0B, 0x00, 0x80, 0x49, 0x00, 0x0C,
	0x00, 0x00, 0x00, 0x64, 0x0A, 0xB1, 0x0A, 0x00, 0x90, 0x49, 0x00, 0x0C,
	0x00, 0x00, 0x00, 0xD1, 0x00, 0x00, 0x00, 0x00, 0xA0, 0x49, 0x00, 0x0C,
	0x00, 0x00, 0x00, 0xED, 0x02, 0x00, 0x00, 0x00, 0xB0, 0x49, 0x00, 0x10,
	0x00, 0x00, 0x00, 0xFC, 0x08, 0x49, 0x0A, 0xBF, 0x0A, 0x2A, 0x0B, 0x00,
	0xD0, 0x49, 0x00, 0x14, 0x00, 0x00, 0x00, 0xA9, 0x04, 0x68, 0x05, 0xFB,
	0x05, 0x28, 0x07, 0xA9, 0x07, 0x98, 0x0F, 0x00, 0xE0, 0x49, 0x00, 0x0C,
	0x00, 0x00, 0x00, 0x0D, 0x02, 0x29, 0x0D, 0x00, 0x00, 0x4A, 0x00, 0x0C,
	0x00, 0x00, 0x00, 0x26, 0x0E, 0x00, 0x00, 0x00, 0x20, 0x4A, 0x00, 0x10,
	0x00, 0x00, 0x00, 0x90, 0x07, 0x6A, 0x08, 0x26, 0x09, 0x00, 0x00, 0x00,
	0x30, 0x4A, 0x00, 0x0C, 0x00, 0x00, 0x00, 0x2E, 0x0A, 0xD3, 0x0A, 0x00,
	0x40, 0x4A, 0x00, 0x0C, 0x00, 0x00, 0x00, 0x5A, 0x04, 0x00, 0x00, 0x00,
	0x80, 0x4A, 0x00, 0x0C, 0x00, 0x00, 0x00, 0x01, 0x05, 0x00, 0x00, 0x00,
	0xE0, 0x4A, 0x00, 0x0C, 0x00, 0x00, 0x00, 0x4A, 0x0D, 0x75, 0x0D, 0x00,
	0x50, 0x4B, 0x00, 0x0C, 0x00, 0x00, 0x00, 0x39, 0x07, 0x00, 0x00, 0x00,
	0x00, 0x4C, 0x00, 0x0C, 0x00, 0x00, 0x00, 0x83, 0x04, 0x1C, 0x06, 0x00,
	0x10, 0x4C, 0x00, 0x10, 0x00, 0x00, 0x00, 0xA0, 0x01, 0x75, 0x02, 0x8D,
	0x02, 0x59, 0x0D, 0x00, 0x20, 0x4C, 0x00, 0x0C, 0x00, 0x00, 0x00, 0xF1,
	0x00, 0x00, 0x00, 0x00, 0x30, 0x4C, 0x00, 0x10, 0x00, 0x00, 0x00, 0xB6,
	0x08, 0x7B, 0x0F, 0xF8, 0x0F, 0x00, 0x00, 0x00, 0x40, 0x4C, 0x00, 0x0C,
	0x00, 0x00, 0x00, 0x9B, 0x04, 0x2F, 0x0B, 0x00, 0x50, 0x4C, 0x00, 0x14,
	0x00, 0x00, 0x00, 0xD5, 0x01, 0x2D, 0x02, 0xD6, 0x06, 0x88, 0x0D, 0x98,
	0x0E, 0x00, 0x00, 0x00, 0x90, 0x4C, 0x00, 0x0C, 0x00, 0x00, 0x00, 0x09,
	0x0C, 0x00, 0x00, 0x00, 0xB0, 0x4C, 0x00, 0x0C, 0x00, 0x00, 0x00, 0xCD,
	0x03, 0x72, 0x04, 0x00, 0xC0, 0x4C, 0x00, 0x14, 0x00, 0x00, 0x00, 0x50,
	0x01, 0x5D, 0x02, 0x78, 0x02, 0x10, 0x04, 0xD6, 0x04, 0x00, 0x00, 0x00,
	0xD0, 0x4C, 0x00, 0x0C, 0x00, 0x00, 0x00, 0x59, 0x01, 0x00, 0x00, 0x00,
	0xE0, 0x4C, 0x00, 0x0C, 0x00, 0x00, 0x00, 0x78, 0x0E, 0x00, 0x00, 0x00,
	0xC0, 0x4E, 0x00, 0x10, 0x00, 0x00, 0x00, 0x6B, 0x0E, 0x88, 0x0E, 0x9B,
	0x0F, 0x00, 0x00, 0x00, 0xD0, 0x4E, 0x00, 0x10, 0x00, 0x00, 0x00, 0xCF,
	0x01, 0xED, 0x01, 0xA8, 0x0F, 0x00, 0x00, 0x00, 0xE0, 0x4E, 0x00, 0x18,
	0x00, 0x00, 0x00, 0x72, 0x01, 0x9A, 0x01, 0x4C, 0x02, 0xEB, 0x08, 0x1B,
	0x09, 0x39, 0x09, 0x4F, 0x0B, 0xF2, 0x0C, 0x00, 0xF0, 0x4E, 0x00, 0x18,
	0x00, 0x00, 0x00, 0xEC, 0x01, 0x80, 0x04, 0x5B, 0x05, 0x87, 0x07, 0x26,
	0x08, 0xF7, 0x09, 0x19, 0x0A, 0x56, 0x0B, 0x00, 0x00, 0x4F, 0x00, 0x14,
	0x00, 0x00, 0x00, 0x59, 0x0C, 0xDD, 0x0C, 0xB0, 0x0E, 0x11, 0x0F, 0x69,
	0x0F, 0x00, 0x00, 0x00, 0x10, 0x4F, 0x00, 0x10, 0x00, 0x00, 0x00, 0xEF,
	0x01, 0xCB, 0x07, 0x86, 0x0A, 0x00, 0x00, 0x00, 0x30, 0x4F, 0x00, 0x0C,
	0x00, 0x00, 0x00, 0x51, 0x03, 0x00, 0x00, 0x00, 0x40, 0x4F, 0x00, 0x0C,
	0x00, 0x00, 0x00, 0x38, 0x0B, 0x89, 0x0E, 0x00, 0x50, 0x4F, 0x00, 0x0C,
	0x00, 0x00, 0x00, 0xE9, 0x07, 0x4A, 0x0D, 0x00, 0xC0, 0x54, 0x00, 0x0C,
	0x00, 0x00, 0x00, 0x3E, 0x03, 0x00, 0x00, 0x00, 0x70, 0x66, 0x00, 0x10,
	0x00, 0x00, 0x00, 0x9C, 0x07, 0xFF, 0x0A, 0x1C, 0x0F, 0x00, 0x00, 0x00,
	0x80, 0x66, 0x00, 0x0C, 0x00, 0x00, 0x00, 0xBC, 0x09, 0x00, 0x00, 0x00,
	0x90, 0x66, 0x00, 0x10, 0x00, 0x00, 0x00, 0x8A, 0x05, 0x2B, 0x0A, 0x5E,
	0x0B, 0x00, 0x00, 0x00, 0xA0, 0x66, 0x00, 0x14, 0x00, 0x00, 0x00, 0xD0,
	0x00, 0x0E, 0x02, 0x4E, 0x07, 0x1F, 0x0C, 0xCD, 0x0D, 0x00, 0x00, 0x00,
	0xB0, 0x66, 0x00, 0x1C, 0x00, 0x00, 0x00, 0x34, 0x00, 0x21, 0x01, 0xA4,
	0x05, 0x25, 0x06, 0xE3, 0x06, 0xF2, 0x08, 0x92, 0x09, 0x37, 0x0B, 0xFA,
	0x0D, 0xAE, 0x0F, 0x00, 0xC0, 0x66, 0x00, 0x0C, 0x00, 0x00, 0x00, 0x9E,
	0x09, 0xAA, 0x0C, 0x00, 0xD0, 0x66, 0x00, 0x18, 0x00, 0x00, 0x00, 0x09,
	0x02, 0x26, 0x02, 0xBC, 0x08, 0x10, 0x0A, 0x42, 0x0B, 0x5A, 0x0B, 0x20,
	0x0C, 0x00, 0x00, 0x00, 0xE0, 0x66, 0x00, 0x0C, 0x00, 0x00, 0x00, 0xAA,
	0x0C, 0x00, 0x00, 0x00, 0x00, 0x67, 0x00, 0x14, 0x00, 0x00, 0x00, 0xC0,
	0x02, 0xB3, 0x05, 0xCD, 0x05, 0x94, 0x0D, 0xC7, 0x0D, 0x00, 0x00, 0x00,
	0x10, 0x67, 0x00, 0x10, 0x00, 0x00, 0x00, 0x8C, 0x05, 0x34, 0x09, 0xC4,
	0x0D, 0x00, 0x00, 0x00, 0x20, 0x67, 0x00, 0x20, 0x00, 0x00, 0x00, 0x0E,
	0x01, 0x30, 0x02, 0x4F, 0x04, 0x92, 0x05, 0x19, 0x08, 0xB9, 0x08, 0x79,
	0x09, 0x68, 0x0B, 0x04, 0x0D, 0x0B, 0x0F, 0xB2, 0x0F, 0x00, 0x00, 0x00,
	0x30, 0x67, 0x00, 0x14, 0x00, 0x00, 0x00, 0xF5, 0x00, 0x5C, 0x06, 0xF4,
	0x07, 0xDA, 0x08, 0x71, 0x09, 0x00, 0x00, 0x00, 0x50, 0x67, 0x00, 0x14,
	0x00, 0x00, 0x00, 0xDC, 0x03, 0xCA, 0x07, 0x4D, 0x0A, 0x4F, 0x0B, 0x4D,
	0x0C, 0x6E, 0x0C, 0x00, 0x60, 0x67, 0x00, 0x10, 0x00, 0x00, 0x00, 0x9D,
	0x02, 0xEA, 0x07, 0x02, 0x08, 0x00, 0x00, 0x00, 0x70, 0x67, 0x00, 0x10,
	0x00, 0x00, 0x00, 0xB2, 0x05, 0x84, 0x0B, 0x98, 0x0F, 0x00, 0x00, 0x00,
	0x80, 0x67, 0x00, 0x10, 0x00, 0x00, 0x00, 0xEA, 0x04, 0x64, 0x05, 0xD8,
	0x05, 0xB5, 0x0B, 0x00, 0x90, 0x67, 0x00, 0x10, 0x00, 0x00, 0x00, 0x39,
	0x07, 0x4A, 0x09, 0x5C, 0x0B, 0x97, 0x0E, 0x00, 0xA0, 0x67, 0x00, 0x0C,
	0x00, 0x00, 0x00, 0x73, 0x01, 0xDC, 0x0E, 0x00, 0xB0, 0x67, 0x00, 0x10,
	0x00, 0x00, 0x00, 0x00, 0x0D, 0x7A, 0x0D, 0x17, 0x0F, 0x32, 0x0F, 0x00,
	0xC0, 0x67, 0x00, 0x10, 0x00, 0x00, 0x00, 0x08, 0x00, 0x71, 0x03, 0xE1,
	0x03, 0x00, 0x00, 0x00, 0xD0, 0x67, 0x00, 0x14, 0x00, 0x00, 0x00, 0x53,
	0x00, 0x6C, 0x00, 0xA5, 0x06, 0xC0, 0x06, 0x49, 0x0C, 0x65, 0x0C, 0x00,
	0xE0, 0x67, 0x00, 0x14, 0x00, 0x00, 0x00, 0x4E, 0x01, 0x69, 0x01, 0xCC,
	0x08, 0x6F, 0x0B, 0x78, 0x0C, 0x44, 0x0D, 0x00, 0xF0, 0x67, 0x00, 0x10,
	0x00, 0x00, 0x00, 0x39, 0x03, 0x8A, 0x07, 0xE0, 0x08, 0x56, 0x09, 0x00,
	0x00, 0x68, 0x00, 0x18, 0x00, 0x00, 0x00, 0x36, 0x01, 0x32, 0x09, 0x9C,
	0x09, 0x39, 0x0A, 0xEA, 0x0A, 0xAA, 0x0B, 0xEC, 0x0B, 0x00, 0x00, 0x00,
	0x10, 0x68, 0x00, 0x10, 0x00, 0x00, 0x00, 0x68, 0x02, 0x94, 0x0A, 0xB2,
	0x0D, 0x0E, 0x0F, 0x00, 0x20, 0x68, 0x00, 0x14, 0x00, 0x00, 0x00, 0x1C,
	0x05, 0xB9, 0x07, 0x1E, 0x0B, 0xD9, 0x0B, 0x96, 0x0D, 0x1E, 0x0E, 0x00,
	0x30, 0x68, 0x00, 0x10, 0x00, 0x00, 0x00, 0xD2, 0x04, 0x94, 0x07, 0xF4,
	0x09, 0x00, 0x00, 0x00, 0x40, 0x68, 0x00, 0x0C, 0x00, 0x00, 0x00, 0xF1,
	0x04, 0x09, 0x05, 0x00, 0x50, 0x68, 0x00, 0x10, 0x00, 0x00, 0x00, 0xF0,
	0x07, 0x6A, 0x08, 0x1A, 0x09, 0x00, 0x00, 0x00, 0x70, 0x68, 0x00, 0x10,
	0x00, 0x00, 0x00, 0x3F, 0x05, 0x69, 0x0A, 0xE4, 0x0B, 0x00, 0x00, 0x00,
	0x80, 0x68, 0x00, 0x0C, 0x00, 0x00, 0x00, 0x97, 0x0D, 0x00, 0x00, 0x00,
	0x90, 0x68, 0x00, 0x0C, 0x00, 0x00, 0x00, 0xA8, 0x09, 0x6A, 0x0E, 0x00,
	0xA0, 0x68, 0x00, 0x10, 0x00, 0x00, 0x00, 0xE1, 0x05, 0xE9, 0x08, 0x29,
	0x0B, 0x00, 0x00, 0x00, 0xB0, 0x68, 0x00, 0x10, 0x00, 0x00, 0x00, 0x5F,
	0x05, 0xB4, 0x07, 0x55, 0x0F, 0x00, 0x00, 0x00, 0xC0, 0x68, 0x00, 0x14,
	0x00, 0x00, 0x00, 0xC9, 0x00, 0xF2, 0x00, 0x8C, 0x03, 0xEB, 0x07, 0x7C,
	0x0D, 0xB3, 0x0D, 0x00, 0xE0, 0x68, 0x00, 0x0C, 0x00, 0x00, 0x00, 0x0F,
	0x0D, 0xDF, 0x0F, 0x00, 0xF0, 0x68, 0x00, 0x0C, 0x00, 0x00, 0x00, 0x82,
	0x09, 0x00, 0x00, 0x00, 0x00, 0x69, 0x00, 0x18, 0x00, 0x00, 0x00, 0x42,
	0x04, 0x60, 0x06, 0x0F, 0x07, 0x1E, 0x0C, 0x4B, 0x0E, 0x01, 0x0F, 0xB2,
	0x0F, 0x00, 0x00, 0x00, 0x10, 0x69, 0x00, 0x10, 0x00, 0x00, 0x00, 0x67,
	0x04, 0x7F, 0x04, 0x49, 0x0B, 0x00, 0x00, 0x00, 0x00, 0x6D, 0x00, 0x0C,
	0x00, 0x00, 0x00, 0xC6, 0x0D, 0xE2, 0x0F, 0x00, 0x10, 0x6D, 0x00, 0x0C,
	0x00, 0x00, 0x00, 0x4E, 0x0D, 0x00, 0x00, 0x00, 0x20, 0x6D, 0x00, 0x14,
	0x00, 0x00, 0x00, 0x24, 0x04, 0xC2, 0x05, 0xD9, 0x07, 0x81, 0x0E, 0xC7,
	0x0E, 0x00, 0x00, 0x00, 0x40, 0x6D, 0x00, 0x0C, 0x00, 0x00, 0x00, 0x02,
	0x0A, 0x4E, 0x0A, 0x00, 0x60, 0x6D, 0x00, 0x0C, 0x00, 0x00, 0x00, 0x3E,
	0x03, 0x00, 0x00, 0x00, 0x70, 0x6D, 0x00, 0x0C, 0x00, 0x00, 0x00, 0xC7,
	0x08, 0xE4, 0x08, 0x00, 0x80, 0x6D, 0x00, 0x10, 0x00, 0x00, 0x00, 0x41,
	0x0C, 0x19, 0x0D, 0xD7, 0x0D, 0x00, 0x00, 0x00, 0xC0, 0x6D, 0x00, 0x0C,
	0x00, 0x00, 0x00, 0xD9, 0x0F, 0x00, 0x00, 0x00, 0xE0, 0x6D, 0x00, 0x10,
	0x00, 0x00, 0x00, 0x9D, 0x05, 0x88, 0x07, 0xEE, 0x08, 0x00, 0x00, 0x00,
	0xF0, 0x6D, 0x00, 0x0C, 0x00, 0x00, 0x00, 0xC2, 0x03, 0x00, 0x00, 0x00,
	0x20, 0x6E, 0x00, 0x0C, 0x00, 0x00, 0x00, 0xC2, 0x08, 0x00, 0x00, 0x00,
	0x30, 0x6E, 0x00, 0x0C, 0x00, 0x00, 0x00, 0x97, 0x07, 0x00, 0x00, 0x00,
	0x60, 0x6E, 0x00, 0x0C, 0x00, 0x00, 0x00, 0xE3, 0x02, 0x00, 0x00, 0x00,
	0xC0, 0x6E, 0x00, 0x0C, 0x00, 0x00, 0x00, 0xA1, 0x04, 0x00, 0x00, 0x00,
	0xE0, 0x6E, 0x00, 0x0C, 0x00, 0x00, 0x00, 0x88, 0x07, 0x00, 0x00, 0x00,
	0xF0, 0x6E, 0x00, 0x0C, 0x00, 0x00, 0x00, 0xDA, 0x07, 0x00, 0x00, 0x00,
	0x60, 0x6F, 0x00, 0x0C, 0x00, 0x00, 0x00, 0xFE, 0x00, 0x00, 0x00, 0x00,
	0x90, 0x7E, 0x00, 0x0C, 0x00, 0x00, 0x00, 0x43, 0x0F, 0x00, 0x00, 0x00,
	0xA0, 0x7E, 0x00, 0x10, 0x00, 0x00, 0x00, 0x6B, 0x06, 0x51, 0x07, 0xBB,
	0x0E, 0x00, 0x00, 0x00, 0xB0, 0x7E, 0x00, 0x0C, 0x00, 0x00, 0x00, 0x39,
	0x05, 0x24, 0x0F, 0x00, 0xC0, 0x7E, 0x00, 0x0C, 0x00, 0x00, 0x00, 0x58,
	0x04, 0x00, 0x00, 0x00, 0x00, 0x7F, 0x00, 0x0C, 0x00, 0x00, 0x00, 0x85,
	0x00, 0xB3, 0x0C, 0x00, 0x60, 0x7F, 0x00, 0x0C, 0x00, 0x00, 0x00, 0xE1,
	0x0C, 0x00, 0x00, 0x00, 0x70, 0x7F, 0x00, 0x0C, 0x00, 0x00, 0x00, 0x92,
	0x0B, 0x00, 0x00, 0x00, 0x90, 0x7F, 0x00, 0x0C, 0x00, 0x00, 0x00, 0xC4,
	0x0F, 0xDC, 0x0F, 0x00, 0xA0, 0x7F, 0x00, 0x0C, 0x00, 0x00, 0x00, 0x82,
	0x00, 0x15, 0x0F, 0x00, 0xC0, 0x7F, 0x00, 0x0C, 0x00, 0x00, 0x00, 0x7C,
	0x01, 0x9D, 0x0D, 0x00, 0xE0, 0x7F, 0x00, 0x0C, 0x00, 0x00, 0x00, 0x46,
	0x03, 0x00, 0x00, 0x00, 0xD0, 0x8D, 0x00, 0x10, 0x00, 0x00, 0x00, 0xD1,
	0x02, 0xC7, 0x03, 0x41, 0x04, 0x00, 0x00, 0x00, 0x10, 0x95, 0x00, 0x0C,
	0x00, 0x00, 0x00, 0x0D, 0x0E, 0x00, 0x00, 0x00, 0x30, 0x95, 0x00, 0x0C,
	0x00, 0x00, 0x00, 0xE8, 0x05, 0x00, 0x00, 0x00, 0x40, 0x95, 0x00, 0x0C,
	0x00, 0x00, 0x00, 0xC0, 0x09, 0x00, 0x00, 0x00, 0x90, 0x97, 0x00, 0x0C,
	0x00, 0x00, 0x00, 0x66, 0x01, 0x00, 0x00, 0x00, 0xB0, 0x97, 0x00, 0x0C,
	0x00, 0x00, 0x00, 0x1F, 0x02, 0x00, 0x00, 0x00, 0x00, 0x99, 0x00, 0x0C,
	0x00, 0x00, 0x00, 0xE2, 0x03, 0x00, 0x00, 0x00, 0x10, 0x99, 0x00, 0x0C,
	0x00, 0x00, 0x00, 0x75, 0x02, 0x00, 0x00, 0x00, 0x60, 0x9F, 0x00, 0x0C,
	0x00, 0x00, 0x00, 0xFE, 0x08, 0xAA, 0x0B, 0x00, 0x50, 0xA2, 0x00, 0x0C,
	0x00, 0x00, 0x00, 0xBC, 0x0F, 0x00, 0x00, 0x00, 0x60, 0xA2, 0x00, 0x0C,
	0x00, 0x00, 0x00, 0x4E, 0x03, 0x00, 0x00, 0x00, 0x00, 0xA3, 0x00, 0x0C,
	0x00, 0x00, 0x00, 0xD1, 0x09, 0x00, 0x00, 0x00, 0xE0, 0xA3, 0x00, 0x0C,
	0x00, 0x00, 0x00, 0x3C, 0x07, 0xA0, 0x07, 0x00, 0x40, 0xA5, 0x00, 0x0C,
	0x00, 0x00, 0x00, 0x08, 0x00, 0x86, 0x01, 0x00, 0x00, 0xA6, 0x00, 0x0C,
	0x00, 0x00, 0x00, 0xD4, 0x0E, 0x00, 0x00, 0x00, 0x50, 0xA8, 0x00, 0x0C,
	0x00, 0x00, 0x00, 0x19, 0x0D, 0x3C, 0x0D, 0x00, 0xF0, 0xA8, 0x00, 0x0C,
	0x00, 0x00, 0x00, 0x06, 0x0B, 0x00, 0x00, 0x00, 0x90, 0xA9, 0x00, 0x0C,
	0x00, 0x00, 0x00, 0x4F, 0x00, 0x00, 0x00, 0x00, 0x30, 0xAB, 0x00, 0x0C,
	0x00, 0x00, 0x00, 0xC8, 0x08, 0x00, 0x00, 0x00, 0x70, 0xAE, 0x00, 0x0C,
	0x00, 0x00, 0x00, 0x7D, 0x0E, 0x00, 0x00, 0x00, 0xB0, 0xB1, 0x00, 0x0C,
	0x00, 0x00, 0x00, 0xA5, 0x00, 0x00, 0x00, 0x00, 0x30, 0xB6, 0x00, 0x0C,
	0x00, 0x00, 0x00, 0xFA, 0x09, 0xDA, 0x0E, 0x00, 0x40, 0xB6, 0x00, 0x0C,
	0x00, 0x00, 0x00, 0xF5, 0x08, 0x00, 0x00, 0x00, 0x50, 0xBA, 0x00, 0x0C,
	0x00, 0x00, 0x00, 0x24, 0x07, 0x00, 0x00, 0x00, 0xE0, 0xC4, 0x00, 0x0C,
	0x00, 0x00, 0x00, 0xEF, 0x0C, 0xFF, 0x0F, 0x00, 0xF0, 0xC4, 0x00, 0x14,
	0x00, 0x00, 0x00, 0xDE, 0x05, 0x3B, 0x07, 0x1E, 0x08, 0x94, 0x0A, 0xA9,
	0x0A, 0x98, 0x0D, 0x00, 0x00, 0xC5, 0x00, 0x14, 0x00, 0x00, 0x00, 0x9A,
	0x00, 0xA7, 0x02, 0x55, 0x07, 0x62, 0x07, 0x50, 0x09, 0xDB, 0x0F, 0x00,
	0x10, 0xC5, 0x00, 0x14, 0x00, 0x00, 0x00, 0x66, 0x00, 0x79, 0x01, 0xB8,
	0x01, 0x33, 0x02, 0x27, 0x03, 0x00, 0x00, 0x00, 0x20, 0xC5, 0x00, 0x14,
	0x00, 0x00, 0x00, 0xDA, 0x00, 0x78, 0x01, 0xC6, 0x01, 0xE9, 0x02, 0x2C,
	0x07, 0xFF, 0x0A, 0x00, 0x30, 0xC5, 0x00, 0x14, 0x00, 0x00, 0x00, 0x9F,
	0x00, 0xE9, 0x06, 0xA5, 0x08, 0xBB, 0x09, 0xAA, 0x0A, 0xB7, 0x0E, 0x00,
	0x40, 0xC5, 0x00, 0x10, 0x00, 0x00, 0x00, 0x98, 0x00, 0x6C, 0x01, 0x98,
	0x01, 0x90, 0x0F, 0x00, 0x50, 0xC5, 0x00, 0x0C, 0x00, 0x00, 0x00, 0x29,
	0x05, 0xBE, 0x0F, 0x00, 0x60, 0xC5, 0x00, 0x0C, 0x00, 0x00, 0x00, 0x16,
	0x02, 0x00, 0x00, 0x00, 0x70, 0xC5, 0x00, 0x0C, 0x00, 0x00, 0x00, 0xC6,
	0x0A, 0x00, 0x00, 0x00, 0x80, 0xC5, 0x00, 0x10, 0x00, 0x00, 0x00, 0x82,
	0x02, 0x76, 0x03, 0xC4, 0x07, 0x00, 0x00, 0x00, 0x90, 0xC5, 0x00, 0x0C,
	0x00, 0x00, 0x00, 0x92, 0x04, 0x00, 0x00, 0x00, 0xA0, 0xC5, 0x00, 0x0C,
	0x00, 0x00, 0x00, 0x49, 0x01, 0xA2, 0x03, 0x00, 0xB0, 0xC5, 0x00, 0x0C,
	0x00, 0x00, 0x00, 0xD6, 0x04, 0x00, 0x00, 0x00, 0xC0, 0xC5, 0x00, 0x10,
	0x00, 0x00, 0x00, 0x0D, 0x01, 0x04, 0x0D, 0xBE, 0x0F, 0x00, 0x00, 0x00,
	0xD0, 0xC5, 0x00, 0x0C, 0x00, 0x00, 0x00, 0x5D, 0x04, 0x00, 0x00, 0x00,
	0x60, 0xC6, 0x00, 0x0C, 0x00, 0x00, 0x00, 0x96, 0x05, 0x00, 0x00, 0x00,
	0x70, 0xC6, 0x00, 0x0C, 0x00, 0x00, 0x00, 0x5B, 0x0D, 0xA2, 0x0E, 0x00,
	0x00, 0x00, 0x00, 0x80, 0xF6, 0xFF, 0xFF, 0x94, 0x15, 0x00, 0x00, 0x00,
	0x10, 0x22, 0x00, 0x0C, 0x00, 0x00, 0x00, 0x75, 0x04, 0x30, 0x0C, 0x00,
	0x30, 0x22, 0x00, 0x1C, 0x00, 0x00, 0x00, 0x00, 0x00, 0x29, 0x02, 0xA5,
	0x02, 0xA7, 0x03, 0x0D, 0x06, 0x8D, 0x08, 0x35, 0x0C, 0xCA, 0x0D, 0xC7,
	0x0F, 0x00, 0x00, 0x00, 0x40, 0x22, 0x00, 0x14, 0x00, 0x00, 0x00, 0xB8,
	0x04, 0x0F, 0x07, 0x53, 0x09, 0x44, 0x0E, 0x46, 0x0F, 0x00, 0x00, 0x00,
	0x50, 0x22, 0x00, 0x10, 0x00, 0x00, 0x00, 0xD3, 0x06, 0x27, 0x08, 0xBC,
	0x08, 0x00, 0x00, 0x00, 0x60, 0x22, 0x00, 0x10, 0x00, 0x00, 0x00, 0x1E,
	0x00, 0xFD, 0x00, 0x19, 0x01, 0x21, 0x0A, 0x00, 0x70, 0x22, 0x00, 0x10,
	0x00, 0x00, 0x00, 0x86, 0x03, 0xE1, 0x04, 0xCE, 0x0B, 0x17, 0x0E, 0x00,
	0x80, 0x22, 0x00, 0x10, 0x00, 0x00, 0x00, 0x66, 0x05, 0x1A, 0x07, 0x96,
	0x0B, 0x00, 0x00, 0x00, 0x90, 0x22, 0x00, 0x0C, 0x00, 0x00, 0x00, 0xD6,
	0x0B, 0xBF, 0x0F, 0x00, 0xA0, 0x22, 0x00, 0x10, 0x00, 0x00, 0x00, 0x72,
	0x01, 0x4B, 0x09, 0x39, 0x0A, 0x87, 0x0F, 0x00, 0xB0, 0x22, 0x00, 0x10,
	0x00, 0x00, 0x00, 0xA4, 0x04, 0xE7, 0x04, 0x00, 0x0E, 0x00, 0x00, 0x00,
	0xC0, 0x22, 0x00, 0x10, 0x00, 0x00, 0x00, 0xB4, 0x01, 0x38, 0x02, 0x73,
	0x07, 0x6B, 0x0F, 0x00, 0xD0, 0x22, 0x00, 0x0C, 0x00, 0x00, 0x00, 0xF1,
	0x06, 0x56, 0x0C, 0x00, 0xE0, 0x22, 0x00, 0x14, 0x00, 0x00, 0x00, 0x13,
	0x00, 0x89, 0x01, 0xBA, 0x06, 0x36, 0x0B, 0x7A, 0x0D, 0x65, 0x0E, 0x00,
	0xF0, 0x22, 0x00, 0x10, 0x00, 0x00, 0x00, 0x3B, 0x0C, 0xF1, 0x0C, 0xAE,
	0x0D, 0xBA, 0x0D, 0x00, 0x00, 0x23, 0x00, 0x18, 0x00, 0x00, 0x00, 0x81,
	0x00, 0x40, 0x02, 0x66, 0x04, 0xA5, 0x04, 0x72, 0x0C, 0xB5, 0x0C, 0xE8,
	0x0C, 0xA2, 0x0F, 0x00, 0x10, 0x23, 0x00, 0x10, 0x00, 0x00, 0x00, 0x5E,
	0x00, 0x95, 0x01, 0x11, 0x04, 0x00, 0x00, 0x00, 0x50, 0x24, 0x00, 0x0C,
	0x00, 0x00, 0x00, 0x3E, 0x06, 0x00, 0x00, 0x00, 0x60, 0x24, 0x00, 0x0C,
	0x00, 0x00, 0x00, 0xA3, 0x09, 0x00, 0x00, 0x00, 0x50, 0x27, 0x00, 0x0C,
	0x00, 0x00, 0x00, 0x04, 0x04, 0xFD, 0x0B, 0x00, 0x80, 0x27, 0x00, 0x0C,
	0x00, 0x00, 0x00, 0xFA, 0x0F, 0x00, 0x00, 0x00, 0x90, 0x27, 0x00, 0x10,
	0x00, 0x00, 0x00, 0x3C, 0x06, 0x68, 0x07, 0xE3, 0x08, 0x00, 0x00, 0x00,
	0xA0, 0x27, 0x00, 0x0C, 0x00, 0x00, 0x00, 0xDB, 0x03, 0xA5, 0x06, 0x00,
	0xB0, 0x27, 0x00, 0x1C, 0x00, 0x00, 0x00, 0x15, 0x00, 0x63, 0x00, 0x5D,
	0x01, 0x88, 0x02, 0x7B, 0x03, 0x0B, 0x04, 0x17, 0x07, 0xEF, 0x07, 0x77,
	0x0B, 0x78, 0x0C, 0x00, 0xC0, 0x27, 0x00, 0x1C, 0x00, 0x00, 0x00, 0x70,
	0x00, 0xFF, 0x01, 0x52, 0x02, 0xEB, 0x03, 0x1B, 0x05, 0x83, 0x05, 0xC6,
	0x06, 0xC6, 0x09, 0x09, 0x0C, 0x78, 0x0E, 0x00, 0xD0, 0x27, 0x00, 0x24,
	0x00, 0x00, 0x00, 0x03, 0x00, 0x46, 0x00, 0xED, 0x01, 0xC6, 0x03, 0x48,
	0x05, 0x0F, 0x06, 0xB7, 0x09, 0x30, 0x0A, 0xE1, 0x0B, 0xBC, 0x0D, 0xAE,
	0x0E, 0x8F, 0x0F, 0xE1, 0x0F, 0x00, 0x00, 0x00, 0xE0, 0x27, 0x00, 0x14,
	0x00, 0x00, 0x00, 0xBE, 0x00, 0xE6, 0x02, 0xD5, 0x04, 0x6B, 0x06, 0xDC,
	0x06, 0x84, 0x07, 0x00, 0xF0, 0x27, 0x00, 0x0C, 0x00, 0x00, 0x00, 0xF8,
	0x0F, 0x00, 0x00, 0x00, 0x00, 0x28, 0x00, 0x10, 0x00, 0x00, 0x00, 0x78,
	0x01, 0x3F, 0x02, 0x32, 0x0E, 0x00, 0x00, 0x00, 0x10, 0x28, 0x00, 0x18,
	0x00, 0x00, 0x00, 0x18, 0x00, 0xA4, 0x04, 0xCB, 0x05, 0xB9, 0x06, 0xAB,
	0x07, 0x65, 0x08, 0xCB, 0x08, 0x00, 0x00, 0x00, 0x20, 0x28, 0x00, 0x10,
	0x00, 0x00, 0x00, 0xA5, 0x03, 0x7D, 0x05, 0x1D, 0x08, 0x5A, 0x0A, 0x00,
	0x30, 0x28, 0x00, 0x10, 0x00, 0x00, 0x00, 0xEC, 0x02, 0x47, 0x07, 0x8D,
	0x07, 0x00, 0x00, 0x00, 0x40, 0x28, 0x00, 0x10, 0x00, 0x00, 0x00, 0xBD,
	0x00, 0x6F, 0x05, 0xC6, 0x07, 0x30, 0x0C, 0x00, 0x50, 0x28, 0x00, 0x10,
	0x00, 0x00, 0x00, 0xB1, 0x01, 0xBF, 0x06, 0xDA, 0x06, 0xFF, 0x0C, 0x00,
	0x60, 0x28, 0x00, 0x0C, 0x00, 0x00, 0x00, 0xB7, 0x0B, 0xFB, 0x0F, 0x00,
	0x70, 0x28, 0x00, 0x10, 0x00, 0x00, 0x00, 0x58, 0x01, 0xCF, 0x05, 0xAF,
	0x07, 0xAC, 0x0C, 0x00, 0x90, 0x28, 0x00, 0x14, 0x00, 0x00, 0x00, 0x09,
	0x03, 0x63, 0x03, 0x42, 0x04, 0x61, 0x05, 0x9F, 0x06, 0x72, 0x09, 0x00,
	0xA0, 0x28, 0x00, 0x14, 0x00, 0x00, 0x00, 0x8C, 0x03, 0x8E, 0x07, 0x53,
	0x08, 0xC2, 0x0A, 0xD2, 0x0C, 0x1B, 0x0D, 0x00, 0xB0, 0x28, 0x00, 0x14,
	0x00, 0x00, 0x00, 0x51, 0x02, 0xD0, 0x03, 0x82, 0x06, 0x60, 0x07, 0x80,
	0x09, 0xBA, 0x0E, 0x00, 0xC0, 0x28, 0x00, 0x14, 0x00, 0x00, 0x00, 0xC2,
	0x01, 0xBC, 0x02, 0xDC, 0x07, 0x45, 0x09, 0xFE, 0x0C, 0x00, 0x00, 0x00,
	0xD0, 0x28, 0x00, 0x18, 0x00, 0x00, 0x00, 0xCC, 0x00, 0x39, 0x03, 0x91,
	0x07, 0x6A, 0x08, 0x45, 0x09, 0x24, 0x0C, 0xB3, 0x0C, 0xD5, 0x0F, 0x00,
	0xE0, 0x28, 0x00, 0x18, 0x00, 0x00, 0x00, 0xEF, 0x04, 0x95, 0x06, 0x58,
	0x08, 0xD6, 0x09, 0x19, 0x0C, 0xA4, 0x0C, 0xE6, 0x0E, 0x98, 0x0F, 0x00,
	0xF0, 0x28, 0x00, 0x0C, 0x00, 0x00, 0x00, 0x26, 0x00, 0x00, 0x00, 0x00,
	0x00, 0x29, 0x00, 0x10, 0x00, 0x00, 0x00, 0x76, 0x01, 0x55, 0x03, 0xAF,
	0x0A, 0xB1, 0x0E, 0x00, 0x10, 0x29, 0x00, 0x14, 0x00, 0x00, 0x00, 0x8B,
	0x02, 0x31, 0x03, 0xBB, 0x03, 0xAD, 0x0D, 0x9F, 0x0E, 0x00, 0x00, 0x00,
	0x20, 0x29, 0x00, 0x0C, 0x00, 0x00, 0x00, 0xD9, 0x00, 0x5E, 0x02, 0x00,
	0x40, 0x29, 0x00, 0x0C, 0x00, 0x00, 0x00, 0xED, 0x05, 0x00, 0x00, 0x00,
	0x60, 0x29, 0x00, 0x0C, 0x00, 0x00, 0x00, 0xCE, 0x08, 0xD5, 0x0D, 0x00,
	0x70, 0x29, 0x00, 0x0C, 0x00, 0x00, 0x00, 0xB3, 0x0C, 0x00, 0x00, 0x00,
	0x90, 0x29, 0x00, 0x10, 0x00, 0x00, 0x00, 0x54, 0x05, 0x32, 0x06, 0x3D,
	0x0E, 0x00, 0x00, 0x00, 0xA0, 0x29, 0x00, 0x10, 0x00, 0x00, 0x00, 0x18,
	0x08, 0xB5, 0x08, 0x1D, 0x09, 0x17, 0x0B, 0x00, 0xB0, 0x29, 0x00, 0x14,
	0x00, 0x00, 0x00, 0x64, 0x09, 0xF7, 0x0A, 0x34, 0x0C, 0x65, 0x0C, 0x7B,
	0x0F, 0x00, 0x00, 0x00, 0xC0, 0x29, 0x00, 0x0C, 0x00, 0x00, 0x00, 0xC3,
	0x01, 0x00, 0x00, 0x00, 0x10, 0x2A, 0x00, 0x10, 0x00, 0x00, 0x00, 0x06,
	0x05, 0x3A, 0x0A, 0x0E, 0x0B, 0x00, 0x00, 0x00, 0xE0, 0x2A, 0x00, 0x0C,
	0x00, 0x00, 0x00, 0x5C, 0x02, 0x00, 0x00, 0x00, 0x10, 0x2B, 0x00, 0x14,
	0x00, 0x00, 0x00, 0x2D, 0x02, 0xB3, 0x09, 0x72, 0x0A, 0x86, 0x0B, 0x00,
	0x0C, 0x00, 0x00, 0x00, 0x20, 0x2B, 0x00, 0x10, 0x00, 0x00, 0x00, 0x5E,
	0x08, 0x63, 0x0E, 0x5B, 0x0F, 0x00, 0x00, 0x00, 0x30, 0x2B, 0x00, 0x0C,
	0x00, 0x00, 0x00, 0xC8, 0x0D, 0x00, 0x00, 0x00, 0x40, 0x2B, 0x00, 0x10,
	0x00, 0x00, 0x00, 0x5C, 0x09, 0x4B, 0x0A, 0x07, 0x0B, 0x62, 0x0D, 0x00,
	0x50, 0x2B, 0x00, 0x0C, 0x00, 0x00, 0x00, 0x71, 0x07, 0x0A, 0x0D, 0x00,
	0x60, 0x2B, 0x00, 0x1C, 0x00, 0x00, 0x00, 0xD1, 0x00, 0xF8, 0x01, 0x4A,
	0x03, 0x3F, 0x06, 0x5B, 0x06, 0xC0, 0x09, 0x3E, 0x0B, 0xF4, 0x0C, 0xF5,
	0x0F, 0x00, 0x00, 0x00, 0x70, 0x2B, 0x00, 0x14, 0x00, 0x00, 0x00, 0x2A,
	0x01, 0x48, 0x03, 0xFB, 0x05, 0xED, 0x09, 0x3B, 0x0E, 0x00, 0x00, 0x00,
	0x80, 0x2B, 0x00, 0x10, 0x00, 0x00, 0x00, 0x21, 0x07, 0x03, 0x0B, 0x46,
	0x0D, 0x7D, 0x0E, 0x00, 0x90, 0x2B, 0x00, 0x1C, 0x00, 0x00, 0x00, 0xD6,
	0x00, 0x26, 0x01, 0xA3, 0x02, 0x8E, 0x06, 0xF5, 0x06, 0x3F, 0x07, 0xA3,
	0x09, 0x59, 0x0B, 0xFE, 0x0D, 0x00, 0x00, 0x00, 0xA0, 0x2B, 0x00, 0x18,
	0x00, 0x00, 0x00, 0x6A, 0x00, 0xBA, 0x00, 0xCF, 0x01, 0x3D, 0x02, 0xD0,
	0x04, 0x4D, 0x06, 0xF6, 0x0D, 0x00, 0x00, 0x00, 0xB0, 0x2B, 0x00, 0x10,
	0x00, 0x00, 0x00, 0x13, 0x00, 0x44, 0x03, 0xE5, 0x03, 0x92, 0x04, 0x00,
	0xC0, 0x2B, 0x00, 0x14, 0x00, 0x00, 0x00, 0x68, 0x02, 0xA4, 0x03, 0x7C,
	0x05, 0x27, 0x06, 0xC3, 0x06, 0x8C, 0x0C, 0x00, 0xD0, 0x2B, 0x00, 0x0C,
	0x00, 0x00, 0x00, 0x55, 0x00, 0xED, 0x0E, 0x00, 0xE0, 0x2B, 0x00, 0x10,
	0x00, 0x00, 0x00, 0x6A, 0x00, 0xF5, 0x04, 0x45, 0x0B, 0x8D, 0x0D, 0x00,
	0xF0, 0x2B, 0x00, 0x14, 0x00, 0x00, 0x00, 0x1B, 0x03, 0x40, 0x05, 0x53,
	0x08, 0xC9, 0x08, 0xD1, 0x0A, 0x9D, 0x0F, 0x00, 0x00, 0x2C, 0x00, 0x14,
	0x00, 0x00, 0x00, 0x69, 0x02, 0x7C, 0x0A, 0xEF, 0x0A, 0x69, 0x0E, 0xB8,
	0x0F, 0x00, 0x00, 0x00, 0x10, 0x2C, 0x00, 0x0C, 0x00, 0x00, 0x00, 0x5C,
	0x01, 0x27, 0x04, 0x00, 0x20, 0x2C, 0x00, 0x10, 0x00, 0x00, 0x00, 0xAB,
	0x00, 0x1E, 0x0A, 0xF2, 0x0A, 0x00, 0x00, 0x00, 0x30, 0x2C, 0x00, 0x10,
	0x00, 0x00, 0x00, 0x66, 0x02, 0xD2, 0x07, 0xCD, 0x0A, 0xCC, 0x0D, 0x00,
	0x40, 0x2C, 0x00, 0x14, 0x00, 0x00, 0x00, 0x56, 0x00, 0xE4, 0x0A, 0xCD,
	0x0D, 0x6A, 0x0E, 0xB9, 0x0F, 0x00, 0x00, 0x00, 0x50, 0x2C, 0x00, 0x14,
	0x00, 0x00, 0x00, 0xDE, 0x01, 0xCE, 0x05, 0xA7, 0x07, 0xC9, 0x09, 0x34,
	0x0F, 0x00, 0x00, 0x00, 0x60, 0x2C, 0x00, 0x1C, 0x00, 0x00, 0x00, 0x2B,
	0x01, 0xB5, 0x06, 0xBF, 0x08, 0xE4, 0x09, 0x21, 0x0A, 0xC5, 0x0A, 0x31,
	0x0D, 0x68, 0x0D, 0x44, 0x0E, 0x24, 0x0F, 0x00, 0x70, 0x2C, 0x00, 0x14,
	0x00, 0x00, 0x00, 0xF0, 0x02, 0x8B, 0x04, 0x53, 0x08, 0xE8, 0x0A, 0x33,
	0x0C, 0x23, 0x0D, 0x00, 0x80, 0x2C, 0x00, 0x0C, 0x00, 0x00, 0x00, 0xDE,
	0x01, 0xA7, 0x05, 0x00, 0xD0, 0x2C, 0x00, 0x18, 0x00, 0x00, 0x00, 0xC0,
	0x01, 0xAE, 0x06, 0x83, 0x07, 0x8F, 0x09, 0x52, 0x0A, 0x40, 0x0B, 0x51,
	0x0C, 0xA1, 0x0D, 0x00, 0xE0, 0x2C, 0x00, 0x0C, 0x00, 0x00, 0x00, 0x9D,
	0x04, 0x48, 0x0B, 0x00, 0xF0, 0x2C, 0x00, 0x0C, 0x00, 0x00, 0x00, 0x11,
	0x09, 0x2F, 0x0B, 0x00, 0x00, 0x2D, 0x00, 0x0C, 0x00, 0x00, 0x00, 0x62,
	0x01, 0x6A, 0x03, 0x00, 0x20, 0x2D, 0x00, 0x10, 0x00, 0x00, 0x00, 0x91,
	0x00, 0xB0, 0x04, 0xC5, 0x06, 0x2F, 0x07, 0x00, 0x30, 0x2D, 0x00, 0x0C,
	0x00, 0x00, 0x00, 0xA3, 0x0E, 0x00, 0x00, 0x00, 0x40, 0x2D, 0x00, 0x0C,
	0x00, 0x00, 0x00, 0xFB, 0x0F, 0x00, 0x00, 0x00, 0xC0, 0x2E, 0x00, 0x10,
	0x00, 0x00, 0x00, 0x3F, 0x0B, 0x57, 0x0C, 0xCA, 0x0C, 0xFA, 0x0D, 0x00,
	0xD0, 0x2E, 0x00, 0x0C, 0x00, 0x00, 0x00, 0xBE, 0x0E, 0xCF, 0x0F, 0x00,
	0xE0, 0x2E, 0x00, 0x10, 0x00, 0x00, 0x00, 0xDF, 0x03, 0x45, 0x07, 0x78,
	0x0C, 0x00, 0x00, 0x00, 0xF0, 0x2E, 0x00, 0x10, 0x00, 0x00, 0x00, 0xF2,
	0x00, 0x20, 0x03, 0x56, 0x03, 0xCB, 0x05, 0x00, 0x00, 0x2F, 0x00, 0x14,
	0x00, 0x00, 0x00, 0x7A, 0x05, 0xBF, 0x06, 0x80, 0x0C, 0x31, 0x0D, 0x2C,
	0x0E, 0x04, 0x0F, 0x00, 0x10, 0x2F, 0x00, 0x10, 0x00, 0x00, 0x00, 0xEF,
	0x02, 0x6F, 0x04, 0x61, 0x05, 0x00, 0x00, 0x00, 0x40, 0x2F, 0x00, 0x0C,
	0x00, 0x00, 0x00, 0xBC, 0x0A, 0x23, 0x0C, 0x00, 0x50, 0x2F, 0x00, 0x0C,
	0x00, 0x00, 0x00, 0xF4, 0x0C, 0x00, 0x00, 0x00, 0x90, 0x2F, 0x00, 0x0C,
	0x00, 0x00, 0x00, 0x25, 0x0D, 0x39, 0x0F, 0x00, 0xA0, 0x2F, 0x00, 0x0C,
	0x00, 0x00, 0x00, 0x22, 0x0D, 0x00, 0x00, 0x00, 0xB0, 0x2F, 0x00, 0x10,
	0x00, 0x00, 0x00, 0x11, 0x02, 0xB6, 0x06, 0x60, 0x07, 0x61, 0x0A, 0x00,
	0xC0, 0x2F, 0x00, 0x10, 0x00, 0x00, 0x00, 0x90, 0x05, 0x2D, 0x07, 0xC7,
	0x0C, 0x10, 0x0E, 0x00, 0xD0, 0x2F, 0x00, 0x10, 0x00, 0x00, 0x00, 0x62,
	0x00, 0x5C, 0x0B, 0x65, 0x0D, 0x1F, 0x0E, 0x00, 0xE0, 0x2F, 0x00, 0x10,
	0x00, 0x00, 0x00, 0x27, 0x03, 0x2A, 0x05, 0xEE, 0x08, 0x72, 0x0E, 0x00,
	0xF0, 0x2F, 0x00, 0x0C, 0x00, 0x00, 0x00, 0x05, 0x08, 0x13, 0x0A, 0x00,
	0x00, 0x30, 0x00, 0x10, 0x00, 0x00, 0x00, 0x79, 0x04, 0x7E, 0x05, 0x03,
	0x0A, 0x96, 0x0D, 0x00, 0x10, 0x30, 0x00, 0x10, 0x00, 0x00, 0x00, 0xC1,
	0x01, 0xC9, 0x05, 0x26, 0x08, 0x00, 0x00, 0x00, 0x20, 0x30, 0x00, 0x0C,
	0x00, 0x00, 0x00, 0xA0, 0x00, 0x23, 0x02, 0x00, 0x30, 0x30, 0x00, 0x10,
	0x00, 0x00, 0x00, 0x15, 0x00, 0x5A, 0x02, 0x32, 0x09, 0x00, 0x00, 0x00,
	0x40, 0x30, 0x00, 0x10, 0x00, 0x00, 0x00, 0xF3, 0x00, 0xF5, 0x01, 0xE0,
	0x03, 0x00, 0x00, 0x00, 0x60, 0x30, 0x00, 0x10, 0x00, 0x00, 0x00, 0xC6,
	0x00, 0xCC, 0x0A, 0x13, 0x0D, 0xCB, 0x0F, 0x00, 0x70, 0x30, 0x00, 0x14,
	0x00, 0x00, 0x00, 0xA9, 0x04, 0x7F, 0x07, 0x39, 0x0A, 0x6C, 0x0E, 0x82,
	0x0F, 0x00, 0x00, 0x00, 0x80, 0x30, 0x00, 0x14, 0x00, 0x00, 0x00, 0xD4,
	0x01, 0x68, 0x03, 0xFF, 0x03, 0x3B, 0x0B, 0x5C, 0x0F, 0x00, 0x00, 0x00,
	0x90, 0x30, 0x00, 0x10, 0x00, 0x00, 0x00, 0xA6, 0x02, 0x71, 0x03, 0xA1,
	0x0F, 0x00, 0x00, 0x00, 0xA0, 0x30, 0x00, 0x10, 0x00, 0x00, 0x00, 0x8A,
	0x04, 0x3D, 0x0A, 0x3C, 0x0C, 0x80, 0x0E, 0x00, 0xB0, 0x30, 0x00, 0x0C,
	0x00, 0x00, 0x00, 0x44, 0x05, 0x26, 0x08, 0x00, 0x10, 0x31, 0x00, 0x10,
	0x00, 0x00, 0x00, 0x07, 0x01, 0xE0, 0x01, 0x63, 0x02, 0x00, 0x00, 0x00,
	0x20, 0x31, 0x00, 0x10, 0x00, 0x00, 0x00, 0xEF, 0x04, 0x1E, 0x06, 0xA9,
	0x0A, 0x29, 0x0C, 0x00, 0x30, 0x31, 0x00, 0x10, 0x00, 0x00, 0x00, 0x1C,
	0x01, 0xBF, 0x02, 0xF9, 0x08, 0x10, 0x0D, 0x00, 0x40, 0x31, 0x00, 0x10,
	0x00, 0x00, 0x00, 0xAB, 0x02, 0x23, 0x03, 0x98, 0x04, 0x00, 0x00, 0x00,
	0x80, 0x31, 0x00, 0x0C, 0x00, 0x00, 0x00, 0xE6, 0x04, 0x35, 0x08, 0x00,
	0x90, 0x31, 0x00, 0x18, 0x00, 0x00, 0x00, 0xE9, 0x03, 0x05, 0x08, 0xA2,
	0x08, 0xA5, 0x0A, 0xD8, 0x0A, 0x35, 0x0B, 0xBA, 0x0B, 0x81, 0x0F, 0x00,
	0xA0, 0x31, 0x00, 0x10, 0x00, 0x00, 0x00, 0x32, 0x03, 0x44, 0x04, 0x0B,
	0x0D, 0x7D, 0x0E, 0x00, 0xB0, 0x31, 0x00, 0x14, 0x00, 0x00, 0x00, 0xE3,
	0x01, 0xC3, 0x03, 0x7B, 0x04, 0x41, 0x0B, 0x1D, 0x0F, 0x00, 0x00, 0x00,
	0xC0, 0x31, 0x00, 0x14, 0x00, 0x00, 0x00, 0xFD, 0x01, 0xFA, 0x03, 0x0A,
	0x07, 0x65, 0x0A, 0xC2, 0x0A, 0xF7, 0x0E, 0x00, 0xD0, 0x31, 0x00, 0x0C,
	0x00, 0x00, 0x00, 0x2D, 0x01, 0x05, 0x05, 0x00, 0xE0, 0x31, 0x00, 0x18,
	0x00, 0x00, 0x00, 0x52, 0x02, 0xD7, 0x02, 0xBC, 0x03, 0xF4, 0x05, 0x31,
	0x0B, 0xC0, 0x0C, 0xBE, 0x0E, 0x00, 0x00, 0x00, 0xF0, 0x31, 0x00, 0x0C,
	0x00, 0x00, 0x00, 0x62, 0x05, 0x61, 0x0C, 0x00, 0x00, 0x32, 0x00, 0x18,
	0x00, 0x00, 0x00, 0x97, 0x01, 0x4C, 0x04, 0xA7, 0x07, 0xAD, 0x09, 0x1F,
	0x0B, 0x99, 0x0E, 0x96, 0x0F, 0xB6, 0x0F, 0x00, 0x10, 0x32, 0x00, 0x0C,
	0x00, 0x00, 0x00, 0xDE, 0x04, 0x70, 0x0B, 0x00, 0x20, 0x32, 0x00, 0x10,
	0x00, 0x00, 0x00, 0x84, 0x04, 0x05, 0x09, 0x61, 0x0D, 0x61, 0x0F, 0x00,
	0x30, 0x32, 0x00, 0x10, 0x00, 0x00, 0x00, 0x58, 0x01, 0x98, 0x02, 0xBA,
	0x06, 0x00, 0x00, 0x00, 0x40, 0x32, 0x00, 0x0C, 0x00, 0x00, 0x00, 0x9D,
	0x08, 0x00, 0x00, 0x00, 0x60, 0x32, 0x00, 0x0C, 0x00, 0x00, 0x00, 0xE2,
	0x07, 0x00, 0x00, 0x00, 0x70, 0x32, 0x00, 0x10, 0x00, 0x00, 0x00, 0xA4,
	0x07, 0x22, 0x0A, 0x66, 0x0C, 0xE2, 0x0F, 0x00, 0x80, 0x32, 0x00, 0x10,
	0x00, 0x00, 0x00, 0xCA, 0x00, 0x07, 0x01, 0x87, 0x08, 0x00, 0x00, 0x00,
	0x90, 0x32, 0x00, 0x0C, 0x00, 0x00, 0x00, 0x14, 0x02, 0x00, 0x00, 0x00,
	0xF0, 0x33, 0x00, 0x10, 0x00, 0x00, 0x00, 0x1F, 0x0A, 0xD1, 0x0B, 0x22,
	0x0D, 0x19, 0x0F, 0x00, 0x00, 0x34, 0x00, 0x10, 0x00, 0x00, 0x00, 0x1E,
	0x01, 0x0A, 0x02, 0xC0, 0x05, 0x00, 0x00, 0x00, 0x10, 0x34, 0x00, 0x10,
	0x00, 0x00, 0x00, 0xEF, 0x04, 0x9B, 0x0A, 0x34, 0x0B, 0xC8, 0x0F, 0x00,
	0x20, 0x34, 0x00, 0x10, 0x00, 0x00, 0x00, 0xE3, 0x01, 0xCF, 0x06, 0xA1,
	0x0B, 0x71, 0x0D, 0x00, 0x30, 0x34, 0x00, 0x10, 0x00, 0x00, 0x00, 0x28,
	0x01, 0x03, 0x07, 0x89, 0x0A, 0x58, 0x0C, 0x00, 0x40, 0x34, 0x00, 0x10,
	0x00, 0x00, 0x00, 0x30, 0x04, 0x67, 0x0A, 0xDF, 0x0E, 0x00, 0x00, 0x00,
	0x50, 0x34, 0x00, 0x0C, 0x00, 0x00, 0x00, 0xC6, 0x00, 0x5F, 0x03, 0x00,
	0x60, 0x34, 0x00, 0x0C, 0x00, 0x00, 0x00, 0xA1, 0x09, 0x00, 0x00, 0x00,
	0x90, 0x34, 0x00, 0x0C, 0x00, 0x00, 0x00, 0x2B, 0x04, 0x00, 0x00, 0x00,
	0xA0, 0x34, 0x00, 0x0C, 0x00, 0x00, 0x00, 0xE3, 0x01, 0x00, 0x00, 0x00,
	0x60, 0x35, 0x00, 0x0C, 0x00, 0x00, 0x00, 0x0E, 0x08, 0xA2, 0x08, 0x00,
	0x70, 0x38, 0x00, 0x10, 0x00, 0x00, 0x00, 0x4F, 0x0C, 0x28, 0x0E, 0xDD,
	0x0E, 0x00, 0x00, 0x00, 0x80, 0x38, 0x00, 0x14, 0x00, 0x00, 0x00, 0x10,
	0x00, 0x7A, 0x01, 0x3B, 0x02, 0x84, 0x02, 0xF8, 0x02, 0x00, 0x00, 0x00,
	0x20, 0x39, 0x00, 0x0C, 0x00, 0x00, 0x00, 0xC1, 0x0C, 0x00, 0x00, 0x00,
	0x30, 0x39, 0x00, 0x14, 0x00, 0x00, 0x00, 0xD7, 0x01, 0xB0, 0x03, 0x5C,
	0x04, 0x8B, 0x05, 0x01, 0x0B, 0x5D, 0x0E, 0x00, 0x40, 0x39, 0x00, 0x10,
	0x00, 0x00, 0x00, 0x25, 0x00, 0x29, 0x02, 0xD0, 0x0E, 0x00, 0x00, 0x00,
	0x50, 0x39, 0x00, 0x0C, 0x00, 0x00, 0x00, 0x6A, 0x02, 0x00, 0x00, 0x00,
	0x70, 0x39, 0x00, 0x14, 0x00, 0x00, 0x00, 0xD0, 0x04, 0xAF, 0x06, 0x77,
	0x07, 0x1E, 0x0E, 0x13, 0x0F, 0x00, 0x00, 0x00, 0x80, 0x39, 0x00, 0x0C,
	0x00, 0x00, 0x00, 0xCF, 0x02, 0x9A, 0x0A, 0x00, 0x90, 0x39, 0x00, 0x14,
	0x00, 0x00, 0x00, 0x49, 0x02, 0x21, 0x04, 0x21, 0x07, 0xC0, 0x07, 0x0A,
	0x08, 0x00, 0x00, 0x00, 0xA0, 0x39, 0x00, 0x0C, 0x00, 0x00, 0x00, 0x8C,
	0x02, 0x3D, 0x07, 0x00, 0xB0, 0x39, 0x00, 0x10, 0x00, 0x00, 0x00, 0x56,
	0x02, 0x5F, 0x03, 0x0C, 0x04, 0x7B, 0x05, 0x00, 0xC0, 0x39, 0x00, 0x14,
	0x00, 0x00, 0x00, 0x29, 0x03, 0x78, 0x07, 0x18, 0x08, 0x3E, 0x0A, 0x94,
	0x0D, 0x00, 0x00, 0x00, 0xD0, 0x39, 0x00, 0x18, 0x00, 0x00, 0x00, 0x87,
	0x00, 0xE4, 0x00, 0xF6, 0x01, 0xAA, 0x03, 0x27, 0x0A, 0x36, 0x0B, 0x79,
	0x0F, 0x00, 0x00, 0x00, 0xE0, 0x39, 0x00, 0x0C, 0x00, 0x00, 0x00, 0xBE,
	0x09, 0x89, 0x0F, 0x00, 0xF0, 0x39, 0x00, 0x14, 0x00, 0x00, 0x00, 0x9C,
	0x00, 0x2E, 0x01, 0x41, 0x01, 0x52, 0x0B, 0x42, 0x0F, 0x00, 0x00, 0x00,
	0x00, 0x3A, 0x00, 0x0C, 0x00, 0x00, 0x00, 0xF1, 0x01, 0x00, 0x00, 0x00,
	0x10, 0x3A, 0x00, 0x0C, 0x00, 0x00, 0x00, 0x44, 0x07, 0x70, 0x0F, 0x00,
	0x40, 0x3A, 0x00, 0x0C, 0x00, 0x00, 0x00, 0x83, 0x0A, 0x00, 0x00, 0x00,
	0x90, 0x3A, 0x00, 0x0C, 0x00, 0x00, 0x00, 0x7A, 0x01, 0x00, 0x00, 0x00,
	0x40, 0x3B, 0x00, 0x0C, 0x00, 0x00, 0x00, 0xC0, 0x0F, 0x00, 0x00, 0x00,
	0x60, 0x3B, 0x00, 0x0C, 0x00, 0x00, 0x00, 0x36, 0x08, 0x00, 0x00, 0x00,
	0x70, 0x3B, 0x00, 0x0C, 0x00, 0x00, 0x00, 0x56, 0x0D, 0x00, 0x00, 0x00,
	0x50, 0x3D, 0x00, 0x0C, 0x00, 0x00, 0x00, 0xE9, 0x0F, 0x00, 0x00, 0x00,
	0x60, 0x3D, 0x00, 0x14, 0x00, 0x00, 0x00, 0x0E, 0x09, 0x9C, 0x09, 0x7E,
	0x0A, 0xD5, 0x0B, 0x6B, 0x0C, 0xF3, 0x0D, 0x00, 0x70, 0x3D, 0x00, 0x14,
	0x00, 0x00, 0x00, 0xF8, 0x01, 0xF9, 0x06, 0x6A, 0x07, 0x79, 0x09, 0xA6,
	0x0C, 0x00, 0x00, 0x00, 0x80, 0x3D, 0x00, 0x14, 0x00, 0x00, 0x00, 0x15,
	0x05, 0x70, 0x05, 0x1A, 0x06, 0x20, 0x08, 0x35, 0x09, 0x00, 0x00, 0x00,
	0xB0, 0x3D, 0x00, 0x0C, 0x00, 0x00, 0x00, 0x70, 0x03, 0xC3, 0x04, 0x00,
	0xF0, 0x3D, 0x00, 0x0C, 0x00, 0x00, 0x00, 0xAC, 0x0B, 0x00, 0x00, 0x00,
	0x00, 0x3E, 0x00, 0x0C, 0x00, 0x00, 0x00, 0xDB, 0x09, 0x00, 0x00, 0x00,
	0x70, 0x3E, 0x00, 0x0C, 0x00, 0x00, 0x00, 0x50, 0x07, 0x00, 0x00, 0x00,
	0xF0, 0x3E, 0x00, 0x0C, 0x00, 0x00, 0x00, 0x31, 0x05, 0x90, 0x05, 0x00,
	0x20, 0x3F, 0x00, 0x0C, 0x00, 0x00, 0x00, 0xE1, 0x01, 0x00, 0x00, 0x00,
	0x60, 0x3F, 0x00, 0x0C, 0x00, 0x00, 0x00, 0xCB, 0x0C, 0x00, 0x00, 0x00,
	0xB0, 0x3F, 0x00, 0x10, 0x00, 0x00, 0x00, 0xBA, 0x09, 0xA5, 0x0A, 0xFC,
	0x0A, 0x00, 0x00, 0x00, 0xC0, 0x3F, 0x00, 0x0C, 0x00, 0x00, 0x00, 0x87,
	0x09, 0x00, 0x00, 0x00, 0xD0, 0x3F, 0x00, 0x0C, 0x00, 0x00, 0x00, 0x55,
	0x07, 0x00, 0x00, 0x00, 0x50, 0x40, 0x00, 0x0C, 0x00, 0x00, 0x00, 0x44,
	0x0C, 0x00, 0x00, 0x00, 0x70, 0x40, 0x00, 0x10, 0x00, 0x00, 0x00, 0xC0,
	0x00, 0x4D, 0x03, 0xBD, 0x06, 0xD8, 0x0A, 0x00, 0xE0, 0x41, 0x00, 0x0C,
	0x00, 0x00, 0x00, 0x6B, 0x04, 0xBA, 0x05, 0x00, 0x20, 0x42, 0x00, 0x10,
	0x00, 0x00, 0x00, 0xCC, 0x01, 0x49, 0x06, 0x28, 0x08, 0x33, 0x0A, 0x00,
	0x60, 0x42, 0x00, 0x10, 0x00, 0x00, 0x00, 0x92, 0x08, 0xD1, 0x09, 0x83,
	0x0B, 0x70, 0x0C, 0x00, 0x70, 0x42, 0x00, 0x10, 0x00, 0x00, 0x00, 0x89,
	0x02, 0xDB, 0x03, 0x07, 0x0E, 0x00, 0x00, 0x00, 0x90, 0x42, 0x00, 0x14,
	0x00, 0x00, 0x00, 0x90, 0x02, 0x5F, 0x04, 0xB5, 0x06, 0x4F, 0x07, 0x63,
	0x0A, 0x00, 0x00, 0x00, 0xA0, 0x42, 0x00, 0x1C, 0x00, 0x00, 0x00, 0xCB,
	0x00, 0x7A, 0x01, 0x9B, 0x02, 0x12, 0x03, 0x16, 0x07, 0xB1, 0x07, 0xEE,
	0x09, 0x28, 0x0C, 0x23, 0x0D, 0x00, 0x00, 0x00, 0xB0, 0x42, 0x00, 0x0C,
	0x00, 0x00, 0x00, 0xD6, 0x05, 0x00, 0x00, 0x00, 0x20, 0x43, 0x00, 0x0C,
	0x00, 0x00, 0x00, 0xB3, 0x00, 0x00, 0x00, 0x00, 0x30, 0x43, 0x00, 0x0C,
	0x00, 0x00, 0x00, 0xEE, 0x0F, 0x00, 0x00, 0x00, 0x40, 0x43, 0x00, 0x14,
	0x00, 0x00, 0x00, 0x07, 0x01, 0x9F, 0x02, 0x66, 0x03, 0x50, 0x05, 0x87,
	0x06, 0x00, 0x00, 0x00, 0x50, 0x43, 0x00, 0x10, 0x00, 0x00, 0x00, 0x80,
	0x0D, 0x01, 0x0E, 0xF1, 0x0E, 0x26, 0x0F, 0x00, 0x60, 0x43, 0x00, 0x0C,
	0x00, 0x00, 0x00, 0x44, 0x03, 0x00, 0x00, 0x00, 0x80, 0x43, 0x00, 0x0C,
	0x00, 0x00, 0x00, 0x6F, 0x02, 0x00, 0x00, 0x00, 0xA0, 0x43, 0x00, 0x14,
	0x00, 0x00, 0x00, 0x84, 0x00, 0xED, 0x01, 0x57, 0x03, 0x8D, 0x03, 0x9A,
	0x04, 0x00, 0x00, 0x00, 0xB0, 0x43, 0x00, 0x0C, 0x00, 0x00, 0x00, 0x99,
	0x09, 0x00, 0x00, 0x00, 0xC0, 0x43, 0x00, 0x0C, 0x00, 0x00, 0x00, 0xBF,
	0x0E, 0x00, 0x00, 0x00, 0x10, 0x44, 0x00, 0x0C, 0x00, 0x00, 0x00, 0xA5,
	0x0C, 0x00, 0x00, 0x00, 0x30, 0x44, 0x00, 0x0C, 0x00, 0x00, 0x00, 0x7E,
	0x03, 0x00, 0x00, 0x00, 0x40, 0x44, 0x00, 0x0C, 0x00, 0x00, 0x00, 0x56,
	0x0E, 0x00, 0x00, 0x00, 0xC0, 0x44, 0x00, 0x0C, 0x00, 0x00, 0x00, 0x58,
	0x0B, 0x00, 0x00, 0x00, 0xD0, 0x44, 0x00, 0x0C, 0x00, 0x00, 0x00, 0xA7,
	0x01, 0x00, 0x00, 0x00, 0xF0, 0x44, 0x00, 0x10, 0x00, 0x00, 0x00, 0xE4,
	0x05, 0x9B, 0x06, 0x64, 0x07, 0x00, 0x00, 0x00, 0x00, 0x45, 0x00, 0x0C,
	0x00, 0x00, 0x00, 0x82, 0x0E, 0x00, 0x00, 0x00, 0x10, 0x45, 0x00, 0x14,
	0x00, 0x00, 0x00, 0xCF, 0x03, 0xF3, 0x04, 0x22, 0x05, 0x3C, 0x07, 0xED,
	0x0A, 0x00, 0x00, 0x00, 0x30, 0x45, 0x00, 0x0C, 0x00, 0x00, 0x00, 0x06,
	0x0E, 0xD6, 0x0F, 0x00, 0x40, 0x45, 0x00, 0x10, 0x00, 0x00, 0x00, 0xEE,
	0x00, 0x88, 0x01, 0x7E, 0x02, 0xCD, 0x03, 0x00, 0xB0, 0x45, 0x00, 0x0C,
	0x00, 0x00, 0x00, 0xD3, 0x01, 0x00, 0x00, 0x00, 0xC0, 0x45, 0x00, 0x10,
	0x00, 0x00, 0x00, 0x4E, 0x05, 0x69, 0x05, 0x6E, 0x0A, 0x00, 0x00, 0x00,
	0x00, 0x46, 0x00, 0x14, 0x00, 0x00, 0x00, 0x27, 0x0C, 0x25, 0x0D, 0xF1,
	0x0D, 0x85, 0x0E, 0xFE, 0x0F, 0x00, 0x00, 0x00, 0x10, 0x46, 0x00, 0x0C,
	0x00, 0x00, 0x00, 0xBF, 0x02, 0x6A, 0x03, 0x00, 0x20, 0x46, 0x00, 0x0C,
	0x00, 0x00, 0x00, 0x27, 0x0E, 0x00, 0x00, 0x00, 0x30, 0x46, 0x00, 0x0C,
	0x00, 0x00, 0x00, 0xA9, 0x00, 0x80, 0x0F, 0x00, 0x40, 0x46, 0x00, 0x0C,
	0x00, 0x00, 0x00, 0xCC, 0x07, 0x00, 0x00, 0x00, 0xC0, 0x46, 0x00, 0x1C,
	0x00, 0x00, 0x00, 0x32, 0x04, 0xA7, 0x04, 0x48, 0x06, 0xE6, 0x07, 0xCC,
	0x0B, 0x91, 0x0C, 0x56, 0x0E, 0x08, 0x0F, 0xB7, 0x0F, 0x00, 0x00, 0x00,
	0xD0, 0x46, 0x00, 0x0C, 0x00, 0x00, 0x00, 0x9F, 0x04, 0x93, 0x05, 0x00,
	0xF0, 0x46, 0x00, 0x0C, 0x00, 0x00, 0x00, 0x93, 0x00, 0xF0, 0x00, 0x00,
	0x20, 0x47, 0x00, 0x0C, 0x00, 0x00, 0x00, 0x80, 0x0C, 0x42, 0x0D, 0x00,
	0x30, 0x47, 0x00, 0x0C, 0x00, 0x00, 0x00, 0x3D, 0x02, 0x00, 0x00, 0x00,
	0xA0, 0x47, 0x00, 0x10, 0x00, 0x00, 0x00, 0xB7, 0x04, 0x42, 0x0B, 0x19,
	0x0C, 0x5F, 0x0C, 0x00, 0xB0, 0x47, 0x00, 0x1C, 0x00, 0x00, 0x00, 0x61,
	0x04, 0x8B, 0x08, 0x0D, 0x0B, 0xC5, 0x0B, 0x23, 0x0C, 0xB2, 0x0C, 0x87,
	0x0D, 0xFD, 0x0E, 0xE2, 0x0F, 0x00, 0x00, 0x00, 0xC0, 0x47, 0x00, 0x10,
	0x00, 0x00, 0x00, 0x05, 0x00, 0x0D, 0x01, 0xF4, 0x01, 0x00, 0x00, 0x00,
	0xF0, 0x47, 0x00, 0x0C, 0x00, 0x00, 0x00, 0xD8, 0x0C, 0x00, 0x00, 0x00,
	0x00, 0x48, 0x00, 0x0C, 0x00, 0x00, 0x00, 0x3B, 0x08, 0x73, 0x09, 0x00,
	0x10, 0x48, 0x00, 0x14, 0x00, 0x00, 0x00, 0x8F, 0x04, 0xE8, 0x04, 0x2D,
	0x0B, 0xB4, 0x0C, 0x2D, 0x0D, 0x00, 0x00, 0x00, 0x20, 0x48, 0x00, 0x10,
	0x00, 0x00, 0x00, 0x6B, 0x0B, 0x10, 0x0C, 0xC1, 0x0C, 0x00, 0x00, 0x00,
	0x90, 0x48, 0x00, 0x10, 0x00, 0x00, 0x00, 0x77, 0x05, 0x5B, 0x06, 0x8F,
	0x06, 0x00, 0x00, 0x00, 0xB0, 0x48, 0x00, 0x0C, 0x00, 0x00, 0x00, 0x3B,
	0x0F, 0x00, 0x00, 0x00, 0xC0, 0x48, 0x00, 0x0C, 0x00, 0x00, 0x00, 0x23,
	0x07, 0x58, 0x08, 0x00, 0xD0, 0x48, 0x00, 0x0C, 0x00, 0x00, 0x00, 0xCE,
	0x06, 0x3D, 0x08, 0x00, 0x00, 0x49, 0x00, 0x0C, 0x00, 0x00, 0x00, 0x1E,
	0x0F, 0x00, 0x00, 0x00, 0x30, 0x49, 0x00, 0x0C, 0x00, 0x00, 0x00, 0x70,
	0x06, 0x00, 0x00, 0x00, 0x60, 0x49, 0x00, 0x10, 0x00, 0x00, 0x00, 0x74,
	0x07, 0x1A, 0x08, 0xCD, 0x08, 0x00, 0x00, 0x00, 0x70, 0x49, 0x00, 0x10,
	0x00, 0x00, 0x00, 0x2E, 0x0A, 0xAF, 0x0A, 0x52, 0x0C, 0x00, 0x00, 0x00,
	0x80, 0x49, 0x00, 0x0C, 0x00, 0x00, 0x00, 0xCE, 0x0F, 0x00, 0x00, 0x00,
	0x90, 0x49, 0x00, 0x0C, 0x00, 0x00, 0x00, 0x77, 0x01, 0x00, 0x00, 0x00,
	0xD0, 0x49, 0x00, 0x10, 0x00, 0x00, 0x00, 0xE6, 0x04, 0x1E, 0x07, 0x24,
	0x09, 0x00, 0x00, 0x00, 0xE0, 0x49, 0x00, 0x0C, 0x00, 0x00, 0x00, 0x81,
	0x02, 0x74, 0x0D, 0x00, 0x00, 0x4A, 0x00, 0x0C, 0x00, 0x00, 0x00, 0xD5,
	0x0D, 0x00, 0x00, 0x00, 0x10, 0x4A, 0x00, 0x0C, 0x00, 0x00, 0x00, 0xFE,
	0x0C, 0x00, 0x00, 0x00, 0x20, 0x4A, 0x00, 0x0C, 0x00, 0x00, 0x00, 0x16,
	0x0D, 0x32, 0x0E, 0x00, 0x30, 0x4A, 0x00, 0x0C, 0x00, 0x00, 0x00, 0xE0,
	0x0A, 0x00, 0x00, 0x00, 0x50, 0x4A, 0x00, 0x0C, 0x00, 0x00, 0x00, 0x3F,
	0x04, 0xF6, 0x04, 0x00, 0x80, 0x4A, 0x00, 0x0C, 0x00, 0x00, 0x00, 0x22,
	0x05, 0x00, 0x00, 0x00, 0x50, 0x4B, 0x00, 0x14, 0x00, 0x00, 0x00, 0xCD,
	0x0B, 0x05, 0x0D, 0xB5, 0x0D, 0x48, 0x0E, 0x92, 0x0E, 0xA6, 0x0F, 0x00,
	0xD0, 0x4B, 0x00, 0x0C, 0x00, 0x00, 0x00, 0x64, 0x01, 0x6B, 0x03, 0x00,
	0xE0, 0x4B, 0x00, 0x14, 0x00, 0x00, 0x00, 0x61, 0x04, 0xB3, 0x06, 0xDD,
	0x07, 0x21, 0x0A, 0xF6, 0x0A, 0x00, 0x00, 0x00, 0x10, 0x4C, 0x00, 0x10,
	0x00, 0x00, 0x00, 0x58, 0x00, 0xF1, 0x00, 0xD1, 0x03, 0x03, 0x0C, 0x00,
	0x20, 0x4C, 0x00, 0x0C, 0x00, 0x00, 0x00, 0xF7, 0x0B, 0x00, 0x00, 0x00,
	0x30, 0x4C, 0x00, 0x0C, 0x00, 0x00, 0x00, 0x02, 0x0F, 0x00, 0x00, 0x00,
	0x40, 0x4C, 0x00, 0x0C, 0x00, 0x00, 0x00, 0xE7, 0x05, 0xC9, 0x0F, 0x00,
	0x50, 0x4C, 0x00, 0x18, 0x00, 0x00, 0x00, 0x67, 0x01, 0xC0, 0x03, 0xFB,
	0x05, 0x65, 0x06, 0x6C, 0x07, 0x97, 0x0C, 0x45, 0x0D, 0x00, 0x00, 0x00,
	0x70, 0x4C, 0x00, 0x0C, 0x00, 0x00, 0x00, 0xB9, 0x0D, 0x00, 0x00, 0x00,
	0xA0, 0x4C, 0x00, 0x0C, 0x00, 0x00, 0x00, 0x5A, 0x0A, 0x00, 0x00, 0x00,
	0xC0, 0x4C, 0x00, 0x10, 0x00, 0x00, 0x00, 0xDE, 0x00, 0x3B, 0x0E, 0x00,
	0x0F, 0x00, 0x00, 0x00, 0xF0, 0x4C, 0x00, 0x0C, 0x00, 0x00, 0x00, 0x80,
	0x05, 0xDF, 0x0B, 0x00, 0x00, 0x4D, 0x00, 0x0C, 0x00, 0x00, 0x00, 0x7F,
	0x0C, 0x00, 0x00, 0x00, 0x10, 0x4D, 0x00, 0x0C, 0x00, 0x00, 0x00, 0xF0,
	0x01, 0x00, 0x00, 0x00, 0x20, 0x4D, 0x00, 0x0C, 0x00, 0x00, 0x00, 0x0F,
	0x03, 0x00, 0x00, 0x00, 0xC0, 0x4E, 0x00, 0x0C, 0x00, 0x00, 0x00, 0xBD,
	0x0D, 0x00, 0x00, 0x00, 0xD0, 0x4E, 0x00, 0x10, 0x00, 0x00, 0x00, 0x9B,
	0x01, 0xEB, 0x02, 0x99, 0x0E, 0x00, 0x00, 0x00, 0xE0, 0x4E, 0x00, 0x18,
	0x00, 0x00, 0x00, 0x8C, 0x00, 0xD3, 0x00, 0x49, 0x01, 0x07, 0x04, 0x10,
	0x08, 0x95, 0x08, 0x30, 0x0D, 0xBA, 0x0D, 0x00, 0xF0, 0x4E, 0x00, 0x1C,
	0x00, 0x00, 0x00, 0x84, 0x00, 0x8D, 0x01, 0x56, 0x02, 0xEE, 0x02, 0x4D,
	0x06, 0x0B, 0x07, 0x9B, 0x0C, 0xD4, 0x0D, 0xF4, 0x0F, 0x00, 0x00, 0x00,
	0x00, 0x4F, 0x00, 0x14, 0x00, 0x00, 0x00, 0x1D, 0x03, 0x49, 0x05, 0xB6,
	0x05, 0x4C, 0x06, 0xC7, 0x08, 0x00, 0x00, 0x00, 0x40, 0x4F, 0x00, 0x0C,
	0x00, 0x00, 0x00, 0x78, 0x0C, 0x00, 0x00, 0x00, 0x50, 0x4F, 0x00, 0x0C,
	0x00, 0x00, 0x00, 0xAE, 0x0C, 0x00, 0x00, 0x00, 0x60, 0x4F, 0x00, 0x0C,
	0x00, 0x00, 0x00, 0xDD, 0x09, 0x00, 0x00, 0x00, 0xF0, 0x53, 0x00, 0x10,
	0x00, 0x00, 0x00, 0x37, 0x05, 0xCA, 0x08, 0xC4, 0x09, 0x00, 0x00, 0x00,
	0xC0, 0x54, 0x00, 0x0C, 0x00, 0x00, 0x00, 0x50, 0x03, 0x00, 0x00, 0x00,
	0x70, 0x58, 0x00, 0x0C, 0x00, 0x00, 0x00, 0xDC, 0x04, 0x00, 0x00, 0x00,
	0x70, 0x66, 0x00, 0x1C, 0x00, 0x00, 0x00, 0x37, 0x06, 0xF9, 0x07, 0x44,
	0x08, 0xD7, 0x08, 0xB2, 0x0A, 0x70, 0x0C, 0xB3, 0x0C, 0xAB, 0x0D, 0x64,
	0x0E, 0x00, 0x00, 0x00, 0x80, 0x66, 0x00, 0x10, 0x00, 0x00, 0x00, 0x00,
	0x00, 0xC7, 0x01, 0xCD, 0x09, 0x00, 0x00, 0x00, 0x90, 0x66, 0x00, 0x10,
	0x00, 0x00, 0x00, 0xF6, 0x03, 0xD4, 0x04, 0x4E, 0x09, 0xE9, 0x0D, 0x00,
	0xA0, 0x66, 0x00, 0x10, 0x00, 0x00, 0x00, 0xBA, 0x02, 0xA1, 0x06, 0xE8,
	0x06, 0x88, 0x0A, 0x00, 0xB0, 0x66, 0x00, 0x14, 0x00, 0x00, 0x00, 0x90,
	0x05, 0xB2, 0x06, 0xDE, 0x0A, 0xDD, 0x0B, 0xCE, 0x0C, 0x00, 0x00, 0x00,
	0xC0, 0x66, 0x00, 0x10, 0x00, 0x00, 0x00, 0x16, 0x08, 0x64, 0x0A, 0x95,
	0x0A, 0xE7, 0x0E, 0x00, 0xD0, 0x66, 0x00, 0x14, 0x00, 0x00, 0x00, 0x66,
	0x01, 0x0B, 0x07, 0x97, 0x07, 0x65, 0x08, 0x32, 0x0C, 0x00, 0x00, 0x00,
	0x00, 0x67, 0x00, 0x0C, 0x00, 0x00, 0x00, 0xAA, 0x0B, 0x79, 0x0C, 0x00,
	0x10, 0x67, 0x00, 0x0C, 0x00, 0x00, 0x00, 0x08, 0x06, 0x5C, 0x07, 0x00,
	0x30, 0x67, 0x00, 0x0C, 0x00, 0x00, 0x00, 0x89, 0x06, 0xBF, 0x08, 0x00,
	0x50, 0x67, 0x00, 0x14, 0x00, 0x00, 0x00, 0x74, 0x02, 0xAE, 0x02, 0x02,
	0x09, 0x8F, 0x0B, 0x90, 0x0C, 0x00, 0x00, 0x00, 0x60, 0x67, 0x00, 0x10,
	0x00, 0x00, 0x00, 0x40, 0x08, 0x09, 0x09, 0xA9, 0x0B, 0x00, 0x00, 0x00,
	0x70, 0x67, 0x00, 0x14, 0x00, 0x00, 0x00, 0x80, 0x08, 0x9D, 0x09, 0x15,
	0x0B, 0xBC, 0x0B, 0x3D, 0x0C, 0xDE, 0x0E, 0x00, 0x80, 0x67, 0x00, 0x14,
	0x00, 0x00, 0x00, 0x78, 0x00, 0xE4, 0x02, 0xC8, 0x03, 0xFE, 0x04, 0x31,
	0x0B, 0x00, 0x00, 0x00, 0x90, 0x67, 0x00, 0x10, 0x00, 0x00, 0x00, 0x08,
	0x00, 0x10, 0x02, 0x3A, 0x04, 0x00, 0x00, 0x00, 0xA0, 0x67, 0x00, 0x0C,
	0x00, 0x00, 0x00, 0x1D, 0x0C, 0x00, 0x00, 0x00, 0xB0, 0x67, 0x00, 0x14,
	0x00, 0x00, 0x00, 0x6D, 0x02, 0x6E, 0x04, 0x02, 0x05, 0x8C, 0x0C, 0x49,
	0x0D, 0x00, 0x00, 0x00, 0xC0, 0x67, 0x00, 0x0C, 0x00, 0x00, 0x00, 0x0C,
	0x03, 0xC9, 0x04, 0x00, 0xD0, 0x67, 0x00, 0x10, 0x00, 0x00, 0x00, 0x93,
	0x09, 0x61, 0x0A, 0xB9, 0x0B, 0x17, 0x0F, 0x00, 0xE0, 0x67, 0x00, 0x18,
	0x00, 0x00, 0x00, 0x3E, 0x00, 0xB3, 0x02, 0xF8, 0x07, 0x61, 0x08, 0x67,
	0x0A, 0x25, 0x0B, 0xDE, 0x0B, 0x00, 0x00, 0x00, 0xF0, 0x67, 0x00, 0x14,
	0x00, 0x00, 0x00, 0x72, 0x03, 0xAC, 0x03, 0x0D, 0x07, 0xFD, 0x07, 0xFF,
	0x0A, 0x00, 0x00, 0x00, 0x10, 0x68, 0x00, 0x10, 0x00, 0x00, 0x00, 0x31,
	0x01, 0x14, 0x05, 0xA5, 0x0A, 0x00, 0x00, 0x00, 0x20, 0x68, 0x00, 0x14,
	0x00, 0x00, 0x00, 0x6B, 0x02, 0x21, 0x04, 0x2C, 0x05, 0x04, 0x06, 0x2E,
	0x0A, 0x00, 0x00, 0x00, 0x30, 0x68, 0x00, 0x0C, 0x00, 0x00, 0x00, 0xF4,
	0x01, 0x71, 0x0A, 0x00, 0x70, 0x68, 0x00, 0x0C, 0x00, 0x00, 0x00, 0x67,
	0x07, 0x00, 0x00, 0x00, 0xA0, 0x68, 0x00, 0x0C, 0x00, 0x00, 0x00, 0xB3,
	0x08, 0xF0, 0x0A, 0x00, 0xB0, 0x68, 0x00, 0x14, 0x00, 0x00, 0x00, 0x3A,
	0x01, 0xCF, 0x06, 0x16, 0x08, 0xF9, 0x08, 0x76, 0x0D, 0x22, 0x0E, 0x00,
	0xC0, 0x68, 0x00, 0x14, 0x00, 0x00, 0x00, 0xA1, 0x01, 0x63, 0x05, 0xAB,
	0x05, 0xA8, 0x08, 0x49, 0x0C, 0x47, 0x0D, 0x00, 0xF0, 0x68, 0x00, 0x10,
	0x00, 0x00, 0x00, 0xCC, 0x09, 0x8C, 0x0B, 0xF1, 0x0B, 0x00, 0x00, 0x00,
	0x00, 0x69, 0x00, 0x0C, 0x00, 0x00, 0x00, 0x34, 0x09, 0x00, 0x00, 0x00,
	0x10, 0x69, 0x00, 0x10, 0x00, 0x00, 0x00, 0xDC, 0x03, 0x72, 0x07, 0xD3,
	0x09, 0xC3, 0x0E, 0x00, 0x10, 0x6D, 0x00, 0x0C, 0x00, 0x00, 0x00, 0xCF,
	0x0B, 0x2C, 0x0F, 0x00, 0x20, 0x6D, 0x00, 0x0C, 0x00, 0x00, 0x00, 0x77,
	0x05, 0xCF, 0x07, 0x00, 0x30, 0x6D, 0x00, 0x0C, 0x00, 0x00, 0x00, 0x60,
	0x09, 0x19, 0x0D, 0x00, 0x40, 0x6D, 0x00, 0x0C, 0x00, 0x00, 0x00, 0xD5,
	0x0C, 0x00, 0x00, 0x00, 0x50, 0x6D, 0x00, 0x0C, 0x00, 0x00, 0x00, 0xBA,
	0x0B, 0x00, 0x00, 0x00, 0x60, 0x6D, 0x00, 0x0C, 0x00, 0x00, 0x00, 0x68,
	0x05, 0x00, 0x00, 0x00, 0x70, 0x6D, 0x00, 0x10, 0x00, 0x00, 0x00, 0x86,
	0x01, 0x8C, 0x02, 0xA5, 0x05, 0x5D, 0x09, 0x00, 0xC0, 0x6D, 0x00, 0x10,
	0x00, 0x00, 0x00, 0xE6, 0x0E, 0x6A, 0x0F, 0xAF, 0x0F, 0x00, 0x00, 0x00,
	0xD0, 0x6D, 0x00, 0x0C, 0x00, 0x00, 0x00, 0x06, 0x02, 0x00, 0x00, 0x00,
	0xE0, 0x6D, 0x00, 0x0C, 0x00, 0x00, 0x00, 0x07, 0x0B, 0x00, 0x00, 0x00,
	0xF0, 0x6D, 0x00, 0x0C, 0x00, 0x00, 0x00, 0xDA, 0x02, 0x00, 0x00, 0x00,
	0x50, 0x6E, 0x00, 0x0C, 0x00, 0x00, 0x00, 0x3D, 0x09, 0x00, 0x00, 0x00,
	0x60, 0x6E, 0x00, 0x0C, 0x00, 0x00, 0x00, 0xAD, 0x03, 0x00, 0x00, 0x00,
	0x70, 0x6E, 0x00, 0x0C, 0x00, 0x00, 0x00, 0xEF, 0x05, 0x00, 0x00, 0x00,
	0xC0, 0x6E, 0x00, 0x0C, 0x00, 0x00, 0x00, 0x8E, 0x05, 0x00, 0x00, 0x00,
	0xD0, 0x6E, 0x00, 0x0C, 0x00, 0x00, 0x00, 0x6C, 0x01, 0x00, 0x00, 0x00,
	0xE0, 0x6E, 0x00, 0x0C, 0x00, 0x00, 0x00, 0x45, 0x07, 0x00, 0x00, 0x00,
	0x80, 0x7E, 0x00, 0x0C, 0x00, 0x00, 0x00, 0x9A, 0x0C, 0x00, 0x00, 0x00,
	0xB0, 0x7E, 0x00, 0x0C, 0x00, 0x00, 0x00, 0x4E, 0x05, 0x00, 0x00, 0x00,
	0x10, 0x7F, 0x00, 0x0C, 0x00, 0x00, 0x00, 0x33, 0x03, 0x00, 0x00, 0x00,
	0x50, 0x7F, 0x00, 0x0C, 0x00, 0x00, 0x00, 0x91, 0x0A, 0x00, 0x00, 0x00,
	0x60, 0x7F, 0x00, 0x0C, 0x00, 0x00, 0x00, 0x3F, 0x0C, 0xB9, 0x0E, 0x00,
	0x70, 0x7F, 0x00, 0x0C, 0x00, 0x00, 0x00, 0x91, 0x0C, 0xE8, 0x0E, 0x00,
	0xA0, 0x7F, 0x00, 0x0C, 0x00, 0x00, 0x00, 0xC4, 0x0F, 0x00, 0x00, 0x00,
	0xB0, 0x7F, 0x00, 0x0C, 0x00, 0x00, 0x00, 0x47, 0x00, 0x00, 0x00, 0x00,
	0xC0, 0x7F, 0x00, 0x0C, 0x00, 0x00, 0x00, 0xB2, 0x07, 0x00, 0x00, 0x00,
	0xA0, 0x92, 0x00, 0x0C, 0x00, 0x00, 0x00, 0x13, 0x09, 0x8F, 0x0D, 0x00,
	0xB0, 0x92, 0x00, 0x0C, 0x00, 0x00, 0x00, 0x76, 0x02, 0x00, 0x00, 0x00,
	0x30, 0x95, 0x00, 0x0C, 0x00, 0x00, 0x00, 0xB3, 0x06, 0x00, 0x00, 0x00,
	0x40, 0x95, 0x00, 0x0C, 0x00, 0x00, 0x00, 0xCD, 0x09, 0xDC, 0x0A, 0x00,
	0x10, 0x9F, 0x00, 0x0C, 0x00, 0x00, 0x00, 0xDB, 0x02, 0x00, 0x00, 0x00,
	0x60, 0x9F, 0x00, 0x10, 0x00, 0x00, 0x00, 0x73, 0x0B, 0x4D, 0x0C, 0xE4,
	0x0D, 0x4A, 0x0E, 0x00, 0xC0, 0xA2, 0x00, 0x0C, 0x00, 0x00, 0x00, 0xC8,
	0x09, 0x00, 0x00, 0x00, 0x60, 0xA3, 0x00, 0x0C, 0x00, 0x00, 0x00, 0x79,
	0x01, 0x00, 0x00, 0x00, 0x40, 0xA5, 0x00, 0x0C, 0x00, 0x00, 0x00, 0x52,
	0x00, 0x00, 0x00, 0x00, 0x50, 0xA5, 0x00, 0x0C, 0x00, 0x00, 0x00, 0x58,
	0x07, 0x00, 0x00, 0x00, 0x00, 0xA6, 0x00, 0x0C, 0x00, 0x00, 0x00, 0x45,
	0x0D, 0x00, 0x00, 0x00, 0x20, 0xA6, 0x00, 0x0C, 0x00, 0x00, 0x00, 0x28,
	0x09, 0x00, 0x00, 0x00, 0x50, 0xA8, 0x00, 0x0C, 0x00, 0x00, 0x00, 0x0D,
	0x0C, 0x00, 0x00, 0x00, 0x80, 0xA8, 0x00, 0x0C, 0x00, 0x00, 0x00, 0xD6,
	0x04, 0x00, 0x00, 0x00, 0x80, 0xA9, 0x00, 0x0C, 0x00, 0x00, 0x00, 0x95,
	0x07, 0x00, 0x00, 0x00, 0x70, 0xAE, 0x00, 0x0C, 0x00, 0x00, 0x00, 0xAC,
	0x0D, 0x00, 0x00, 0x00, 0xE0, 0xB6, 0x00, 0x0C, 0x00, 0x00, 0x00, 0x5D,
	0x0C, 0x00, 0x00, 0x00, 0xF0, 0xBD, 0x00, 0x0C, 0x00, 0x00, 0x00, 0x0F,
	0x0A, 0x66, 0x0A, 0x00, 0xF0, 0xC4, 0x00, 0x10, 0x00, 0x00, 0x00, 0x3B,
	0x00, 0xEE, 0x06, 0xAE, 0x0C, 0xB2, 0x0D, 0x00, 0x00, 0xC5, 0x00, 0x10,
	0x00, 0x00, 0x00, 0x54, 0x01, 0x2B, 0x0A, 0xD8, 0x0D, 0x4E, 0x0E, 0x00,
	0x10, 0xC5, 0x00, 0x1C, 0x00, 0x00, 0x00, 0x92, 0x02, 0xAE, 0x03, 0xFC,
	0x03, 0xF6, 0x04, 0x97, 0x05, 0x72, 0x06, 0xAB, 0x06, 0x43, 0x07, 0xC3,
	0x0C, 0x9B, 0x0E, 0x00, 0x20, 0xC5, 0x00, 0x0C, 0x00, 0x00, 0x00, 0xB7,
	0x07, 0xCE, 0x0A, 0x00, 0x30, 0xC5, 0x00, 0x10, 0x00, 0x00, 0x00, 0xC5,
	0x00, 0x2E, 0x05, 0xB6, 0x05, 0x88, 0x0A, 0x00, 0x40, 0xC5, 0x00, 0x10,
	0x00, 0x00, 0x00, 0xAB, 0x00, 0xA8, 0x01, 0x72, 0x03, 0x8E, 0x0B, 0x00,
	0x50, 0xC5, 0x00, 0x10, 0x00, 0x00, 0x00, 0x16, 0x04, 0x8B, 0x07, 0x6F,
	0x0F, 0x00, 0x00, 0x00, 0x60, 0xC5, 0x00, 0x0C, 0x00, 0x00, 0x00, 0x3D,
	0x01, 0x1B, 0x09, 0x00, 0x80, 0xC5, 0x00, 0x14, 0x00, 0x00, 0x00, 0x22,
	0x02, 0x19, 0x03, 0x81, 0x04, 0x0C, 0x05, 0xBC, 0x05, 0x44, 0x07, 0x00,
	0x90, 0xC5, 0x00, 0x0C, 0x00, 0x00, 0x00, 0x78, 0x04, 0x00, 0x00, 0x00,
	0xA0, 0xC5, 0x00, 0x0C, 0x00, 0x00, 0x00, 0x3E, 0x0A, 0x9F, 0x0F, 0x00,
	0xB0, 0xC5, 0x00, 0x14, 0x00, 0x00, 0x00, 0x3C, 0x00, 0x7E, 0x07, 0xE0,
	0x07, 0x91, 0x0D, 0x64, 0x0E, 0x00, 0x00, 0x00, 0xC0, 0xC5, 0x00, 0x10,
	0x00, 0x00, 0x00, 0x46, 0x00, 0xB4, 0x02, 0x11, 0x08, 0xDB, 0x0C, 0x00,
	0xD0, 0xC5, 0x00, 0x10, 0x00, 0x00, 0x00, 0x42, 0x01, 0x14, 0x02, 0xDC,
	0x04, 0x00, 0x00, 0x00, 0x70, 0xC6, 0x00, 0x0C, 0x00, 0x00, 0x00, 0x9A,
	0x0C, 0x00, 0x00, 0x00, 0x40, 0xFC, 0x00, 0x0C, 0x00, 0x00, 0x00, 0xC8,
	0x04, 0x00, 0x00, 0x00, 0x00, 0x00, 0x40, 0xFB, 0xF6, 0xFF, 0xFF, 0xCC,
	0x02, 0x00, 0x00, 0x00, 0x30, 0x22, 0x00, 0x0C, 0x00, 0x00, 0x00, 0x88,
	0x00, 0x00, 0x00, 0x00, 0x70, 0x22, 0x00, 0x0C, 0x00, 0x00, 0x00, 0x6D,
	0x0A, 0x00, 0x00, 0x00, 0x00, 0x23, 0x00, 0x0C, 0x00, 0x00, 0x00, 0xA2,
	0x0C, 0x00, 0x00, 0x00, 0xC0, 0x27, 0x00, 0x0C, 0x00, 0x00, 0x00, 0x57,
	0x03, 0x3C, 0x09, 0x00, 0xD0, 0x27, 0x00, 0x0C, 0x00, 0x00, 0x00, 0x49,
	0x0C, 0x00, 0x00, 0x00, 0x20, 0x28, 0x00, 0x0C, 0x00, 0x00, 0x00, 0xC9,
	0x0C, 0x00, 0x00, 0x00, 0x50, 0x28, 0x00, 0x0C, 0x00, 0x00, 0x00, 0x33,
	0x01, 0xEC, 0x09, 0x00, 0xD0, 0x28, 0x00, 0x10, 0x00, 0x00, 0x00, 0x21,
	0x01, 0x1F, 0x03, 0x29, 0x03, 0x00, 0x00, 0x00, 0xE0, 0x28, 0x00, 0x0C,
	0x00, 0x00, 0x00, 0x72, 0x0C, 0x08, 0x0F, 0x00, 0xF0, 0x28, 0x00, 0x0C,
	0x00, 0x00, 0x00, 0x43, 0x00, 0x00, 0x00, 0x00, 0x50, 0x2B, 0x00, 0x0C,
	0x00, 0x00, 0x00, 0x1D, 0x08, 0x00, 0x00, 0x00, 0x70, 0x2B, 0x00, 0x0C,
	0x00, 0x00, 0x00, 0xFC, 0x00, 0x00, 0x00, 0x00, 0xD0, 0x2B, 0x00, 0x10,
	0x00, 0x00, 0x00, 0xB0, 0x02, 0x84, 0x03, 0x85, 0x04, 0xBA, 0x05, 0x00,
	0x30, 0x2C, 0x00, 0x0C, 0x00, 0x00, 0x00, 0xB7, 0x02, 0x00, 0x00, 0x00,
	0x40, 0x2C, 0x00, 0x0C, 0x00, 0x00, 0x00, 0xA6, 0x0F, 0x00, 0x00, 0x00,
	0x60, 0x2C, 0x00, 0x0C, 0x00, 0x00, 0x00, 0x52, 0x0D, 0x00, 0x00, 0x00,
	0xD0, 0x2C, 0x00, 0x0C, 0x00, 0x00, 0x00, 0x10, 0x0C, 0xE4, 0x0C, 0x00,
	0x20, 0x2D, 0x00, 0x0C, 0x00, 0x00, 0x00, 0x3E, 0x08, 0x00, 0x00, 0x00,
	0xC0, 0x2E, 0x00, 0x0C, 0x00, 0x00, 0x00, 0xF2, 0x0C, 0x00, 0x00, 0x00,
	0x10, 0x2F, 0x00, 0x0C, 0x00, 0x00, 0x00, 0xE2, 0x02, 0x00, 0x00, 0x00,
	0x70, 0x30, 0x00, 0x0C, 0x00, 0x00, 0x00, 0xE7, 0x0A, 0xD7, 0x0F, 0x00,
	0x80, 0x30, 0x00, 0x0C, 0x00, 0x00, 0x00, 0xE9, 0x03, 0x00, 0x00, 0x00,
	0xA0, 0x30, 0x00, 0x0C, 0x00, 0x00, 0x00, 0xC1, 0x05, 0x00, 0x00, 0x00,
	0x10, 0x31, 0x00, 0x0C, 0x00, 0x00, 0x00, 0xCB, 0x00, 0x00, 0x00, 0x00,
	0x90, 0x31, 0x00, 0x0C, 0x00, 0x00, 0x00, 0xCB, 0x05, 0x73, 0x07, 0x00,
	0xB0, 0x31, 0x00, 0x0C, 0x00, 0x00, 0x00, 0x40, 0x05, 0x29, 0x06, 0x00,
	0x00, 0x32, 0x00, 0x0C, 0x00, 0x00, 0x00, 0x0C, 0x0A, 0x00, 0x00, 0x00,
	0x30, 0x32, 0x00, 0x0C, 0x00, 0x00, 0x00, 0x03, 0x01, 0x8E, 0x07, 0x00,
	0x60, 0x32, 0x00, 0x0C, 0x00, 0x00, 0x00, 0x4C, 0x08, 0x56, 0x08, 0x00,
	0x90, 0x32, 0x00, 0x0C, 0x00, 0x00, 0x00, 0xAC, 0x02, 0x00, 0x00, 0x00,
	0x30, 0x34, 0x00, 0x10, 0x00, 0x00, 0x00, 0x4A, 0x03, 0xC7, 0x07, 0xEF,
	0x09, 0x5F, 0x0E, 0x00, 0x50, 0x34, 0x00, 0x0C, 0x00, 0x00, 0x00, 0x37,
	0x0F, 0x00, 0x00, 0x00, 0x80, 0x34, 0x00, 0x0C, 0x00, 0x00, 0x00, 0xB1,
	0x0B, 0x00, 0x00, 0x00, 0x50, 0x35, 0x00, 0x0C, 0x00, 0x00, 0x00, 0xC6,
	0x0F, 0x00, 0x00, 0x00, 0x60, 0x35, 0x00, 0x10, 0x00, 0x00, 0x00, 0x9A,
	0x02, 0x4F, 0x05, 0x5B, 0x0B, 0x00, 0x00, 0x00, 0x30, 0x39, 0x00, 0x0C,
	0x00, 0x00, 0x00, 0x39, 0x0F, 0x00, 0x00, 0x00, 0xE0, 0x39, 0x00, 0x0C,
	0x00, 0x00, 0x00, 0x12, 0x06, 0x8F, 0x0E, 0x00, 0xA0, 0x3D, 0x00, 0x0C,
	0x00, 0x00, 0x00, 0x28, 0x08, 0x00, 0x00, 0x00, 0x70, 0x3E, 0x00, 0x0C,
	0x00, 0x00, 0x00, 0xA9, 0x07, 0x00, 0x00, 0x00, 0xB0, 0x40, 0x00, 0x0C,
	0x00, 0x00, 0x00, 0xAC, 0x01, 0x00, 0x00, 0x00, 0x40, 0x43, 0x00, 0x0C,
	0x00, 0x00, 0x00, 0x2D, 0x05, 0x00, 0x00, 0x00, 0x40, 0x44, 0x00, 0x0C,
	0x00, 0x00, 0x00, 0x39, 0x0E, 0x00, 0x00, 0x00, 0x40, 0x45, 0x00, 0x0C,
	0x00, 0x00, 0x00, 0x02, 0x01, 0x56, 0x02, 0x00, 0x10, 0x48, 0x00, 0x0C,
	0x00, 0x00, 0x00, 0xC7, 0x04, 0x00, 0x00, 0x00, 0xB0, 0x48, 0x00, 0x0C,
	0x00, 0x00, 0x00, 0xC2, 0x06, 0x00, 0x00, 0x00, 0xF0, 0x53, 0x00, 0x0C,
	0x00, 0x00, 0x00, 0x96, 0x08, 0x00, 0x00, 0x00, 0x70, 0x66, 0x00, 0x0C,
	0x00, 0x00, 0x00, 0x33, 0x09, 0x00, 0x00, 0x00, 0xB0, 0x67, 0x00, 0x0C,
	0x00, 0x00, 0x00, 0x4A, 0x02, 0x00, 0x00, 0x00, 0xD0, 0x67, 0x00, 0x0C,
	0x00, 0x00, 0x00, 0x7C, 0x0A, 0x00, 0x00, 0x00, 0xE0, 0x67, 0x00, 0x0C,
	0x00, 0x00, 0x00, 0x9C, 0x00, 0x00, 0x00, 0x00, 0x20, 0x68, 0x00, 0x0C,
	0x00, 0x00, 0x00, 0x14, 0x04, 0x00, 0x00, 0x00, 0xF0, 0x6D, 0x00, 0x0C,
	0x00, 0x00, 0x00, 0x97, 0x03, 0x00, 0x00, 0x00, 0xF0, 0xBD, 0x00, 0x0C,
	0x00, 0x00, 0x00, 0x59, 0x0A, 0x00, 0x00, 0x00, 0x00, 0xC5, 0x00, 0x0C,
	0x00, 0x00, 0x00, 0x44, 0x01, 0x00, 0x00, 0x00, 0x30, 0xC5, 0x00, 0x10,
	0x00, 0x00, 0x00, 0xF4, 0x03, 0x10, 0x04, 0x09, 0x05, 0x00, 0x00, 0x00,
	0x60, 0xC5, 0x00, 0x0C, 0x00, 0x00, 0x00, 0x8C, 0x0E, 0x00, 0x00, 0x00,
	0xA0, 0xC5, 0x00, 0x0C, 0x00, 0x00, 0x00, 0x5A, 0x03, 0x00, 0x00, 0x00,
	0xC0, 0xC5, 0x00, 0x0C, 0x00, 0x00, 0x00, 0x83, 0x0F, 0x00, 0x00, 0x00,
	0x00, 0xA0, 0x7D, 0xFB, 0xF6, 0xFF, 0xFF, 0x3C, 0x00, 0x00, 0x00, 0x00,
	0x10, 0x2F, 0x00, 0x0C, 0x00, 0x00, 0x00, 0x1C, 0x01, 0x54, 0x04, 0x00,
	0x90, 0x4C, 0x00, 0x0C, 0x00, 0x00, 0x00, 0x27, 0x0C, 0x00, 0x00, 0x00,
	0xF0, 0x53, 0x00, 0x0C, 0x00, 0x00, 0x00, 0x6B, 0x08, 0x00, 0x00, 0x00,
	0x40, 0x68, 0x00, 0x0C, 0x00, 0x00, 0x00, 0xD7, 0x08, 0x00, 0x00, 0x00,
	0xD0, 0xC5, 0x00, 0x0C, 0x00, 0x00, 0x00, 0x2D, 0x05, 0x00, 0x00, 0x00,
	0xD0, 0xBE, 0x7D, 0xFB, 0xF6, 0xFF, 0xFF, 0x6C, 0x05, 0x00, 0x00, 0x00,
	0x30, 0x22, 0x00, 0x20, 0x00, 0x00, 0x00, 0x0B, 0x04, 0x15, 0x04, 0x58,
	0x06, 0x6A, 0x06, 0x19, 0x09, 0x23, 0x09, 0x8A, 0x0C, 0x20, 0x0D, 0x58,
	0x0D, 0xD1, 0x0E, 0x18, 0x0F, 0xAB, 0x0F, 0x00, 0x40, 0x22, 0x00, 0x0C,
	0x00, 0x00, 0x00, 0xFD, 0x04, 0x15, 0x05, 0x00, 0x60, 0x22, 0x00, 0x0C,
	0x00, 0x00, 0x00, 0xA2, 0x04, 0x00, 0x00, 0x00, 0x70, 0x22, 0x00, 0x14,
	0x00, 0x00, 0x00, 0xB6, 0x03, 0xC5, 0x03, 0x0C, 0x05, 0x1B, 0x05, 0x32,
	0x0E, 0x41, 0x0E, 0x00, 0x80, 0x22, 0x00, 0x0C, 0x00, 0x00, 0x00, 0x52,
	0x05, 0x5C, 0x05, 0x00, 0x90, 0x22, 0x00, 0x0C, 0x00, 0x00, 0x00, 0x8F,
	0x01, 0x00, 0x00, 0x00, 0xA0, 0x22, 0x00, 0x10, 0x00, 0x00, 0x00, 0x43,
	0x03, 0x52, 0x03, 0xC2, 0x0A, 0xD4, 0x0A, 0x00, 0xC0, 0x22, 0x00, 0x0C,
	0x00, 0x00, 0x00, 0x50, 0x09, 0x5F, 0x09, 0x00, 0xD0, 0x22, 0x00, 0x14,
	0x00, 0x00, 0x00, 0x9A, 0x01, 0xA9, 0x01, 0xC9, 0x0C, 0xE3, 0x0C, 0x1E,
	0x0D, 0x00, 0x00, 0x00, 0xF0, 0x22, 0x00, 0x0C, 0x00, 0x00, 0x00, 0x51,
	0x0D, 0x63, 0x0D, 0x00, 0x40, 0x25, 0x00, 0x0C, 0x00, 0x00, 0x00, 0xE0,
	0x08, 0x00, 0x00, 0x00, 0x60, 0x25, 0x00, 0x0C, 0x00, 0x00, 0x00, 0x20,
	0x06, 0x00, 0x00, 0x00, 0xC0, 0x27, 0x00, 0x20, 0x00, 0x00, 0x00, 0xF4,
	0x00, 0x04, 0x01, 0x03, 0x04, 0x13, 0x04, 0x4E, 0x04, 0x69, 0x05, 0xA1,
	0x05, 0x5D, 0x0A, 0x30, 0x0B, 0xC3, 0x0B, 0x1F, 0x0F, 0x00, 0x00, 0x00,
	0xD0, 0x27, 0x00, 0x10, 0x00, 0x00, 0x00, 0x82, 0x01, 0x91, 0x01, 0xD6,
	0x03, 0xE5, 0x03, 0x00, 0xE0, 0x27, 0x00, 0x10, 0x00, 0x00, 0x00, 0x93,
	0x01, 0x74, 0x04, 0x83, 0x04, 0x00, 0x00, 0x00, 0x40, 0x28, 0x00, 0x0C,
	0x00, 0x00, 0x00, 0xE3, 0x0F, 0x00, 0x00, 0x00, 0x50, 0x28, 0x00, 0x10,
	0x00, 0x00, 0x00, 0x23, 0x03, 0x0C, 0x0D, 0x75, 0x0F, 0x00, 0x00, 0x00,
	0x60, 0x28, 0x00, 0x10, 0x00, 0x00, 0x00, 0x51, 0x01, 0xB9, 0x06, 0x49,
	0x08, 0x00, 0x00, 0x00, 0x00, 0x29, 0x00, 0x0C, 0x00, 0x00, 0x00, 0x08,
	0x06, 0x1C, 0x06, 0x00, 0x60, 0x29, 0x00, 0x0C, 0x00, 0x00, 0x00, 0xCA,
	0x0B, 0xD9, 0x0B, 0x00, 0xE0, 0x2A, 0x00, 0x10, 0x00, 0x00, 0x00, 0x41,
	0x02, 0x52, 0x02, 0x5B, 0x03, 0x65, 0x03, 0x00, 0x20, 0x2B, 0x00, 0x0C,
	0x00, 0x00, 0x00, 0x70, 0x0A, 0x7C, 0x0A, 0x00, 0x30, 0x2B, 0x00, 0x0C,
	0x00, 0x00, 0x00, 0x1F, 0x0E, 0x29, 0x0E, 0x00, 0x40, 0x2B, 0x00, 0x18,
	0x00, 0x00, 0x00, 0x48, 0x09, 0x52, 0x09, 0x74, 0x0B, 0x88, 0x0B, 0x53,
	0x0E, 0x69, 0x0E, 0xC4, 0x0E, 0x00, 0x00, 0x00, 0x50, 0x2B, 0x00, 0x10,
	0x00, 0x00, 0x00, 0x81, 0x00, 0x62, 0x01, 0x8D, 0x08, 0x9A, 0x08, 0x00,
	0x60, 0x2B, 0x00, 0x18, 0x00, 0x00, 0x00, 0xF8, 0x05, 0x02, 0x06, 0x75,
	0x0D, 0xAC, 0x0D, 0x6C, 0x0E, 0xA0, 0x0F, 0xB2, 0x0F, 0x00, 0x00, 0x00,
	0x70, 0x2B, 0x00, 0x14, 0x00, 0x00, 0x00, 0x45, 0x00, 0xBB, 0x03, 0x9B,
	0x06, 0x7D, 0x0E, 0x87, 0x0E, 0x00, 0x00, 0x00, 0x80, 0x2B, 0x00, 0x18,
	0x00, 0x00, 0x00, 0x4A, 0x03, 0x04, 0x05, 0x48, 0x07, 0x8E, 0x07, 0x56,
	0x0B, 0xB0, 0x0E, 0xC5, 0x0E, 0x00, 0x00, 0x00, 0x90, 0x2B, 0x00, 0x18,
	0x00, 0x00, 0x00, 0x30, 0x01, 0xDF, 0x02, 0x16, 0x03, 0xD6, 0x03, 0xFA,
	0x05, 0xA8, 0x0E, 0x36, 0x0F, 0xF2, 0x0F, 0x00, 0xA0, 0x2B, 0x00, 0x14,
	0x00, 0x00, 0x00, 0x04, 0x00, 0x56, 0x02, 0x88, 0x0A, 0x7A, 0x0C, 0x89,
	0x0C, 0x00, 0x00, 0x00, 0xB0, 0x2B, 0x00, 0x0C, 0x00, 0x00, 0x00, 0xDD,
	0x01, 0x00, 0x00, 0x00, 0xC0, 0x2B, 0x00, 0x0C, 0x00, 0x00, 0x00, 0x40,
	0x07, 0x05, 0x0D, 0x00, 0xD0, 0x2B, 0x00, 0x20, 0x00, 0x00, 0x00, 0xEE,
	0x01, 0xFB, 0x01, 0x93, 0x03, 0x6C, 0x04, 0x55, 0x05, 0xB0, 0x05, 0x00,
	0x08, 0x0A, 0x08, 0x47, 0x08, 0xB4, 0x08, 0xBE, 0x08, 0xB7, 0x0B, 0x00,
	0xE0, 0x2B, 0x00, 0x18, 0x00, 0x00, 0x00, 0x80, 0x0C, 0x95, 0x0C, 0xF9,
	0x0C, 0x10, 0x0D, 0x10, 0x0E, 0xF6, 0x0E, 0xBB, 0x0F, 0x00, 0x00, 0x00,
	0xF0, 0x2B, 0x00, 0x18, 0x00, 0x00, 0x00, 0xCE, 0x02, 0x71, 0x03, 0x86,
	0x03, 0xC3, 0x07, 0xD8, 0x07, 0x7B, 0x08, 0xA6, 0x0A, 0x59, 0x0B, 0x00,
	0x00, 0x2C, 0x00, 0x24, 0x00, 0x00, 0x00, 0xD9, 0x01, 0x16, 0x02, 0x6A,
	0x03, 0x77, 0x03, 0x30, 0x04, 0x3A, 0x04, 0xA1, 0x06, 0xC0, 0x0C, 0xCA,
	0x0C, 0x12, 0x0D, 0x1C, 0x0D, 0x57, 0x0D, 0x64, 0x0D, 0x00, 0x00, 0x00,
	0x10, 0x2C, 0x00, 0x24, 0x00, 0x00, 0x00, 0xAE, 0x00, 0xD1, 0x00, 0x84,
	0x01, 0x8E, 0x01, 0xB8, 0x01, 0xB5, 0x04, 0xCA, 0x0C, 0xD4, 0x0C, 0x0D,
	0x0D, 0x17, 0x0D, 0x35, 0x0D, 0x44, 0x0D, 0x2B, 0x0E, 0x35, 0x0E, 0x00,
	0x20, 0x2C, 0x00, 0x0C, 0x00, 0x00, 0x00, 0xCA, 0x00, 0xE4, 0x00, 0x00,
	0x30, 0x2C, 0x00, 0x0C, 0x00, 0x00, 0x00, 0xFC, 0x01, 0x0B, 0x02, 0x00,
	0x50, 0x2C, 0x00, 0x0C, 0x00, 0x00, 0x00, 0xC5, 0x00, 0xCF, 0x00, 0x00,
	0x60, 0x2C, 0x00, 0x0C, 0x00, 0x00, 0x00, 0x16, 0x00, 0x23, 0x00, 0x00,
	0x70, 0x2C, 0x00, 0x0C, 0x00, 0x00, 0x00, 0xC3, 0x06, 0xFF, 0x06, 0x00,
	0xC0, 0x2C, 0x00, 0x0C, 0x00, 0x00, 0x00, 0x8B, 0x0B, 0x9A, 0x0B, 0x00,
	0x30, 0x2D, 0x00, 0x10, 0x00, 0x00, 0x00, 0xE9, 0x03, 0xF8, 0x03, 0xBC,
	0x0C, 0xCB, 0x0C, 0x00, 0xE0, 0x2E, 0x00, 0x10, 0x00, 0x00, 0x00, 0x85,
	0x04, 0x9F, 0x04, 0xB1, 0x07, 0xBB, 0x07, 0x00, 0xF0, 0x2E, 0x00, 0x0C,
	0x00, 0x00, 0x00, 0x43, 0x08, 0x52, 0x08, 0x00, 0x00, 0x2F, 0x00, 0x0C,
	0x00, 0x00, 0x00, 0x6A, 0x0D, 0x00, 0x00, 0x00, 0xF0, 0x2F, 0x00, 0x0C,
	0x00, 0x00, 0x00, 0x23, 0x0A, 0x32, 0x0A, 0x00, 0x80, 0x30, 0x00, 0x0C,
	0x00, 0x00, 0x00, 0xC6, 0x02, 0xDA, 0x02, 0x00, 0x90, 0x30, 0x00, 0x0C,
	0x00, 0x00, 0x00, 0xB6, 0x02, 0xC5, 0x02, 0x00, 0x00, 0x31, 0x00, 0x10,
	0x00, 0x00, 0x00, 0xB7, 0x0D, 0xCA, 0x0D, 0xB3, 0x0E, 0xC7, 0x0E, 0x00,
	0x60, 0x31, 0x00, 0x0C, 0x00, 0x00, 0x00, 0x0C, 0x05, 0x1B, 0x05, 0x00,
	0x70, 0x31, 0x00, 0x0C, 0x00, 0x00, 0x00, 0x77, 0x04, 0x8F, 0x04, 0x00,
	0x90, 0x31, 0x00, 0x18, 0x00, 0x00, 0x00, 0xC8, 0x07, 0xDC, 0x07, 0xF2,
	0x08, 0xFC, 0x08, 0x6B, 0x0B, 0xBA, 0x0F, 0xC9, 0x0F, 0x00, 0x00, 0x00,
	0xA0, 0x31, 0x00, 0x10, 0x00, 0x00, 0x00, 0x3F, 0x03, 0x53, 0x03, 0x74,
	0x04, 0x89, 0x04, 0x00, 0xB0, 0x31, 0x00, 0x24, 0x00, 0x00, 0x00, 0x2C,
	0x02, 0x51, 0x02, 0x40, 0x03, 0x52, 0x03, 0x21, 0x04, 0x33, 0x04, 0x5B,
	0x05, 0x70, 0x05, 0x39, 0x06, 0x4E, 0x06, 0x2E, 0x0D, 0x2D, 0x0F, 0x3C,
	0x0F, 0x00, 0x00, 0x00, 0xC0, 0x31, 0x00, 0x1C, 0x00, 0x00, 0x00, 0x0C,
	0x01, 0x1E, 0x01, 0x1F, 0x02, 0x2E, 0x02, 0x07, 0x04, 0x17, 0x04, 0x42,
	0x09, 0x63, 0x09, 0x8D, 0x09, 0x98, 0x0A, 0x00, 0xD0, 0x31, 0x00, 0x14,
	0x00, 0x00, 0x00, 0xC8, 0x03, 0xD7, 0x03, 0x74, 0x04, 0x83, 0x04, 0xED,
	0x06, 0xFC, 0x06, 0x00, 0xE0, 0x31, 0x00, 0x14, 0x00, 0x00, 0x00, 0xFE,
	0x01, 0x0E, 0x02, 0xCB, 0x03, 0xD5, 0x03, 0x29, 0x0C, 0x33, 0x0C, 0x00,
	0xF0, 0x31, 0x00, 0x10, 0x00, 0x00, 0x00, 0x5E, 0x01, 0x6B, 0x01, 0xE0,
	0x0B, 0xEF, 0x0B, 0x00, 0x00, 0x32, 0x00, 0x10, 0x00, 0x00, 0x00, 0xD5,
	0x08, 0x3C, 0x09, 0xCA, 0x0A, 0x00, 0x00, 0x00, 0x10, 0x32, 0x00, 0x10,
	0x00, 0x00, 0x00, 0xE4, 0x03, 0x1B, 0x04, 0xA8, 0x05, 0x00, 0x00, 0x00,
	0x20, 0x32, 0x00, 0x0C, 0x00, 0x00, 0x00, 0xC5, 0x04, 0xD4, 0x04, 0x00,
	0x30, 0x32, 0x00, 0x0C, 0x00, 0x00, 0x00, 0x9D, 0x01, 0xB1, 0x01, 0x00,
	0x90, 0x34, 0x00, 0x0C, 0x00, 0x00, 0x00, 0x5B, 0x03, 0xE3, 0x03, 0x00,
	0xC0, 0x39, 0x00, 0x0C, 0x00, 0x00, 0x00, 0xD3, 0x0A, 0x00, 0x00, 0x00,
	0xD0, 0x39, 0x00, 0x10, 0x00, 0x00, 0x00, 0x1E, 0x06, 0x60, 0x06, 0xEE,
	0x0A, 0x4F, 0x0F, 0x00, 0xE0, 0x39, 0x00, 0x0C, 0x00, 0x00, 0x00, 0x22,
	0x06, 0x31, 0x06, 0x00, 0xF0, 0x39, 0x00, 0x10, 0x00, 0x00, 0x00, 0x0F,
	0x00, 0xDC, 0x00, 0xF0, 0x00, 0x00, 0x00, 0x00, 0x80, 0x3D, 0x00, 0x0C,
	0x00, 0x00, 0x00, 0x2C, 0x0B, 0x3C, 0x0B, 0x00, 0xA0, 0x3D, 0x00, 0x0C,
	0x00, 0x00, 0x00, 0x55, 0x08, 0x64, 0x08, 0x00, 0xB0, 0x3D, 0x00, 0x0C,
	0x00, 0x00, 0x00, 0x5C, 0x08, 0x70, 0x08, 0x00, 0x00, 0x3E, 0x00, 0x0C,
	0x00, 0x00, 0x00, 0x20, 0x0A, 0x32, 0x0A, 0x00, 0x70, 0x3E, 0x00, 0x0C,
	0x00, 0x00, 0x00, 0xD6, 0x07, 0xE5, 0x07, 0x00, 0xC0, 0x3F, 0x00, 0x0C,
	0x00, 0x00, 0x00, 0x95, 0x0C, 0xA4, 0x0C, 0x00, 0x70, 0x40, 0x00, 0x0C,
	0x00, 0x00, 0x00, 0x9C, 0x03, 0xAE, 0x03, 0x00, 0x60, 0x41, 0x00, 0x0C,
	0x00, 0x00, 0x00, 0xE9, 0x06, 0xF8, 0x06, 0x00, 0x10, 0x45, 0x00, 0x0C,
	0x00, 0x00, 0x00, 0xBB, 0x01, 0xE3, 0x04, 0x00, 0x30, 0x45, 0x00, 0x0C,
	0x00, 0x00, 0x00, 0x8C, 0x0D, 0xD4, 0x0D, 0x00, 0x00, 0x48, 0x00, 0x0C,
	0x00, 0x00, 0x00, 0x67, 0x08, 0x50, 0x09, 0x00, 0x20, 0x48, 0x00, 0x0C,
	0x00, 0x00, 0x00, 0x35, 0x0C, 0x00, 0x00, 0x00, 0xF0, 0x53, 0x00, 0x0C,
	0x00, 0x00, 0x00, 0x40, 0x08, 0x00, 0x00, 0x00, 0x00, 0x6D, 0x00, 0x0C,
	0x00, 0x00, 0x00, 0x13, 0x0E, 0x00, 0x00, 0x00, 0xA0, 0xB6, 0x00, 0x0C,
	0x00, 0x00, 0x00, 0x5D, 0x0B, 0x7E, 0x0B, 0x00, 0x00, 0xC5, 0x00, 0x0C,
	0x00, 0x00, 0x00, 0xDF, 0x04, 0xE9, 0x04, 0x00, 0x50, 0xC5, 0x00, 0x0C,
	0x00, 0x00, 0x00, 0x76, 0x07, 0x00, 0x00, 0x00, 0x80, 0xC6, 0x00, 0x0C,
	0x00, 0x00, 0x00, 0x33, 0x04, 0x00, 0x00, 0x68, 0xDF, 0xBE, 0x7D, 0xFB,
	0xF6, 0xFF, 0xFF, 0x18, 0x03, 0x00, 0x00, 0x00, 0x60, 0x22, 0x00, 0x0C,
	0x00, 0x00, 0x00, 0x8D, 0x04, 0x00, 0x00, 0x00, 0x00, 0x23, 0x00, 0x0C,
	0x00, 0x00, 0x00, 0x3B, 0x0F, 0x00, 0x00, 0x00, 0x40, 0x25, 0x00, 0x0C,
	0x00, 0x00, 0x00, 0xCB, 0x08, 0x00, 0x00, 0x00, 0x60, 0x25, 0x00, 0x0C,
	0x00, 0x00, 0x00, 0x0B, 0x06, 0x00, 0x00, 0x00, 0xA0, 0x27, 0x00, 0x14,
	0x00, 0x00, 0x00, 0xAE, 0x03, 0x4D, 0x05, 0x75, 0x06, 0xF8, 0x07, 0x98,
	0x08, 0x76, 0x09, 0x00, 0xC0, 0x27, 0x00, 0x0C, 0x00, 0x00, 0x00, 0xB0,
	0x0A, 0x34, 0x0F, 0x00, 0x40, 0x28, 0x00, 0x0C, 0x00, 0x00, 0x00, 0xCE,
	0x0F, 0x00, 0x00, 0x00, 0x50, 0x28, 0x00, 0x0C, 0x00, 0x00, 0x00, 0x7C,
	0x02, 0x29, 0x0D, 0x00, 0x60, 0x28, 0x00, 0x10, 0x00, 0x00, 0x00, 0x92,
	0x04, 0x89, 0x06, 0x31, 0x08, 0x00, 0x00, 0x00, 0xA0, 0x28, 0x00, 0x0C,
	0x00, 0x00, 0x00, 0x9F, 0x03, 0xA6, 0x06, 0x00, 0xD0, 0x28, 0x00, 0x0C,
	0x00, 0x00, 0x00, 0xB7, 0x02, 0x00, 0x00, 0x00, 0x30, 0x2B, 0x00, 0x0C,
	0x00, 0x00, 0x00, 0x0B, 0x0E, 0xAB, 0x0F, 0x00, 0x40, 0x2B, 0x00, 0x10,
	0x00, 0x00, 0x00, 0x0C, 0x00, 0xE5, 0x0D, 0xF5, 0x0E, 0x00, 0x00, 0x00,
	0x50, 0x2B, 0x00, 0x10, 0x00, 0x00, 0x00, 0x7A, 0x01, 0x65, 0x09, 0x74,
	0x0C, 0x00, 0x00, 0x00, 0x60, 0x2B, 0x00, 0x0C, 0x00, 0x00, 0x00, 0x49,
	0x0D, 0x00, 0x00, 0x00, 0x70, 0x2B, 0x00, 0x0C, 0x00, 0x00, 0x00, 0x65,
	0x00, 0x9B, 0x04, 0x00, 0x80, 0x2B, 0x00, 0x10, 0x00, 0x00, 0x00, 0x2E,
	0x07, 0x60, 0x0B, 0x47, 0x0C, 0x00, 0x00, 0x00, 0x90, 0x2B, 0x00, 0x14,
	0x00, 0x00, 0x00, 0x3A, 0x01, 0xB3, 0x02, 0x04, 0x06, 0x49, 0x0D, 0x1F,
	0x0E, 0xC7, 0x0F, 0x00, 0xA0, 0x2B, 0x00, 0x0C, 0x00, 0x00, 0x00, 0x08,
	0x0D, 0x00, 0x00, 0x00, 0xB0, 0x2B, 0x00, 0x0C, 0x00, 0x00, 0x00, 0x32,
	0x01, 0x78, 0x01, 0x00, 0xC0, 0x2B, 0x00, 0x0C, 0x00, 0x00, 0x00, 0x27,
	0x07, 0xEC, 0x0C, 0x00, 0xD0, 0x2B, 0x00, 0x0C, 0x00, 0x00, 0x00, 0xC2,
	0x0C, 0x1D, 0x0D, 0x00, 0xE0, 0x2B, 0x00, 0x0C, 0x00, 0x00, 0x00, 0x49,
	0x0D, 0x9E, 0x0F, 0x00, 0xF0, 0x2B, 0x00, 0x10, 0x00, 0x00, 0x00, 0x45,
	0x07, 0x91, 0x08, 0x3D, 0x0B, 0x00, 0x00, 0x00, 0x00, 0x2C, 0x00, 0x10,
	0x00, 0x00, 0x00, 0xCB, 0x02, 0x56, 0x04, 0x72, 0x06, 0x00, 0x00, 0x00,
	0x10, 0x2C, 0x00, 0x14, 0x00, 0x00, 0x00, 0x37, 0x00, 0xA1, 0x01, 0xDC,
	0x01, 0x67, 0x02, 0x99, 0x04, 0x00, 0x00, 0x00, 0x30, 0x2C, 0x00, 0x0C,
	0x00, 0x00, 0x00, 0x18, 0x04, 0x00, 0x00, 0x00, 0x50, 0x2C, 0x00, 0x0C,
	0x00, 0x00, 0x00, 0x29, 0x0A, 0x00, 0x00, 0x00, 0xD0, 0x2C, 0x00, 0x0C,
	0x00, 0x00, 0x00, 0x31, 0x0C, 0x32, 0x0F, 0x00, 0xC0, 0x2E, 0x00, 0x0C,
	0x00, 0x00, 0x00, 0x4C, 0x0F, 0x00, 0x00, 0x00, 0xE0, 0x2E, 0x00, 0x0C,
	0x00, 0x00, 0x00, 0xA9, 0x04, 0x00, 0x00, 0x00, 0x70, 0x30, 0x00, 0x0C,
	0x00, 0x00, 0x00, 0xA0, 0x0D, 0x00, 0x00, 0x00, 0x80, 0x30, 0x00, 0x0C,
	0x00, 0x00, 0x00, 0xC6, 0x00, 0x11, 0x0B, 0x00, 0x20, 0x31, 0x00, 0x0C,
	0x00, 0x00, 0x00, 0x76, 0x06, 0x00, 0x00, 0x00, 0xA0, 0x31, 0x00, 0x0C,
	0x00, 0x00, 0x00, 0x48, 0x0F, 0x00, 0x00, 0x00, 0x00, 0x32, 0x00, 0x0C,
	0x00, 0x00, 0x00, 0x1C, 0x0A, 0x00, 0x00, 0x00, 0x10, 0x32, 0x00, 0x0C,
	0x00, 0x00, 0x00, 0xB5, 0x03, 0x00, 0x00, 0x00, 0x60, 0x32, 0x00, 0x0C,
	0x00, 0x00, 0x00, 0x49, 0x0D, 0x00, 0x00, 0x00, 0x70, 0x32, 0x00, 0x0C,
	0x00, 0x00, 0x00, 0xCA, 0x0F, 0x00, 0x00, 0x00, 0x90, 0x32, 0x00, 0x0C,
	0x00, 0x00, 0x00, 0xF9, 0x04, 0x00, 0x00, 0x00, 0x90, 0x34, 0x00, 0x0C,
	0x00, 0x00, 0x00, 0xBB, 0x02, 0x00, 0x00, 0x00, 0xC0, 0x39, 0x00, 0x0C,
	0x00, 0x00, 0x00, 0xC9, 0x07, 0x2A, 0x08, 0x00, 0xD0, 0x39, 0x00, 0x0C,
	0x00, 0x00, 0x00, 0x05, 0x06, 0x00, 0x00, 0x00, 0xE0, 0x39, 0x00, 0x0C,
	0x00, 0x00, 0x00, 0xBD, 0x0F, 0x00, 0x00, 0x00, 0xA0, 0x3D, 0x00, 0x0C,
	0x00, 0x00, 0x00, 0x35, 0x08, 0x00, 0x00, 0x00, 0x70, 0x3E, 0x00, 0x0C,
	0x00, 0x00, 0x00, 0xB6, 0x07, 0x00, 0x00, 0x00, 0x60, 0x42, 0x00, 0x0C,
	0x00, 0x00, 0x00, 0xD2, 0x0E, 0x00, 0x00, 0x00, 0x70, 0x42, 0x00, 0x0C,
	0x00, 0x00, 0x00, 0x16, 0x03, 0x00, 0x00, 0x00, 0x30, 0x45, 0x00, 0x0C,
	0x00, 0x00, 0x00, 0xF2, 0x0D, 0x00, 0x00, 0x00, 0xC0, 0x45, 0x00, 0x0C,
	0x00, 0x00, 0x00, 0x00, 0x0B, 0x00, 0x00, 0x00, 0xD0, 0x46, 0x00, 0x0C,
	0x00, 0x00, 0x00, 0xFF, 0x06, 0x00, 0x00, 0x00, 0x20, 0x48, 0x00, 0x0C,
	0x00, 0x00, 0x00, 0x3F, 0x0B, 0x00, 0x00, 0x00, 0x00, 0x4A, 0x00, 0x0C,
	0x00, 0x00, 0x00, 0xBA, 0x0D, 0x00, 0x00, 0x00, 0x40, 0x4C, 0x00, 0x0C,
	0x00, 0x00, 0x00, 0x75, 0x04, 0x00, 0x00, 0x00, 0x00, 0x6D, 0x00, 0x0C,
	0x00, 0x00, 0x00, 0x8E, 0x0F, 0x00, 0x00, 0x00, 0x10, 0x6D, 0x00, 0x0C,
	0x00, 0x00, 0x00, 0x42, 0x00, 0x00, 0x00, 0x00, 0x70, 0x6D, 0x00, 0x0C,
	0x00, 0x00, 0x00, 0x4C, 0x09, 0x00, 0x00, 0x00, 0x40, 0xA5, 0x00, 0x0C,
	0x00, 0x00, 0x00, 0xA5, 0x01, 0x00, 0x00, 0x00, 0xF0, 0xC4, 0x00, 0x0C,
	0x00, 0x00, 0x00, 0xB8, 0x05, 0x00, 0x00, 0x00, 0x10, 0xC5, 0x00, 0x0C,
	0x00, 0x00, 0x00, 0x60, 0x06, 0x00, 0x00, 0x00, 0x20, 0xC5, 0x00, 0x0C,
	0x00, 0x00, 0x00, 0x86, 0x0A, 0x00, 0x00, 0x00, 0xD0, 0xC5, 0x00, 0x0C,
	0x00, 0x00, 0x00, 0x5A, 0x03, 0x00, 0x00, 0xFF, 0xDF, 0xBE, 0x7D, 0xFB,
	0xF6, 0xFF, 0xFF, 0xE0, 0x01, 0x00, 0x00, 0x00, 0x60, 0x22, 0x00, 0x0C,
	0x00, 0x00, 0x00, 0xAC, 0x04, 0x00, 0x00, 0x00, 0x90, 0x22, 0x00, 0x0C,
	0x00, 0x00, 0x00, 0x9E, 0x01, 0x00, 0x00, 0x00, 0x40, 0x25, 0x00, 0x0C,
	0x00, 0x00, 0x00, 0xEA, 0x08, 0x00, 0x00, 0x00, 0x60, 0x25, 0x00, 0x0C,
	0x00, 0x00, 0x00, 0x2A, 0x06, 0x00, 0x00, 0x00, 0xC0, 0x27, 0x00, 0x0C,
	0x00, 0x00, 0x00, 0x3A, 0x0B, 0x00, 0x00, 0x00, 0xD0, 0x27, 0x00, 0x0C,
	0x00, 0x00, 0x00, 0x7F, 0x00, 0x00, 0x00, 0x00, 0xE0, 0x27, 0x00, 0x0C,
	0x00, 0x00, 0x00, 0xA2, 0x01, 0x00, 0x00, 0x00, 0x40, 0x28, 0x00, 0x0C,
	0x00, 0x00, 0x00, 0xED, 0x0F, 0x00, 0x00, 0x00, 0x50, 0x28, 0x00, 0x0C,
	0x00, 0x00, 0x00, 0x2D, 0x03, 0x1C, 0x0D, 0x00, 0x60, 0x28, 0x00, 0x10,
	0x00, 0x00, 0x00, 0x62, 0x01, 0xC3, 0x06, 0x53, 0x08, 0x00, 0x00, 0x00,
	0x40, 0x2B, 0x00, 0x10, 0x00, 0x00, 0x00, 0x2D, 0x00, 0xD0, 0x00, 0x5F,
	0x0E, 0x00, 0x00, 0x00, 0x50, 0x2B, 0x00, 0x14, 0x00, 0x00, 0x00, 0x77,
	0x00, 0x6C, 0x01, 0xA4, 0x0A, 0x2A, 0x0E, 0x0A, 0x0F, 0x00, 0x00, 0x00,
	0x60, 0x2B, 0x00, 0x10, 0x00, 0x00, 0x00, 0xA8, 0x01, 0x8B, 0x0D, 0x82,
	0x0E, 0x00, 0x00, 0x00, 0x70, 0x2B, 0x00, 0x14, 0x00, 0x00, 0x00, 0x8F,
	0x00, 0x44, 0x06, 0xA4, 0x07, 0x27, 0x08, 0xC0, 0x08, 0x59, 0x0A, 0x00,
	0x80, 0x2B, 0x00, 0x10, 0x00, 0x00, 0x00, 0x5C, 0x03, 0xD1, 0x05, 0x52,
	0x07, 0x00, 0x00, 0x00, 0x90, 0x2B, 0x00, 0x10, 0x00, 0x00, 0x00, 0xF5,
	0x02, 0xEC, 0x03, 0xC5, 0x0E, 0x11, 0x0F, 0x00, 0xA0, 0x2B, 0x00, 0x10,
	0x00, 0x00, 0x00, 0x21, 0x03, 0xA3, 0x03, 0x9C, 0x06, 0xFA, 0x06, 0x00,
	0xB0, 0x2B, 0x00, 0x0C, 0x00, 0x00, 0x00, 0xE7, 0x01, 0x00, 0x00, 0x00,
	0xC0, 0x2B, 0x00, 0x0C, 0x00, 0x00, 0x00, 0x4A, 0x07, 0x0F, 0x0D, 0x00,
	0xE0, 0x2B, 0x00, 0x0C, 0x00, 0x00, 0x00, 0x26, 0x0E, 0x0C, 0x0F, 0x00,
	0xF0, 0x2B, 0x00, 0x18, 0x00, 0x00, 0x00, 0x20, 0x01, 0x80, 0x01, 0x3D,
	0x08, 0x36, 0x0A, 0x82, 0x0A, 0x32, 0x0C, 0xBE, 0x0C, 0x00, 0x00, 0x00,
	0x00, 0x2C, 0x00, 0x14, 0x00, 0x00, 0x00, 0x60, 0x03, 0x44, 0x04, 0xB3,
	0x06, 0xAD, 0x07, 0xD4, 0x0C, 0x26, 0x0D, 0x00, 0x10, 0x2C, 0x00, 0x18,
	0x00, 0x00, 0x00, 0xC7, 0x00, 0x0C, 0x01, 0x9B, 0x03, 0x86, 0x05, 0x14,
	0x06, 0x59, 0x07, 0xFC, 0x07, 0xAB, 0x08, 0x00, 0x70, 0x2C, 0x00, 0x0C,
	0x00, 0x00, 0x00, 0xD8, 0x0C, 0x00, 0x00, 0x00, 0xE0, 0x2E, 0x00, 0x0C,
	0x00, 0x00, 0x00, 0x95, 0x04, 0x00, 0x00, 0x00, 0x00, 0x2F, 0x00, 0x0C,
	0x00, 0x00, 0x00, 0xE2, 0x0D, 0x00, 0x00, 0x00, 0xC0, 0x31, 0x00, 0x0C,
	0x00, 0x00, 0x00, 0x35, 0x0C, 0x00, 0x00, 0x00, 0xD0, 0x31, 0x00, 0x0C,
	0x00, 0x00, 0x00, 0x81, 0x01, 0x00, 0x00, 0x00, 0x10, 0x32, 0x00, 0x0C,
	0x00, 0x00, 0x00, 0xFA, 0x03, 0xBE, 0x05, 0x00, 0x90, 0x34, 0x00, 0x0C,
	0x00, 0x00, 0x00, 0x65, 0x03, 0x00, 0x00, 0x00, 0xD0, 0x39, 0x00, 0x0C,
	0x00, 0x00, 0x00, 0x28, 0x06, 0x73, 0x0E, 0x00, 0xE0, 0x39, 0x00, 0x0C,
	0x00, 0x00, 0x00, 0x26, 0x00, 0x00, 0x00, 0x00, 0x00, 0x48, 0x00, 0x0C,
	0x00, 0x00, 0x00, 0xE7, 0x08, 0x93, 0x09, 0x00, 0x20, 0x48, 0x00, 0x0C,
	0x00, 0x00, 0x00, 0x44, 0x0C, 0x00, 0x00, 0xFF, 0xFF, 0xFF, 0x7F, 0xFB,
	0xF6, 0xFF, 0xFF, 0x9C, 0x00, 0x00, 0x00, 0x00, 0x00, 0x23, 0x00, 0x0C,
	0x00, 0x00, 0x00, 0x28, 0x0F, 0x00, 0x00, 0x00, 0xC0, 0x27, 0x00, 0x0C,
	0x00, 0x00, 0x00, 0x6A, 0x03, 0x4F, 0x09, 0x00, 0xD0, 0x28, 0x00, 0x0C,
	0x00, 0x00, 0x00, 0xA4, 0x02, 0x00, 0x00, 0x00, 0x30, 0x2C, 0x00, 0x0C,
	0x00, 0x00, 0x00, 0x05, 0x04, 0x00, 0x00, 0x00, 0x50, 0x2C, 0x00, 0x0C,
	0x00, 0x00, 0x00, 0x16, 0x0A, 0x00, 0x00, 0x00, 0xD0, 0x2C, 0x00, 0x0C,
	0x00, 0x00, 0x00, 0x1D, 0x0C, 0x1C, 0x0F, 0x00, 0x20, 0x2D, 0x00, 0x0C,
	0x00, 0x00, 0x00, 0x54, 0x08, 0x00, 0x00, 0x00, 0xC0, 0x2E, 0x00, 0x0C,
	0x00, 0x00, 0x00, 0x36, 0x0F, 0x00, 0x00, 0x00, 0x70, 0x30, 0x00, 0x0C,
	0x00, 0x00, 0x00, 0x8D, 0x0D, 0x00, 0x00, 0x00, 0x80, 0x30, 0x00, 0x0C,
	0x00, 0x00, 0x00, 0xB3, 0x00, 0xFE, 0x0A, 0x00, 0x10, 0x31, 0x00, 0x0C,
	0x00, 0x00, 0x00, 0xD8, 0x00, 0x00, 0x00, 0x00, 0x90, 0x32, 0x00, 0x0C,
	0x00, 0x00, 0x00, 0xE6, 0x04, 0x00, 0x00, 0x00, 0x40, 0x45, 0x00, 0x0C,
	0x00, 0x00, 0x00, 0xF8, 0x00, 0x6A, 0x02, 0xFF, 0xFF, 0xFF, 0xFF, 0xFF,
	0xF6, 0xFF, 0xFF, 0xCC, 0x04, 0x00, 0x00, 0x00, 0x70, 0x22, 0x00, 0x14,
	0x00, 0x00, 0x00, 0x52, 0x04, 0x75, 0x05, 0x16, 0x08, 0xE1, 0x08, 0x86,
	0x0E, 0x00, 0x00, 0x00, 0x80, 0x22, 0x00, 0x10, 0x00, 0x00, 0x00, 0x29,
	0x01, 0xB8, 0x01, 0xC6, 0x0B, 0x00, 0x00, 0x00, 0xB0, 0x22, 0x00, 0x0C,
	0x00, 0x00, 0x00, 0xFD, 0x04, 0x00, 0x00, 0x00, 0xE0, 0x22, 0x00, 0x0C,
	0x00, 0x00, 0x00, 0xD0, 0x05, 0x83, 0x08, 0x00, 0x00, 0x23, 0x00, 0x10,
	0x00, 0x00, 0x00, 0x4A, 0x02, 0x9B, 0x04, 0x8C, 0x0C, 0x74, 0x0F, 0x00,
	0x10, 0x23, 0x00, 0x0C, 0x00, 0x00, 0x00, 0x74, 0x03, 0x00, 0x00, 0x00,
	0x90, 0x27, 0x00, 0x0C, 0x00, 0x00, 0x00, 0x0C, 0x00, 0x00, 0x00, 0x00,
	0xB0, 0x27, 0x00, 0x14, 0x00, 0x00, 0x00, 0xAA, 0x00, 0x85, 0x03, 0x16,
	0x08, 0x73, 0x0A, 0x32, 0x0E, 0x00, 0x00, 0x00, 0xC0, 0x27, 0x00, 0x0C,
	0x00, 0x00, 0x00, 0x9F, 0x00, 0x31, 0x08, 0x00, 0x10, 0x28, 0x00, 0x0C,
	0x00, 0x00, 0x00, 0x60, 0x03, 0x74, 0x08, 0x00, 0x20, 0x28, 0x00, 0x0C,
	0x00, 0x00, 0x00, 0x13, 0x08, 0x93, 0x0A, 0x00, 0x30, 0x28, 0x00, 0x0C,
	0x00, 0x00, 0x00, 0xA3, 0x07, 0x00, 0x00, 0x00, 0x70, 0x28, 0x00, 0x0C,
	0x00, 0x00, 0x00, 0x64, 0x00, 0x00, 0x00, 0x00, 0xA0, 0x28, 0x00, 0x0C,
	0x00, 0x00, 0x00, 0xBE, 0x03, 0x49, 0x08, 0x00, 0xD0, 0x28, 0x00, 0x0C,
	0x00, 0x00, 0x00, 0x0B, 0x01, 0xA9, 0x0C, 0x00, 0xE0, 0x28, 0x00, 0x0C,
	0x00, 0x00, 0x00, 0x23, 0x02, 0x02, 0x05, 0x00, 0x40, 0x29, 0x00, 0x0C,
	0x00, 0x00, 0x00, 0x50, 0x06, 0x00, 0x00, 0x00, 0x40, 0x2B, 0x00, 0x10,
	0x00, 0x00, 0x00, 0x54, 0x0C, 0x74, 0x0D, 0xBB, 0x0D, 0x00, 0x00, 0x00,
	0x50, 0x2B, 0x00, 0x0C, 0x00, 0x00, 0x00, 0x4C, 0x01, 0x00, 0x00, 0x00,
	0x60, 0x2B, 0x00, 0x10, 0x00, 0x00, 0x00, 0xFA, 0x06, 0xCE, 0x0A, 0x6C,
	0x0B, 0x00, 0x00, 0x00, 0x70, 0x2B, 0x00, 0x0C, 0x00, 0x00, 0x00, 0x55,
	0x01, 0x62, 0x03, 0x00, 0x80, 0x2B, 0x00, 0x10, 0x00, 0x00, 0x00, 0x60,
	0x0D, 0x9C, 0x0D, 0x1F, 0x0F, 0xEF, 0x0F, 0x00, 0xB0, 0x2B, 0x00, 0x0C,
	0x00, 0x00, 0x00, 0x35, 0x00, 0xA4, 0x04, 0x00, 0xC0, 0x2B, 0x00, 0x0C,
	0x00, 0x00, 0x00, 0xC9, 0x07, 0x56, 0x0D, 0x00, 0xD0, 0x2B, 0x00, 0x10,
	0x00, 0x00, 0x00, 0x64, 0x00, 0xAE, 0x00, 0x2F, 0x02, 0x00, 0x00, 0x00,
	0xE0, 0x2B, 0x00, 0x0C, 0x00, 0x00, 0x00, 0x21, 0x01, 0x00, 0x00, 0x00,
	0xF0, 0x2B, 0x00, 0x0C, 0x00, 0x00, 0x00, 0x65, 0x04, 0x7B, 0x05, 0x00,
	0x00, 0x2C, 0x00, 0x10, 0x00, 0x00, 0x00, 0xEC, 0x01, 0x56, 0x03, 0xB3,
	0x03, 0xDE, 0x0C, 0x00, 0x10, 0x2C, 0x00, 0x10, 0x00, 0x00, 0x00, 0xBD,
	0x00, 0x7A, 0x03, 0xDE, 0x0C, 0x00, 0x00, 0x00, 0x30, 0x2C, 0x00, 0x0C,
	0x00, 0x00, 0x00, 0xA1, 0x02, 0x2E, 0x0B, 0x00, 0x40, 0x2C, 0x00, 0x0C,
	0x00, 0x00, 0x00, 0x90, 0x0F, 0x00, 0x00, 0x00, 0x50, 0x2C, 0x00, 0x0C,
	0x00, 0x00, 0x00, 0x01, 0x09, 0x55, 0x0A, 0x00, 0x60, 0x2C, 0x00, 0x0C,
	0x00, 0x00, 0x00, 0xD3, 0x06, 0x00, 0x00, 0x00, 0x70, 0x2C, 0x00, 0x0C,
	0x00, 0x00, 0x00, 0xCB, 0x04, 0xDF, 0x0B, 0x00, 0xD0, 0x2C, 0x00, 0x0C,
	0x00, 0x00, 0x00, 0xF1, 0x0B, 0x00, 0x00, 0x00, 0xF0, 0x2C, 0x00, 0x0C,
	0x00, 0x00, 0x00, 0xA8, 0x06, 0x00, 0x00, 0x00, 0x00, 0x2D, 0x00, 0x0C,
	0x00, 0x00, 0x00, 0x7D, 0x01, 0x98, 0x05, 0x00, 0x30, 0x2D, 0x00, 0x0C,
	0x00, 0x00, 0x00, 0x21, 0x0F, 0x00, 0x00, 0x00, 0xC0, 0x2E, 0x00, 0x0C,
	0x00, 0x00, 0x00, 0xE0, 0x0C, 0x00, 0x00, 0x00, 0xD0, 0x2E, 0x00, 0x0C,
	0x00, 0x00, 0x00, 0xC8, 0x0E, 0xD9, 0x0F, 0x00, 0xF0, 0x2E, 0x00, 0x10,
	0x00, 0x00, 0x00, 0x04, 0x01, 0x32, 0x03, 0x80, 0x03, 0x00, 0x00, 0x00,
	0x40, 0x2F, 0x00, 0x0C, 0x00, 0x00, 0x00, 0xC9, 0x0A, 0x00, 0x00, 0x00,
	0xA0, 0x2F, 0x00, 0x0C, 0x00, 0x00, 0x00, 0x2F, 0x0D, 0x00, 0x00, 0x00,
	0xB0, 0x2F, 0x00, 0x0C, 0x00, 0x00, 0x00, 0xC8, 0x06, 0x00, 0x00, 0x00,
	0xD0, 0x2F, 0x00, 0x0C, 0x00, 0x00, 0x00, 0xE1, 0x00, 0x00, 0x00, 0x00,
	0xE0, 0x2F, 0x00, 0x0C, 0x00, 0x00, 0x00, 0x7F, 0x00, 0xF2, 0x05, 0x00,
	0xF0, 0x2F, 0x00, 0x0C, 0x00, 0x00, 0x00, 0x1B, 0x08, 0x00, 0x00, 0x00,
	0x70, 0x30, 0x00, 0x0C, 0x00, 0x00, 0x00, 0xD4, 0x0A, 0xC8, 0x0F, 0x00,
	0x80, 0x30, 0x00, 0x0C, 0x00, 0x00, 0x00, 0x58, 0x03, 0x48, 0x0F, 0x00,
	0x90, 0x30, 0x00, 0x0C, 0x00, 0x00, 0x00, 0xA4, 0x03, 0x00, 0x00, 0x00,
	0x10, 0x31, 0x00, 0x0C, 0x00, 0x00, 0x00, 0xF6, 0x01, 0x00, 0x00, 0x00,
	0x20, 0x31, 0x00, 0x10, 0x00, 0x00, 0x00, 0x49, 0x06, 0xB6, 0x0A, 0x45,
	0x0D, 0x00, 0x00, 0x00, 0x30, 0x31, 0x00, 0x10, 0x00, 0x00, 0x00, 0x32,
	0x01, 0x59, 0x09, 0x1D, 0x0D, 0x00, 0x00, 0x00, 0x40, 0x31, 0x00, 0x0C,
	0x00, 0x00, 0x00, 0xB8, 0x03, 0x00, 0x00, 0x00, 0x90, 0x31, 0x00, 0x0C,
	0x00, 0x00, 0x00, 0x52, 0x04, 0x4D, 0x0C, 0x00, 0xA0, 0x31, 0x00, 0x14,
	0x00, 0x00, 0x00, 0xA6, 0x02, 0x67, 0x03, 0xC1, 0x0A, 0x21, 0x0D, 0x9B,
	0x0E, 0x00, 0x00, 0x00, 0xB0, 0x31, 0x00, 0x0C, 0x00, 0x00, 0x00, 0x60,
	0x0C, 0x00, 0x00, 0x00, 0xE0, 0x31, 0x00, 0x0C, 0x00, 0x00, 0x00, 0x10,
	0x08, 0x00, 0x00, 0x00, 0xF0, 0x31, 0x00, 0x10, 0x00, 0x00, 0x00, 0xC5,
	0x03, 0x72, 0x05, 0x3D, 0x0F, 0x00, 0x00, 0x00, 0x00, 0x32, 0x00, 0x0C,
	0x00, 0x00, 0x00, 0xA6, 0x01, 0x00, 0x00, 0x00, 0x40, 0x32, 0x00, 0x0C,
	0x00, 0x00, 0x00, 0xAF, 0x08, 0x00, 0x00, 0x00, 0x60, 0x32, 0x00, 0x0C,
	0x00, 0x00, 0x00, 0xF8, 0x07, 0xEE, 0x0F, 0x00, 0x70, 0x32, 0x00, 0x10,
	0x00, 0x00, 0x00, 0x21, 0x0B, 0xE3, 0x0C, 0x9E, 0x0E, 0x00, 0x00, 0x00,
	0x80, 0x32, 0x00, 0x0C, 0x00, 0x00, 0x00, 0xCA, 0x08, 0x00, 0x00, 0x00,
	0x90, 0x32, 0x00, 0x0C, 0x00, 0x00, 0x00, 0x96, 0x02, 0x27, 0x05, 0x00,
	0x20, 0x34, 0x00, 0x0C, 0x00, 0x00, 0x00, 0xEC, 0x00, 0x87, 0x0D, 0x00,
	0x30, 0x34, 0x00, 0x0C, 0x00, 0x00, 0x00, 0x7A, 0x03, 0x00, 0x00, 0x00,
	0x40, 0x34, 0x00, 0x0C, 0x00, 0x00, 0x00, 0xCB, 0x0E, 0x00, 0x00, 0x00,
	0x50, 0x34, 0x00, 0x0C, 0x00, 0x00, 0x00, 0xD0, 0x00, 0x69, 0x03, 0x00,
	0x50, 0x39, 0x00, 0x0C, 0x00, 0x00, 0x00, 0xB5, 0x02, 0x00, 0x00, 0x00,
	0xB0, 0x39, 0x00, 0x0C, 0x00, 0x00, 0x00, 0x5C, 0x05, 0x00, 0x00, 0x00,
	0xC0, 0x39, 0x00, 0x0C, 0x00, 0x00, 0x00, 0x15, 0x07, 0x0B, 0x09, 0x00,
	0xD0, 0x39, 0x00, 0x0C, 0x00, 0x00, 0x00, 0xC8, 0x0D, 0x00, 0x00, 0x00,
	0xE0, 0x39, 0x00, 0x0C, 0x00, 0x00, 0x00, 0x58, 0x0B, 0x00, 0x00, 0x00,
	0xF0, 0x39, 0x00, 0x0C, 0x00, 0x00, 0x00, 0x6F, 0x02, 0x00, 0x00, 0x00,
	0xE0, 0x41, 0x00, 0x0C, 0x00, 0x00, 0x00, 0x12, 0x06, 0x00, 0x00, 0x00,
	0x20, 0x42, 0x00, 0x0C, 0x00, 0x00, 0x00, 0xE1, 0x01, 0x00, 0x00, 0x00,
	0x20, 0x43, 0x00, 0x0C, 0x00, 0x00, 0x00, 0xC5, 0x00, 0x00, 0x00, 0x00,
	0x80, 0x43, 0x00, 0x0C, 0x00, 0x00, 0x00, 0x87, 0x03, 0x00, 0x00, 0x00,
	0xA0, 0x43, 0x00, 0x0C, 0x00, 0x00, 0x00, 0x61, 0x04, 0x00, 0x00, 0x00,
	0xB0, 0x43, 0x00, 0x0C, 0x00, 0x00, 0x00, 0xA8, 0x09, 0x00, 0x00, 0x00,
	0x30, 0x46, 0x00, 0x0C, 0x00, 0x00, 0x00, 0xD2, 0x00, 0x00, 0x00, 0x00,
	0x20, 0x48, 0x00, 0x0C, 0x00, 0x00, 0x00, 0xCD, 0x0C, 0x00, 0x00, 0x00,
	0xD0, 0x49, 0x00, 0x0C, 0x00, 0x00, 0x00, 0xFA, 0x04, 0x32, 0x07, 0x00,
	0x30, 0x4A, 0x00, 0x0C, 0x00, 0x00, 0x00, 0x17, 0x0C, 0x00, 0x00, 0x00,
	0x10, 0x4C, 0x00, 0x0C, 0x00, 0x00, 0x00, 0x34, 0x0C, 0x00, 0x00, 0x00,
	0xC0, 0x4C, 0x00, 0x0C, 0x00, 0x00, 0x00, 0xF1, 0x00, 0x00, 0x00, 0x00,
	0x00, 0x4D, 0x00, 0x0C, 0x00, 0x00, 0x00, 0x9F, 0x0C, 0x00, 0x00, 0x00,
	0xE0, 0x4E, 0x00, 0x0C, 0x00, 0x00, 0x00, 0xB5, 0x08, 0xCC, 0x0D, 0x00,
	0xF0, 0x4E, 0x00, 0x0C, 0x00, 0x00, 0x00, 0x53, 0x08, 0x00, 0x00, 0x00,
	0xE0, 0x67, 0x00, 0x0C, 0x00, 0x00, 0x00, 0x79, 0x0B, 0x22, 0x0D, 0x00,
	0x20, 0x68, 0x00, 0x0C, 0x00, 0x00, 0x00, 0x44, 0x0A, 0x00, 0x00, 0x00,
	0x30, 0x68, 0x00, 0x0C, 0x00, 0x00, 0x00, 0x06, 0x02, 0x00, 0x00, 0x00,
	0x70, 0x6D, 0x00, 0x0C, 0x00, 0x00, 0x00, 0x9C, 0x01, 0x9B, 0x02, 0x00,
	0x40, 0x95, 0x00, 0x0C, 0x00, 0x00, 0x00, 0x66, 0x0B, 0x00, 0x00, 0x00,
	0x60, 0x9F, 0x00, 0x0C, 0x00, 0x00, 0x00, 0xF3, 0x0B, 0x00, 0x00, 0x00,
	0x00, 0x00, 0x00, 0x00, 0x00, 0x00, 0x00, 0x00, 0x00, 0x00, 0x00, 0x00,
	0x00, 0x00, 0x00, 0x00, 0x00, 0x00, 0x00, 0x00, 0x00, 0x00, 0x00, 0x00,
	0x00, 0x00, 0x00, 0x00, 0x00, 0x00, 0x00, 0x00, 0x00, 0x00, 0x00, 0x00,
	0x00, 0x00, 0x00, 0x00, 0x00, 0x00, 0x00, 0x00, 0x00, 0x00, 0x00, 0x00,
	0x00, 0x00, 0x00, 0x00, 0x00, 0x00, 0x00, 0x00, 0x00, 0x00, 0x00, 0x00,
	0x00, 0x00, 0x00, 0x00, 0x00, 0x00, 0x00, 0x00, 0x00, 0x00, 0x00, 0x00,
	0x00, 0x00, 0x00, 0x00, 0x00, 0x00, 0x00, 0x00, 0x00, 0x00, 0x00, 0x00,
	0x00, 0x00, 0x00, 0x00, 0x00, 0x00, 0x00, 0x00, 0x00, 0x00, 0x00, 0x00,
	0x00, 0x00, 0x00, 0x00, 0x00, 0x00, 0x00, 0x00, 0x00, 0x00, 0x00, 0x00,
	0x00, 0x00, 0x00, 0x00, 0x00, 0x00, 0x00, 0x00, 0x00, 0x00, 0x00, 0x00,
	0x00, 0x00, 0x00, 0x00, 0x00, 0x00, 0x00, 0x00, 0x00, 0x00, 0x00, 0x00,
	0x00, 0x00, 0x00, 0x00, 0x00, 0x00, 0x00, 0x00, 0x00, 0x00, 0x00, 0x00,
	0x00, 0x00, 0x00, 0x00, 0x00, 0x00, 0x00, 0x00, 0x00, 0x00, 0x00, 0x00,
	0x00, 0x00, 0x00, 0x00, 0x00, 0x00, 0x00, 0x00, 0x00, 0x00, 0x00, 0x00,
	0x00, 0x00, 0x00, 0x00, 0x00, 0x00, 0x00, 0x00, 0x00, 0x00, 0x00, 0x00,
	0x00, 0x00, 0x00, 0x00, 0x00, 0x00, 0x00, 0x00, 0x00, 0x00, 0x00, 0x00,
	0x00, 0x00, 0x00, 0x00, 0x00, 0x00, 0x00, 0x00, 0x00, 0x00, 0x00, 0x00,
	0x00, 0x00, 0x00, 0x00, 0x00, 0x00, 0x00, 0x00, 0x00, 0x00, 0x00, 0x00,
	0x00, 0x00, 0x00, 0x00, 0x00, 0x00, 0x00, 0x00, 0x00, 0x00, 0x00, 0x00,
	0x00, 0x00, 0x00, 0x00, 0x00, 0x00, 0x00, 0x00, 0x00, 0x00, 0x00, 0x00,
	0x00, 0x00, 0x00, 0x00, 0x00, 0x00, 0x00, 0x00, 0x00, 0x00, 0x00, 0x00,
	0x00, 0x00, 0x00, 0x00, 0x00, 0x00, 0x00, 0x00, 0x00, 0x00, 0x00, 0x00,
	0x00, 0x00, 0x00, 0x00, 0x00, 0x00, 0x00, 0x00, 0x00, 0x00, 0x00, 0x00,
	0x00, 0x00, 0x00, 0x00, 0x00, 0x00, 0x00, 0x00, 0x00, 0x00, 0x00, 0x00,
	0x00, 0x00, 0x00, 0x00, 0x00, 0x00, 0x00, 0x00, 0x00, 0x00, 0x00, 0x00,
	0x00, 0x00, 0x00, 0x00, 0x00, 0x00, 0x00, 0x00, 0x00, 0x00, 0x00, 0x00,
	0x00, 0x00, 0x00, 0x00, 0x00, 0x00, 0x00, 0x00, 0x00, 0x00, 0x00, 0x00,
	0x00, 0x00, 0x00, 0x00, 0x00, 0x00, 0x00, 0x00, 0x00, 0x00, 0x00, 0x00,
	0x00, 0x00, 0x00, 0x00, 0x00, 0x00, 0x00, 0x00, 0x00, 0x00, 0x00, 0x00,
	0x00, 0x00, 0x00, 0x00, 0x00, 0x00, 0x00, 0x00, 0x00, 0x00, 0x00, 0x00,
	0x00, 0x00, 0x00, 0x00, 0x00, 0x00, 0x00, 0x00, 0x00, 0x00, 0x00, 0x00,
	0x00, 0x00, 0x00, 0x00, 0x00, 0x00, 0x00, 0x00, 0x00, 0x00, 0x00, 0x00,
	0x00, 0x00, 0x00, 0x00, 0x00, 0x00, 0x00, 0x00, 0x00, 0x00, 0x00, 0x00,
	0x00, 0x00, 0x00, 0x00, 0x00, 0x00, 0x00, 0x00, 0x00, 0x00, 0x00, 0x00,
	0x00, 0x00, 0x00, 0x00, 0x00, 0x00, 0x00, 0x00, 0x00, 0x00, 0x00, 0x00,
	0x00, 0x00, 0x00, 0x00, 0x00, 0x00, 0x00, 0x00, 0x00, 0x00, 0x00, 0x00,
	0x00, 0x00, 0x00, 0x00, 0x00, 0x00, 0x00, 0x00, 0x00, 0x00, 0x00, 0x00,
	0x00, 0x00, 0x00, 0x00, 0x00, 0x00, 0x00, 0x00, 0x00, 0x00, 0x00, 0x00,
	0x00, 0x00, 0x00, 0x00, 0x00, 0x00, 0x00, 0x00, 0x00, 0x00, 0x00, 0x00,
	0x00, 0x00, 0x00, 0x00, 0x00, 0x00, 0x00, 0x00, 0x00, 0x00, 0x00, 0x00,
	0x00, 0x00, 0x00, 0x00, 0x00, 0x00, 0x00, 0x00, 0x00, 0x00, 0x00, 0x00,
	0x00, 0x00, 0x00, 0x00, 0x00, 0x00, 0x00, 0x00, 0x00, 0x00, 0x00, 0x00,
	0x00, 0x00, 0x00, 0x00, 0x00, 0x00, 0x00, 0x00, 0x00, 0x00, 0x00, 0x00,
	0x00, 0x00, 0x00, 0x00, 0x00, 0x00, 0x00, 0x00, 0x00, 0x00, 0x00, 0x00,
	0x00, 0x00, 0x00, 0x00, 0x00, 0x00, 0x00, 0x00, 0x00, 0x00, 0x00, 0x00,
	0x00, 0x00, 0x00, 0x00, 0x00, 0x00, 0x00, 0x00, 0x00, 0x00, 0x00, 0x00,
	0x00, 0x00, 0x00, 0x00, 0x00, 0x00, 0x00, 0x00, 0x00, 0x00, 0x00, 0x00,
	0x00, 0x00, 0x00, 0x00, 0x00, 0x00, 0x00, 0x00, 0x00, 0x00, 0x00, 0x00,
	0x00, 0x00, 0x00, 0x00, 0x00, 0x00, 0x00, 0x00, 0x00, 0x00, 0x00, 0x00,
	0x00, 0x00, 0x00, 0x00, 0x00, 0x00, 0x00, 0x00, 0x00, 0x00, 0x00, 0x00,
	0x00, 0x00, 0x00, 0x00, 0x00, 0x00, 0x00, 0x00, 0x00, 0x00, 0x00, 0x00,
	0x00, 0x00, 0x00, 0x00, 0x00, 0x00, 0x00, 0x00, 0x00, 0x00, 0x00, 0x00,
	0x00, 0x00, 0x00, 0x00, 0x00, 0x00, 0x00, 0x00, 0x00, 0x00, 0x00, 0x00,
	0x00, 0x00, 0x00, 0x00, 0x00, 0x00, 0x00, 0x00, 0x00, 0x00, 0x00, 0x00,
	0x00, 0x00, 0x00, 0x00, 0x00, 0x00, 0x00, 0x00, 0x00, 0x00, 0x00, 0x00,
	0x00, 0x00, 0x00, 0x00, 0x00, 0x00, 0x00, 0x00, 0x00, 0x00, 0x00, 0x00,
	0x00, 0x00, 0x00, 0x00, 0x00, 0x00, 0x00, 0x00, 0x00, 0x00, 0x00, 0x00,
	0x00, 0x00, 0x00, 0x00, 0x00, 0x00, 0x00, 0x00, 0x00, 0x00, 0x00, 0x00,
	0x00, 0x00, 0x00, 0x00, 0x00, 0x00, 0x00, 0x00, 0x00, 0x00, 0x00, 0x00,
	0x00, 0x00, 0x00, 0x00, 0x00, 0x00, 0x00, 0x00, 0x00, 0x00, 0x00, 0x00,
	0x00, 0x00, 0x00, 0x00, 0x00, 0x00, 0x00, 0x00, 0x00, 0x00, 0x00, 0x00,
	0x00, 0x00, 0x00, 0x00, 0x00, 0x00, 0x00, 0x00, 0x00, 0x00, 0x00, 0x00,
	0x00, 0x00, 0x00, 0x00, 0x00, 0x00, 0x00, 0x00, 0x00, 0x00, 0x00, 0x00,
	0x00, 0x00, 0x00, 0x00, 0x00, 0x00, 0x00, 0x00, 0x00, 0x00, 0x00, 0x00,
	0x00, 0x00, 0x00, 0x00, 0x00, 0x00, 0x00, 0x00, 0x00, 0x00, 0x00, 0x00,
	0x00, 0x00, 0x00, 0x00, 0x00, 0x00, 0x00, 0x00, 0x00, 0x00, 0x00, 0x00,
	0x00, 0x00, 0x00, 0x00, 0x00, 0x00, 0x00, 0x00, 0x00, 0x00, 0x00, 0x00,
	0x00, 0x00, 0x00, 0x00, 0x00, 0x00, 0x00, 0x00, 0x00, 0x00, 0x00, 0x00,
	0x00, 0x00, 0x00, 0x00, 0x00, 0x00, 0x00, 0x00, 0x00, 0x00, 0x00, 0x00,
	0x00, 0x00, 0x00, 0x00, 0x00, 0x00, 0x00, 0x00, 0x00, 0x00, 0x00, 0x00,
	0x00, 0x00, 0x00, 0x00, 0x00, 0x00, 0x00, 0x00, 0x00, 0x00, 0x00, 0x00,
	0x00, 0x00, 0x00, 0x00, 0x00, 0x00, 0x00, 0x00, 0x00, 0x00, 0x00, 0x00,
	0x00, 0x00, 0x00, 0x00, 0x00, 0x00, 0x00, 0x00, 0x00, 0x00, 0x00, 0x00,
	0x00, 0x00, 0x00, 0x00, 0x00, 0x00, 0x00, 0x00, 0x00, 0x00, 0x00, 0x00,
	0x00, 0x00, 0x00, 0x00, 0x00, 0x00, 0x00, 0x00, 0x00, 0x00, 0x00, 0x00,
	0x00, 0x00, 0x00, 0x00, 0x00, 0x00, 0x00, 0x00, 0x00, 0x00, 0x00, 0x00,
	0x00, 0x00, 0x00, 0x00, 0x00, 0x00, 0x00, 0x00, 0x00, 0x00, 0x00, 0x00,
	0x00, 0x00, 0x00, 0x00, 0x00, 0x00, 0x00, 0x00, 0x00, 0x00, 0x00, 0x00,
	0x00, 0x00, 0x00, 0x00, 0x00, 0x00, 0x00, 0x00, 0x00, 0x00, 0x00, 0x00,
	0x00, 0x00, 0x00, 0x00, 0x00, 0x00, 0x00, 0x00, 0x00, 0x00, 0x00, 0x00,
	0x00, 0x00, 0x00, 0x00, 0x00, 0x00, 0x00, 0x00, 0x00, 0x00, 0x00, 0x00,
	0x00, 0x00, 0x00, 0x00, 0x00, 0x00, 0x00, 0x00, 0x00, 0x00, 0x00, 0x00,
	0x00, 0x00, 0x00, 0x00, 0x00, 0x00, 0x00, 0x00, 0x00, 0x00, 0x00, 0x00,
	0x00, 0x00, 0x00, 0x00, 0x00, 0x00, 0x00, 0x00, 0x00, 0x00, 0x00, 0x00,
	0x00, 0x00, 0x00, 0x00, 0x00, 0x00, 0x00, 0x00, 0x00, 0x00, 0x00, 0x00,
	0x00, 0x00, 0x00, 0x00, 0x00, 0x00, 0x00, 0x00, 0x00, 0x00, 0x00, 0x00,
	0x00, 0x00, 0x00, 0x00, 0x00, 0x00, 0x00, 0x00, 0x00, 0x00, 0x00, 0x00,
	0x00, 0x00, 0x00, 0x00, 0x00, 0x00, 0x00, 0x00, 0x00, 0x00, 0x00, 0x00,
	0x00, 0x00, 0x00, 0x00, 0x00, 0x00, 0x00, 0x00, 0x00, 0x00, 0x00, 0x00,
	0x00, 0x00, 0x00, 0x00, 0x00, 0x00, 0x00, 0x00, 0x00, 0x00, 0x00, 0x00,
	0x00, 0x00, 0x00, 0x00, 0x00, 0x00, 0x00, 0x00, 0x00, 0x00, 0x00, 0x00,
	0x00, 0x00, 0x00, 0x00, 0x00, 0x00, 0x00, 0x00, 0x00, 0x00, 0x00, 0x00,
	0x00, 0x00, 0x00, 0x00, 0x00, 0x00, 0x00, 0x00, 0x00, 0x00, 0x00, 0x00,
	0x00, 0x00, 0x00, 0x00, 0x00, 0x00, 0x00, 0x00, 0x00, 0x00, 0x00, 0x00,
	0x00, 0x00, 0x00, 0x00, 0x00, 0x00, 0x00, 0x00, 0x00, 0x00, 0x00, 0x00,
	0x00, 0x00, 0x00, 0x00, 0x00, 0x00, 0x00, 0x00, 0x00, 0x00, 0x00, 0x00,
	0x00, 0x00, 0x00, 0x00, 0x00, 0x00, 0x00, 0x00, 0x00, 0x00, 0x00, 0x00,
	0x00, 0x00, 0x00, 0x00, 0x00, 0x00, 0x00, 0x00, 0x00, 0x00, 0x00, 0x00,
	0x00, 0x00, 0x00, 0x00, 0x00, 0x00, 0x00, 0x00, 0x00, 0x00, 0x00, 0x00,
	0x00, 0x00, 0x00, 0x00, 0x00, 0x00, 0x00, 0x00, 0x00, 0x00, 0x00, 0x00,
	0x00, 0x00, 0x00, 0x00, 0x00, 0x00, 0x00, 0x00, 0x00, 0x00, 0x00, 0x00,
	0x00, 0x00, 0x00, 0x00, 0x00, 0x00, 0x00, 0x00, 0x00, 0x00, 0x00, 0x00,
	0x00, 0x00, 0x00, 0x00, 0x00, 0x00, 0x00, 0x00, 0x00, 0x00, 0x00, 0x00,
	0x00, 0x00, 0x00, 0x00, 0x00, 0x00, 0x00, 0x00, 0x00, 0x00, 0x00, 0x00,
	0x00, 0x00, 0x00, 0x00, 0x00, 0x00, 0x00, 0x00, 0x00, 0x00, 0x00, 0x00,
	0x00, 0x00, 0x00, 0x00, 0x00, 0x00, 0x00, 0x00, 0x00, 0x00, 0x00, 0x00,
	0x00, 0x00, 0x00, 0x00, 0x00, 0x00, 0x00, 0x00, 0x00, 0x00, 0x00, 0x00,
	0x00, 0x00, 0x00, 0x00, 0x00, 0x00, 0x00, 0x00, 0x00, 0x00, 0x00, 0x00,
	0x00, 0x00, 0x00, 0x00, 0x00, 0x00, 0x00, 0x00, 0x00, 0x00, 0x00, 0x00,
	0x00, 0x00, 0x00, 0x00, 0x00, 0x00, 0x00, 0x00, 0x00, 0x00, 0x00, 0x00,
	0x00, 0x00, 0x00, 0x00, 0x00, 0x00, 0x00, 0x00, 0x00, 0x00, 0x00, 0x00,
	0x00, 0x00, 0x00, 0x00, 0x00, 0x00, 0x00, 0x00, 0x00, 0x00, 0x00, 0x00,
	0x00, 0x00, 0x00, 0x00, 0x00, 0x00, 0x00, 0x00, 0x00, 0x00, 0x00, 0x00,
	0x00, 0x00, 0x00, 0x00, 0x00, 0x00, 0x00, 0x00, 0x00, 0x00, 0x00, 0x00,
	0x00, 0x00, 0x00, 0x00, 0x00, 0x00, 0x00, 0x00, 0x00, 0x00, 0x00, 0x00,
	0x00, 0x00, 0x00, 0x00, 0x00, 0x00, 0x00, 0x00, 0x00, 0x00, 0x00, 0x00,
	0x00, 0x00, 0x00, 0x00, 0x00, 0x00, 0x00, 0x00, 0x00, 0x00, 0x00, 0x00,
	0x00, 0x00, 0x00, 0x00, 0x00, 0x00, 0x00, 0x00, 0x00, 0x00, 0x00, 0x00,
	0x00, 0x00, 0x00, 0x00, 0x00, 0x00, 0x00, 0x00, 0x00, 0x00, 0x00, 0x00,
	0x00, 0x00, 0x00, 0x00, 0x00, 0x00, 0x00, 0x00, 0x00, 0x00, 0x00, 0x00,
	0x00, 0x00, 0x00, 0x00, 0x00, 0x00, 0x00, 0x00, 0x00, 0x00, 0x00, 0x00,
	0x00, 0x00, 0x00, 0x00, 0x00, 0x00, 0x00, 0x00, 0x00, 0x00, 0x00, 0x00,
	0x00, 0x00, 0x00, 0x00, 0x00, 0x00, 0x00, 0x00, 0x00, 0x00, 0x00, 0x00,
	0x00, 0x00, 0x00, 0x00, 0x00, 0x00, 0x00, 0x00, 0x00, 0x00, 0x00, 0x00,
	0x00, 0x00, 0x00, 0x00, 0x00, 0x00, 0x00, 0x00, 0x00, 0x00, 0x00, 0x00,
	0x00, 0x00, 0x00, 0x00, 0x00, 0x00, 0x00, 0x00, 0x00, 0x00, 0x00, 0x00,
	0x00, 0x00, 0x00, 0x00, 0x00, 0x00, 0x00, 0x00, 0x00, 0x00, 0x00, 0x00,
	0x00, 0x00, 0x00, 0x00, 0x00, 0x00, 0x00, 0x00, 0x00, 0x00, 0x00, 0x00,
	0x00, 0x00, 0x00, 0x00, 0x00, 0x00, 0x00, 0x00, 0x00, 0x00, 0x00, 0x00,
	0x00, 0x00, 0x00, 0x00, 0x00, 0x00, 0x00, 0x00, 0x00, 0x00, 0x00, 0x00,
	0x00, 0x00, 0x00, 0x00, 0x00, 0x00, 0x00, 0x00, 0x00, 0x00, 0x00, 0x00,
	0x00, 0x00, 0x00, 0x00, 0x00, 0x00, 0x00, 0x00, 0x00, 0x00, 0x00, 0x00,
	0x00, 0x00, 0x00, 0x00, 0x00, 0x00, 0x00, 0x00, 0x00, 0x00, 0x00, 0x00,
	0x00, 0x00, 0x00, 0x00, 0x00, 0x00, 0x00, 0x00, 0x00, 0x00, 0x00, 0x00,
	0x00, 0x00, 0x00, 0x00, 0x00, 0x00, 0x00, 0x00, 0x00, 0x00, 0x00, 0x00,
	0x00, 0x00, 0x00, 0x00, 0x00, 0x00, 0x00, 0x00, 0x00, 0x00, 0x00, 0x00,
	0x00, 0x00, 0x00, 0x00, 0x00, 0x00, 0x00, 0x00, 0x00, 0x00, 0x00, 0x00,
	0x00, 0x00, 0x00, 0x00, 0x00, 0x00, 0x00, 0x00, 0x00, 0x00, 0x00, 0x00,
	0x00, 0x00, 0x00, 0x00, 0x00, 0x00, 0x00, 0x00, 0x00, 0x00, 0x00, 0x00,
	0x00, 0x00, 0x00, 0x00, 0x00, 0x00, 0x00, 0x00, 0x00, 0x00, 0x00, 0x00,
	0x00, 0x00, 0x00, 0x00, 0x00, 0x00, 0x00, 0x00, 0x00, 0x00, 0x00, 0x00,
	0x00, 0x00, 0x00, 0x00, 0x00, 0x00, 0x00, 0x00, 0x00, 0x00, 0x00, 0x00,
	0x00, 0x00, 0x00, 0x00, 0x00, 0x00, 0x00, 0x00, 0x00, 0x00, 0x00, 0x00,
	0x00, 0x00, 0x00, 0x00, 0x00, 0x00, 0x00, 0x00, 0x00, 0x00, 0x00, 0x00,
	0x00, 0x00, 0x00, 0x00, 0x00, 0x00, 0x00, 0x00, 0x00, 0x00, 0x00, 0x00,
	0x00, 0x00, 0x00, 0x00, 0x00, 0x00, 0x00, 0x00, 0x00, 0x00, 0x00, 0x00,
	0x00, 0x00, 0x00, 0x00, 0x00, 0x00, 0x00, 0x00, 0x00, 0x00, 0x00, 0x00,
	0x00, 0x00, 0x00, 0x00, 0x00, 0x00, 0x00, 0x00, 0x00, 0x00, 0x00, 0x00,
	0x00, 0x00, 0x00, 0x00, 0x00, 0x00, 0x00, 0x00, 0x00, 0x00, 0x00, 0x00,
	0x00, 0x00, 0x00, 0x00, 0x00, 0x00, 0x00, 0x00, 0x00, 0x00, 0x00, 0x00,
	0x00, 0x00, 0x00, 0x00, 0x00, 0x00, 0x00, 0x00, 0x00, 0x00, 0x00, 0x00,
	0x00, 0x00, 0x00, 0x00, 0x00, 0x00, 0x00, 0x00, 0x00, 0x00, 0x00, 0x00,
	0x00, 0x00, 0x00, 0x00, 0x00, 0x00, 0x00, 0x00, 0x00, 0x00, 0x00, 0x00,
	0x00, 0x00, 0x00, 0x00, 0x00, 0x00, 0x00, 0x00, 0x00, 0x00, 0x00, 0x00,
	0x00, 0x00, 0x00, 0x00, 0x00, 0x00, 0x00, 0x00, 0x00, 0x00, 0x00, 0x00,
	0x00, 0x00, 0x00, 0x00, 0x00, 0x00, 0x00, 0x00, 0x00, 0x00, 0x00, 0x00,
	0x00, 0x00, 0x00, 0x00, 0x00, 0x00, 0x00, 0x00, 0x00, 0x00, 0x00, 0x00,
	0x00, 0x00, 0x00, 0x00, 0x00, 0x00, 0x00, 0x00, 0x00, 0x00, 0x00, 0x00,
	0x00, 0x00, 0x00, 0x00, 0x00, 0x00, 0x00, 0x00, 0x00, 0x00, 0x00, 0x00,
	0x00, 0x00, 0x00, 0x00, 0x00, 0x00, 0x00, 0x00, 0x00, 0x00, 0x00, 0x00,
	0x00, 0x00, 0x00, 0x00, 0x00, 0x00, 0x00, 0x00, 0x00, 0x00, 0x00, 0x00,
	0x00, 0x00, 0x00, 0x00, 0x00, 0x00, 0x00, 0x00, 0x00, 0x00, 0x00, 0x00,
	0x00, 0x00, 0x00, 0x00, 0x00, 0x00, 0x00, 0x00, 0x00, 0x00, 0x00, 0x00,
	0x00, 0x00, 0x00, 0x00, 0x00, 0x00, 0x00, 0x00, 0x00, 0x00, 0x00, 0x00,
	0x00, 0x00, 0x00, 0x00, 0x00, 0x00, 0x00, 0x00, 0x00, 0x00, 0x00, 0x00,
	0x00, 0x00, 0x00, 0x00, 0x00, 0x00, 0x00, 0x00, 0x00, 0x00, 0x00, 0x00,
	0x00, 0x00, 0x00, 0x00, 0x00, 0x00, 0x00, 0x00, 0x00, 0x00, 0x00, 0x00,
	0x00, 0x00, 0x00, 0x00, 0x00, 0x00, 0x00, 0x00, 0x00, 0x00, 0x00, 0x00,
	0x00, 0x00, 0x00, 0x00, 0x00, 0x00, 0x00, 0x00, 0x00, 0x00, 0x00, 0x00,
	0x00, 0x00, 0x00, 0x00, 0x00, 0x00, 0x00, 0x00, 0x00, 0x00, 0x00, 0x00,
	0x00, 0x00, 0x00, 0x00, 0x00, 0x00, 0x00, 0x00, 0x00, 0x00, 0x00, 0x00,
	0x00, 0x00, 0x00, 0x00, 0x00, 0x00, 0x00, 0x00, 0x00, 0x00, 0x00, 0x00,
	0x00, 0x00, 0x00, 0x00, 0x00, 0x00, 0x00, 0x00, 0x00, 0x00, 0x00, 0x00,
	0x00, 0x00, 0x00, 0x00, 0x00, 0x00, 0x00, 0x00, 0x00, 0x00, 0x00, 0x00,
	0x00, 0x00, 0x00, 0x00, 0x00, 0x00, 0x00, 0x00, 0x00, 0x00, 0x00, 0x00,
	0x00, 0x00, 0x00, 0x00, 0x00, 0x00, 0x00, 0x00, 0x00, 0x00, 0x00, 0x00,
	0x00, 0x00, 0x00, 0x00, 0x00, 0x00, 0x00, 0x00, 0x00, 0x00, 0x00, 0x00,
	0x00, 0x00, 0x00, 0x00, 0x00, 0x00, 0x00, 0x00, 0x00, 0x00, 0x00, 0x00,
	0x00, 0x00, 0x00, 0x00, 0x00, 0x00, 0x00, 0x00, 0x00, 0x00, 0x00, 0x00,
	0x00, 0x00, 0x00, 0x00, 0x00, 0x00, 0x00, 0x00, 0x00, 0x00, 0x00, 0x00,
	0x00, 0x00, 0x00, 0x00, 0x00, 0x00, 0x00, 0x00, 0x00, 0x00, 0x00, 0x00,
	0x00, 0x00, 0x00, 0x00, 0x00, 0x00, 0x00, 0x00, 0x00, 0x00, 0x00, 0x00,
	0x00, 0x00, 0x00, 0x00, 0x00, 0x00, 0x00, 0x00, 0x00, 0x00, 0x00, 0x00,
	0x00, 0x00, 0x00, 0x00, 0x00, 0x00, 0x00, 0x00, 0x00, 0x00, 0x00, 0x00,
	0x00, 0x00, 0x00, 0x00, 0x00, 0x00, 0x00, 0x00, 0x00, 0x00, 0x00, 0x00,
	0x00, 0x00, 0x00, 0x00, 0x00, 0x00, 0x00, 0x00, 0x00, 0x00, 0x00, 0x00,
	0x00, 0x00, 0x00, 0x00, 0x00, 0x00, 0x00, 0x00, 0x00, 0x00, 0x00, 0x00,
	0x00, 0x00, 0x00, 0x00, 0x00, 0x00, 0x00, 0x00, 0x00, 0x00, 0x00, 0x00,
	0x00, 0x00, 0x00, 0x00, 0x00, 0x00, 0x00, 0x00, 0x00, 0x00, 0x00, 0x00,
	0x00, 0x00, 0x00, 0x00, 0x00, 0x00, 0x00, 0x00, 0x00, 0x00, 0x00, 0x00,
	0x00, 0x00, 0x00, 0x00, 0x00, 0x00, 0x00, 0x00, 0x00, 0x00, 0x00, 0x00,
	0x00, 0x00, 0x00, 0x00, 0x00, 0x00, 0x00, 0x00, 0x00, 0x00, 0x00, 0x00,
	0x00, 0x00, 0x00, 0x00, 0x00, 0x00, 0x00, 0x00, 0x00, 0x00, 0x00, 0x00,
	0x00, 0x00, 0x00, 0x00, 0x00, 0x00, 0x00, 0x00, 0x00, 0x00, 0x00, 0x00,
	0x00, 0x00, 0x00, 0x00, 0x00, 0x00, 0x00, 0x00, 0x00, 0x00, 0x00, 0x00,
	0x00, 0x00, 0x00, 0x00, 0x00, 0x00, 0x00, 0x00, 0x00, 0x00, 0x00, 0x00,
	0x00, 0x00, 0x00, 0x00, 0x00, 0x00, 0x00, 0x00, 0x00, 0x00, 0x00, 0x00,
	0x00, 0x00, 0x00, 0x00, 0x00, 0x00, 0x00, 0x00, 0x00, 0x00, 0x00, 0x00,
	0x00, 0x00, 0x00, 0x00, 0x00, 0x00, 0x00, 0x00, 0x00, 0x00, 0x00, 0x00,
	0x00, 0x00, 0x00, 0x00, 0x00, 0x00, 0x00, 0x00, 0x00, 0x00, 0x00, 0x00,
	0x00, 0x00, 0x00, 0x00, 0x00, 0x00, 0x00, 0x00, 0x00, 0x00, 0x00, 0x00,
	0x00, 0x00, 0x00, 0x00, 0x00, 0x00, 0x00, 0x00, 0x00, 0x00, 0x00, 0x00,
	0x00, 0x00, 0x00, 0x00, 0x00, 0x00, 0x00, 0x00, 0x00, 0x00, 0x00, 0x00,
	0x00, 0x00, 0x00, 0x00, 0x00, 0x00, 0x00, 0x00, 0x00, 0x00, 0x00, 0x00,
	0x00, 0x00, 0x00, 0x00, 0x00, 0x00, 0x00, 0x00, 0x00, 0x00, 0x00, 0x00,
	0x00, 0x00, 0x00, 0x00, 0x00, 0x00, 0x00, 0x00, 0x00, 0x00, 0x00, 0x00,
	0x00, 0x00, 0x00, 0x00, 0x00, 0x00, 0x00, 0x00, 0x00, 0x00, 0x00, 0x00,
	0x00, 0x00, 0x00, 0x00, 0x00, 0x00, 0x00, 0x00, 0x00, 0x00, 0x00, 0x00,
	0x00, 0x00, 0x00, 0x00, 0x00, 0x00, 0x00, 0x00, 0x00, 0x00, 0x00, 0x00,
	0x00, 0x00, 0x00, 0x00, 0x00, 0x00, 0x00, 0x00, 0x00, 0x00, 0x00, 0x00,
	0x00, 0x00, 0x00, 0x00, 0x00, 0x00, 0x00, 0x00, 0x00, 0x00, 0x00, 0x00,
	0x00, 0x00, 0x00, 0x00, 0x00, 0x00, 0x00, 0x00, 0x00, 0x00, 0x00, 0x00,
	0x00, 0x00, 0x00, 0x00, 0x00, 0x00, 0x00, 0x00, 0x00, 0x00, 0x00, 0x00,
	0x00, 0x00, 0x00, 0x00, 0x00, 0x00, 0x00, 0x00, 0x00, 0x00, 0x00, 0x00,
	0x00, 0x00, 0x00, 0x00, 0x00, 0x00, 0x00, 0x00, 0x00, 0x00, 0x00, 0x00,
	0x00, 0x00, 0x00, 0x00, 0x00, 0x00, 0x00, 0x00, 0x00, 0x00, 0x00, 0x00,
	0x00, 0x00, 0x00, 0x00, 0x00, 0x00, 0x00, 0x00, 0x00, 0x00, 0x00, 0x00,
	0x00, 0x00, 0x00, 0x00, 0x00, 0x00, 0x00, 0x00, 0x00, 0x00, 0x00, 0x00,
	0x00, 0x00, 0x00, 0x00, 0x00, 0x00, 0x00, 0x00, 0x00, 0x00, 0x00, 0x00,
	0x00, 0x00, 0x00, 0x00, 0x00, 0x00, 0x00, 0x00, 0x00, 0x00, 0x00, 0x00,
	0x00, 0x00, 0x00, 0x00, 0x00, 0x00, 0x00, 0x00, 0x00, 0x00, 0x00, 0x00,
	0x00, 0x00, 0x00, 0x00, 0x00, 0x00, 0x00, 0x00, 0x00, 0x00, 0x00, 0x00,
	0x00, 0x00, 0x00, 0x00, 0x00, 0x00, 0x00, 0x00, 0x00, 0x00, 0x00, 0x00,
	0x00, 0x00, 0x00, 0x00, 0x00, 0x00, 0x00, 0x00, 0x00, 0x00, 0x00, 0x00,
	0x00, 0x00, 0x00, 0x00, 0x00, 0x00, 0x00, 0x00, 0x00, 0x00, 0x00, 0x00,
	0x00, 0x00, 0x00, 0x00, 0x00, 0x00, 0x00, 0x00, 0x00, 0x00, 0x00, 0x00,
	0x00, 0x00, 0x00, 0x00, 0x00, 0x00, 0x00, 0x00, 0x00, 0x00, 0x00, 0x00,
	0x00, 0x00, 0x00, 0x00, 0x00, 0x00, 0x00, 0x00, 0x00, 0x00, 0x00, 0x00,
	0x00, 0x00, 0x00, 0x00, 0x00, 0x00, 0x00, 0x00, 0x00, 0x00, 0x00, 0x00,
	0x00, 0x00, 0x00, 0x00, 0x00, 0x00, 0x00, 0x00, 0x00, 0x00, 0x00, 0x00,
	0x00, 0x00, 0x00, 0x00, 0x00, 0x00, 0x00, 0x00, 0x00, 0x00, 0x00, 0x00,
	0x00, 0x00, 0x00, 0x00, 0x00, 0x00, 0x00, 0x00, 0x00, 0x00, 0x00, 0x00,
	0x00, 0x00, 0x00, 0x00, 0x00, 0x00, 0x00, 0x00, 0x00, 0x00, 0x00, 0x00,
	0x00, 0x00, 0x00, 0x00, 0x00, 0x00, 0x00, 0x00, 0x00, 0x00, 0x00, 0x00,
	0x00, 0x00, 0x00, 0x00, 0x00, 0x00, 0x00, 0x00, 0x00, 0x00, 0x00, 0x00,
	0x00, 0x00, 0x00, 0x00, 0x00, 0x00, 0x00, 0x00, 0x00, 0x00, 0x00, 0x00,
	0x00, 0x00, 0x00, 0x00, 0x00, 0x00, 0x00, 0x00, 0x00, 0x00, 0x00, 0x00,
	0x00, 0x00, 0x00, 0x00, 0x00, 0x00, 0x00, 0x00, 0x00, 0x00, 0x00, 0x00,
	0x00, 0x00, 0x00, 0x00, 0x00, 0x00, 0x00, 0x00, 0x00, 0x00, 0x00, 0x00,
	0x00, 0x00, 0x00, 0x00, 0x00, 0x00, 0x00, 0x00, 0x00, 0x00, 0x00, 0x00,
	0x00, 0x00, 0x00, 0x00, 0x00, 0x00, 0x00, 0x00, 0x00, 0x00, 0x00, 0x00,
	0x00, 0x00, 0x00, 0x00, 0x00, 0x00, 0x00, 0x00, 0x00, 0x00, 0x00, 0x00,
	0x00, 0x00, 0x00, 0x00, 0x00, 0x00, 0x00, 0x00, 0x00, 0x00, 0x00, 0x00,
	0x00, 0x00, 0x00, 0x00, 0x00, 0x00, 0x00, 0x00, 0x00, 0x00, 0x00, 0x00,
	0x00, 0x00, 0x00, 0x00, 0x00, 0x00, 0x00, 0x00, 0x00, 0x00, 0x00, 0x00,
	0x00, 0x00, 0x00, 0x00, 0x00, 0x00, 0x00, 0x00, 0x00, 0x00, 0x00, 0x00,
	0x00, 0x00, 0x00, 0x00, 0x00, 0x00, 0x00, 0x00, 0x00, 0x00, 0x00, 0x00,
	0x00, 0x00, 0x00, 0x00, 0x00, 0x00, 0x00, 0x00, 0x00, 0x00, 0x00, 0x00,
	0x00, 0x00, 0x00, 0x00, 0x00, 0x00, 0x00, 0x00, 0x00, 0x00, 0x00, 0x00,
	0x00, 0x00, 0x00, 0x00, 0x00, 0x00, 0x00, 0x00, 0x00, 0x00, 0x00, 0x00,
	0x00, 0x00, 0x00, 0x00, 0x00, 0x00, 0x00, 0x00, 0x00, 0x00, 0x00, 0x00,
	0x00, 0x00, 0x00, 0x00, 0x00, 0x00, 0x00, 0x00, 0x00, 0x00, 0x00, 0x00,
	0x00, 0x00, 0x00, 0x00, 0x00, 0x00, 0x00, 0x00, 0x00, 0x00, 0x00, 0x00,
	0x00, 0x00, 0x00, 0x00, 0x00, 0x00, 0x00, 0x00, 0x00, 0x00, 0x00, 0x00,
	0x00, 0x00, 0x00, 0x00, 0x00, 0x00, 0x00, 0x00, 0x00, 0x00, 0x00, 0x00,
	0x00, 0x00, 0x00, 0x00, 0x00, 0x00, 0x00, 0x00, 0x00, 0x00, 0x00, 0x00,
	0x00, 0x00, 0x00, 0x00, 0x00, 0x00, 0x00, 0x00, 0x00, 0x00, 0x00, 0x00,
	0x00, 0x00, 0x00, 0x00, 0x00, 0x00, 0x00, 0x00, 0x00, 0x00, 0x00, 0x00,
	0x00, 0x00, 0x00, 0x00, 0x00, 0x00, 0x00, 0x00, 0x00, 0x00, 0x00, 0x00,
	0x00, 0x00, 0x00, 0x00, 0x00, 0x00, 0x00, 0x00, 0x00, 0x00, 0x00, 0x00,
	0x00, 0x00, 0x00, 0x00, 0x00, 0x00, 0x00, 0x00, 0x00, 0x00, 0x00, 0x00,
	0x00, 0x00, 0x00, 0x00, 0x00, 0x00, 0x00, 0x00, 0x00, 0x00, 0x00, 0x00,
	0x00, 0x00, 0x00, 0x00, 0x00, 0x00, 0x00, 0x00, 0x00, 0x00, 0x00, 0x00,
	0x00, 0x00, 0x00, 0x00, 0x00, 0x00, 0x00, 0x00, 0x00, 0x00, 0x00, 0x00,
	0x00, 0x00, 0x00, 0x00, 0x00, 0x00, 0x00, 0x00, 0x00, 0x00, 0x00, 0x00,
	0x00, 0x00, 0x00, 0x00, 0x00, 0x00, 0x00, 0x00, 0x00, 0x00, 0x00, 0x00,
	0x00, 0x00, 0x00, 0x00, 0x00, 0x00, 0x00, 0x00, 0x00, 0x00, 0x00, 0x00,
	0x00, 0x00, 0x00, 0x00, 0x00, 0x00, 0x00, 0x00, 0x00, 0x00, 0x00, 0x00,
	0x00, 0x00, 0x00, 0x00, 0x00, 0x00, 0x00, 0x00, 0x00, 0x00, 0x00, 0x00,
	0x00, 0x00, 0x00, 0x00, 0x00, 0x00, 0x00, 0x00, 0x00, 0x00, 0x00, 0x00,
	0x00, 0x00, 0x00, 0x00, 0x00, 0x00, 0x00, 0x00, 0x00, 0x00, 0x00, 0x00,
	0x00, 0x00, 0x00, 0x00, 0x00, 0x00, 0x00, 0x00, 0x00, 0x00, 0x00, 0x00,
	0x00, 0x00, 0x00, 0x00, 0x00, 0x00, 0x00, 0x00, 0x00, 0x00, 0x00, 0x00,
	0x00, 0x00, 0x00, 0x00, 0x00, 0x00, 0x00, 0x00, 0x00, 0x00, 0x00, 0x00,
	0x00, 0x00, 0x00, 0x18, 0x26, 0x00, 0x00, 0x00, 0x02, 0x02, 0x00, 0x30,
	0x82, 0x26, 0x08, 0x06, 0x09, 0x2A, 0x86, 0x48, 0x86, 0xF7, 0x0D, 0x01,
	0x07, 0x02, 0xA0, 0x82, 0x25, 0xF9, 0x30, 0x82, 0x25, 0xF5, 0x02, 0x01,
	0x01, 0x31, 0x0F, 0x30, 0x0D, 0x06, 0x09, 0x60, 0x86, 0x48, 0x01, 0x65,
	0x03, 0x04, 0x02, 0x01, 0x05, 0x00, 0x30, 0x5C, 0x06, 0x0A, 0x2B, 0x06,
	0x01, 0x04, 0x01, 0x82, 0x37, 0x02, 0x01, 0x04, 0xA0, 0x4E, 0x30, 0x4C,
	0x30, 0x17, 0x06, 0x0A, 0x2B, 0x06, 0x01, 0x04, 0x01, 0x82, 0x37, 0x02,
	0x01, 0x0F, 0x30, 0x09, 0x03, 0x01, 0x00, 0xA0, 0x04, 0xA2, 0x02, 0x80,
	0x00, 0x30, 0x31, 0x30, 0x0D, 0x06, 0x09, 0x60, 0x86, 0x48, 0x01, 0x65,
	0x03, 0x04, 0x02, 0x01, 0x05, 0x00, 0x04, 0x20, 0xDF, 0xC2, 0xFC, 0xF4,
	0x74, 0xEE, 0xA5, 0x70, 0xA7, 0xEA, 0xD8, 0xB3, 0xDB, 0x2E, 0x43, 0x07,
	0x94, 0x08, 0xCB, 0xA3, 0x38, 0x96, 0xC4, 0x1E, 0x3B, 0x34, 0x53, 0xA3,
	0x65, 0xB2, 0xCD, 0xEE, 0xA0, 0x82, 0x0A, 0xE8, 0x30, 0x82, 0x05, 0x09,
	0x30, 0x82, 0x03, 0xF1, 0xA0, 0x03, 0x02, 0x01, 0x02, 0x02, 0x13, 0x33,
	0x00, 0x00, 0x05, 0x9A, 0x57, 0x99, 0xD4, 0x1E, 0xE6, 0x32, 0x2D, 0x2E,
	0x00, 0x00, 0x00, 0x00, 0x05, 0x9A, 0x30, 0x0D, 0x06, 0x09, 0x2A, 0x86,
	0x48, 0x86, 0xF7, 0x0D, 0x01, 0x01, 0x0B, 0x05, 0x00, 0x30, 0x81, 0x84,
	0x31, 0x0B, 0x30, 0x09, 0x06, 0x03, 0x55, 0x04, 0x06, 0x13, 0x02, 0x55,
	0x53, 0x31, 0x13, 0x30, 0x11, 0x06, 0x03, 0x55, 0x04, 0x08, 0x13, 0x0A,
	0x57, 0x61, 0x73, 0x68, 0x69, 0x6E, 0x67, 0x74, 0x6F, 0x6E, 0x31, 0x10,
	0x30, 0x0E, 0x06, 0x03, 0x55, 0x04, 0x07, 0x13, 0x07, 0x52, 0x65, 0x64,
	0x6D, 0x6F, 0x6E, 0x64, 0x31, 0x1E, 0x30, 0x1C, 0x06, 0x03, 0x55, 0x04,
	0x0A, 0x13, 0x15, 0x4D, 0x69, 0x63, 0x72, 0x6F, 0x73, 0x6F, 0x66, 0x74,
	0x20, 0x43, 0x6F, 0x72, 0x70, 0x6F, 0x72, 0x61, 0x74, 0x69, 0x6F, 0x6E,
	0x31, 0x2E, 0x30, 0x2C, 0x06, 0x03, 0x55, 0x04, 0x03, 0x13, 0x25, 0x4D,
	0x69, 0x63, 0x72, 0x6F, 0x73, 0x6F, 0x66, 0x74, 0x20, 0x57, 0x69, 0x6E,
	0x64, 0x6F, 0x77, 0x73, 0x20, 0x50, 0x72, 0x6F, 0x64, 0x75, 0x63, 0x74,
	0x69, 0x6F, 0x6E, 0x20, 0x50, 0x43, 0x41, 0x20, 0x32, 0x30, 0x31, 0x31,
	0x30, 0x1E, 0x17, 0x0D, 0x32, 0x36, 0x30, 0x34, 0x31, 0x36, 0x31, 0x39,
	0x30, 0x39, 0x31, 0x35, 0x5A, 0x17, 0x0D, 0x32, 0x36, 0x31, 0x30, 0x31,
	0x37, 0x31, 0x39, 0x30, 0x39, 0x31, 0x35, 0x5A, 0x30, 0x70, 0x31, 0x0B,
	0x30, 0x09, 0x06, 0x03, 0x55, 0x04, 0x06, 0x13, 0x02, 0x55, 0x53, 0x31,
	0x13, 0x30, 0x11, 0x06, 0x03, 0x55, 0x04, 0x08, 0x13, 0x0A, 0x57, 0x61,
	0x73, 0x68, 0x69, 0x6E, 0x67, 0x74, 0x6F, 0x6E, 0x31, 0x10, 0x30, 0x0E,
	0x06, 0x03, 0x55, 0x04, 0x07, 0x13, 0x07, 0x52, 0x65, 0x64, 0x6D, 0x6F,
	0x6E, 0x64, 0x31, 0x1E, 0x30, 0x1C, 0x06, 0x03, 0x55, 0x04, 0x0A, 0x13,
	0x15, 0x4D, 0x69, 0x63, 0x72, 0x6F, 0x73, 0x6F, 0x66, 0x74, 0x20, 0x43,
	0x6F, 0x72, 0x70, 0x6F, 0x72, 0x61, 0x74, 0x69, 0x6F, 0x6E, 0x31, 0x1A,
	0x30, 0x18, 0x06, 0x03, 0x55, 0x04, 0x03, 0x13, 0x11, 0x4D, 0x69, 0x63,
	0x72, 0x6F, 0x73, 0x6F, 0x66, 0x74, 0x20, 0x57, 0x69, 0x6E, 0x64, 0x6F,
	0x77, 0x73, 0x30, 0x82, 0x01, 0x22, 0x30, 0x0D, 0x06, 0x09, 0x2A, 0x86,
	0x48, 0x86, 0xF7, 0x0D, 0x01, 0x01, 0x01, 0x05, 0x00, 0x03, 0x82, 0x01,
	0x0F, 0x00, 0x30, 0x82, 0x01, 0x0A, 0x02, 0x82, 0x01, 0x01, 0x00, 0xD6,
	0xA5, 0xE8, 0x18, 0x6D, 0x6C, 0x46, 0x00, 0xD2, 0xE8, 0xFC, 0x4F, 0x25,
	0xA6, 0xB2, 0xE6, 0x46, 0x93, 0x6B, 0xE8, 0xDD, 0xFD, 0x9C, 0x51, 0xF1,
	0x2E, 0xF9, 0x7F, 0x48, 0x18, 0xF2, 0x42, 0x89, 0xAD, 0xF0, 0x9D, 0x30,
	0xC2, 0x0C, 0xA1, 0x0A, 0x7C, 0xE1, 0xB8, 0xA2, 0xEB, 0x7C, 0xE7, 0x39,
	0x62, 0x34, 0xFE, 0x77, 0xDB, 0xA4, 0xED, 0x9D, 0xDE, 0x63, 0x63, 0xEC,
	0x95, 0x7F, 0xEA, 0xC0, 0x5D, 0x51, 0xF9, 0xF5, 0x80, 0xB7, 0x40, 0x7E,
	0x82, 0x24, 0x09, 0xEA, 0xEF, 0x04, 0xE2, 0x42, 0xE1, 0xD8, 0x68, 0x6E,
	0xA8, 0x06, 0x4B, 0x1F, 0x89, 0x8C, 0x0E, 0x8D, 0xBA, 0x75, 0xFA, 0xAA,
	0xE2, 0x44, 0xE6, 0x40, 0x2B, 0x63, 0xDE, 0x2C, 0x91, 0x69, 0x41, 0xA8,
	0x2C, 0x61, 0xAD, 0xB7, 0x81, 0xDF, 0xE6, 0x99, 0x9E, 0x93, 0x42, 0x80,
	0xFE, 0xCA, 0x0D, 0x4B, 0x32, 0xD8, 0x9F, 0x89, 0x9F, 0x26, 0x18, 0x9E,
	0xF1, 0xCE, 0x3F, 0x0A, 0xCC, 0xA1, 0x8C, 0x4D, 0xCB, 0xC3, 0x7E, 0x3B,
	0x61, 0x78, 0x15, 0x8F, 0x7C, 0x78, 0x54, 0xA0, 0x6E, 0x4A, 0x32, 0x1C,
	0x4C, 0xA1, 0xC5, 0x2B, 0x96, 0x9F, 0x95, 0xBA, 0x38, 0xA3, 0xBA, 0xE0,
	0xDC, 0x9E, 0x1F, 0x9C, 0x2D, 0x1D, 0xFF, 0xD6, 0x41, 0xA5, 0x47, 0xFC,
	0x54, 0x2A, 0xAB, 0x16, 0x96, 0x9F, 0x53, 0x33, 0xA5, 0x3C, 0xEE, 0x3A,
	0x43, 0xDD, 0xA8, 0xA5, 0x23, 0x9E, 0x36, 0x4A, 0xB6, 0x38, 0xAF, 0x6F,
	0x75, 0xF0, 0x2C, 0x62, 0x15, 0x4F, 0xB4, 0x6C, 0xAC, 0xB8, 0x4B, 0x26,
	0x1B, 0x8F, 0x2A, 0x26, 0x0B, 0x6E, 0x8C, 0xA8, 0x60, 0xFB, 0xEA, 0xFE,
	0xEE, 0x7C, 0x35, 0x4D, 0x60, 0x13, 0x78, 0x8B, 0x1F, 0x4F, 0x20, 0x91,
	0x5E, 0xF0, 0x55, 0x29, 0xB3, 0xBB, 0x73, 0xFE, 0xDB, 0xBF, 0x13, 0x9D,
	0xEC, 0xFB, 0x09, 0x02, 0x03, 0x01, 0x00, 0x01, 0xA3, 0x82, 0x01, 0x85,
	0x30, 0x82, 0x01, 0x81, 0x30, 0x1F, 0x06, 0x03, 0x55, 0x1D, 0x25, 0x04,
	0x18, 0x30, 0x16, 0x06, 0x0A, 0x2B, 0x06, 0x01, 0x04, 0x01, 0x82, 0x37,
	0x0A, 0x03, 0x06, 0x06, 0x08, 0x2B, 0x06, 0x01, 0x05, 0x05, 0x07, 0x03,
	0x03, 0x30, 0x1D, 0x06, 0x03, 0x55, 0x1D, 0x0E, 0x04, 0x16, 0x04, 0x14,
	0x83, 0x60, 0x5C, 0x9E, 0x36, 0xF3, 0xCF, 0xA7, 0x34, 0xC0, 0x12, 0xCA,
	0x68, 0xB3, 0x4E, 0x24, 0xE8, 0xA9, 0x6F, 0x2A, 0x30, 0x54, 0x06, 0x03,
	0x55, 0x1D, 0x11, 0x04, 0x4D, 0x30, 0x4B, 0xA4, 0x49, 0x30, 0x47, 0x31,
	0x2D, 0x30, 0x2B, 0x06, 0x03, 0x55, 0x04, 0x0B, 0x13, 0x24, 0x4D, 0x69,
	0x63, 0x72, 0x6F, 0x73, 0x6F, 0x66, 0x74, 0x20, 0x49, 0x72, 0x65, 0x6C,
	0x61, 0x6E, 0x64, 0x20, 0x4F, 0x70, 0x65, 0x72, 0x61, 0x74, 0x69, 0x6F,
	0x6E, 0x73, 0x20, 0x4C, 0x69, 0x6D, 0x69, 0x74, 0x65, 0x64, 0x31, 0x16,
	0x30, 0x14, 0x06, 0x03, 0x55, 0x04, 0x05, 0x13, 0x0D, 0x32, 0x32, 0x39,
	0x38, 0x37, 0x39, 0x2B, 0x35, 0x30, 0x37, 0x35, 0x31, 0x32, 0x30, 0x1F,
	0x06, 0x03, 0x55, 0x1D, 0x23, 0x04, 0x18, 0x30, 0x16, 0x80, 0x14, 0xA9,
	0x29, 0x02, 0x39, 0x8E, 0x16, 0xC4, 0x97, 0x78, 0xCD, 0x90, 0xF9, 0x9E,
	0x4F, 0x9A, 0xE1, 0x7C, 0x55, 0xAF, 0x53, 0x30, 0x57, 0x06, 0x03, 0x55,
	0x1D, 0x1F, 0x04, 0x50, 0x30, 0x4E, 0x30, 0x4C, 0xA0, 0x4A, 0xA0, 0x48,
	0x86, 0x46, 0x68, 0x74, 0x74, 0x70, 0x3A, 0x2F, 0x2F, 0x77, 0x77, 0x77,
	0x2E, 0x6D, 0x69, 0x63, 0x72, 0x6F, 0x73, 0x6F, 0x66, 0x74, 0x2E, 0x63,
	0x6F, 0x6D, 0x2F, 0x70, 0x6B, 0x69, 0x6F, 0x70, 0x73, 0x2F, 0x63, 0x72,
	0x6C, 0x2F, 0x4D, 0x69, 0x63, 0x57, 0x69, 0x6E, 0x50, 0x72, 0x6F, 0x50,
	0x43, 0x41, 0x32, 0x30, 0x31, 0x31, 0x5F, 0x32, 0x30, 0x31, 0x31, 0x2D,
	0x31, 0x30, 0x2D, 0x31, 0x39, 0x2E, 0x63, 0x72, 0x6C, 0x25, 0x32, 0x30,
	0x30, 0x61, 0x06, 0x08, 0x2B, 0x06, 0x01, 0x05, 0x05, 0x07, 0x01, 0x01,
	0x04, 0x55, 0x30, 0x53, 0x30, 0x51, 0x06, 0x08, 0x2B, 0x06, 0x01, 0x05,
	0x05, 0x07, 0x30, 0x02, 0x86, 0x45, 0x68, 0x74, 0x74, 0x70, 0x3A, 0x2F,
	0x2F, 0x77, 0x77, 0x77, 0x2E, 0x6D, 0x69, 0x63, 0x72, 0x6F, 0x73, 0x6F,
	0x66, 0x74, 0x2E, 0x63, 0x6F, 0x6D, 0x2F, 0x70, 0x6B, 0x69, 0x6F, 0x70,
	0x73, 0x2F, 0x63, 0x65, 0x72, 0x74, 0x73, 0x2F, 0x4D, 0x69, 0x63, 0x57,
	0x69, 0x6E, 0x50, 0x72, 0x6F, 0x50, 0x43, 0x41, 0x32, 0x30, 0x31, 0x31,
	0x5F, 0x32, 0x30, 0x31, 0x31, 0x2D, 0x31, 0x30, 0x2D, 0x31, 0x39, 0x2E,
	0x63, 0x72, 0x74, 0x30, 0x0C, 0x06, 0x03, 0x55, 0x1D, 0x13, 0x01, 0x01,
	0xFF, 0x04, 0x02, 0x30, 0x00, 0x30, 0x0D, 0x06, 0x09, 0x2A, 0x86, 0x48,
	0x86, 0xF7, 0x0D, 0x01, 0x01, 0x0B, 0x05, 0x00, 0x03, 0x82, 0x01, 0x01,
	0x00, 0xB9, 0x52, 0x86, 0x83, 0x3E, 0xBF, 0x9E, 0xE1, 0x71, 0x3B, 0x2F,
	0x0A, 0x57, 0xFE, 0x4D, 0x39, 0x1D, 0x35, 0x03, 0x73, 0xF8, 0x0A, 0xC5,
	0x71, 0x39, 0x08, 0xC3, 0x12, 0x01, 0xBD, 0x19, 0xC1, 0x98, 0x56, 0xF2,
	0xA1, 0xDE, 0x8F, 0x12, 0x91, 0x25, 0xC1, 0xA2, 0xBE, 0x79, 0xF3, 0xAA,
	0x89, 0x06, 0x9E, 0x7B, 0x97, 0xCF, 0x30, 0x4C, 0x25, 0xF3, 0x33, 0x65,
	0x5F, 0x93, 0x1A, 0x31, 0x32, 0x45, 0xF5, 0x38, 0x3B, 0x4D, 0x78, 0xCD,
	0x0B, 0x14, 0xB7, 0xF7, 0x3B, 0x48, 0x42, 0x2F, 0xF0, 0xE4, 0x9E, 0xFE,
	0x79, 0x9D, 0x1F, 0x99, 0xF6, 0xB3, 0xE4, 0xC0, 0x99, 0x39, 0x00, 0xF7,
	0xC1, 0x2D, 0xB2, 0x79, 0x55, 0xAB, 0x7D, 0x6C, 0x54, 0xF2, 0xE9, 0xAB,
	0xEA, 0x57, 0x90, 0xAA, 0xFF, 0x9A, 0x74, 0x2C, 0x5C, 0x08, 0x0C, 0x03,
	0x9F, 0x0B, 0xD8, 0x72, 0x27, 0x06, 0x05, 0x7F, 0x0F, 0x44, 0xB4, 0x17,
	0x69, 0xBA, 0x1A, 0x05, 0x9D, 0xBA, 0x59, 0xE9, 0xD1, 0xA0, 0xDB, 0x86,
	0x38, 0x0D, 0xAA, 0x70, 0x05, 0x3C, 0x3A, 0xE1, 0xD8, 0x4E, 0x62, 0x43,
	0xE9, 0x18, 0x80, 0x38, 0x05, 0x8E, 0x3C, 0x69, 0x12, 0x9D, 0xDE, 0xE1,
	0x8A, 0x67, 0xAD, 0xA5, 0xDF, 0x4E, 0x0F, 0x3F, 0x10, 0x3D, 0x4E, 0x7D,
	0x0C, 0xC7, 0x69, 0x18, 0x3B, 0xF4, 0x73, 0xC7, 0x36, 0xEE, 0xBF, 0x95,
	0x77, 0x6A, 0x71, 0x6C, 0x03, 0x60, 0xDF, 0xF7, 0x9A, 0x34, 0xDD, 0x24,
	0x85, 0xE2, 0xD5, 0xEA, 0xE1, 0x28, 0x74, 0x85, 0x8C, 0x55, 0xDF, 0x76,
	0x4D, 0x62, 0xB9, 0x9F, 0x7D, 0xD1, 0x15, 0x45, 0x77, 0x54, 0x43, 0xF6,
	0xB0, 0xE7, 0xEE, 0x56, 0xCF, 0x58, 0x2B, 0x6C, 0x17, 0x73, 0x5C, 0xF9,
	0xB8, 0xB0, 0xDF, 0x79, 0xCF, 0x86, 0x00, 0x2C, 0x0E, 0x81, 0xC3, 0x35,
	0x72, 0x2A, 0xB3, 0x80, 0xFA, 0x30, 0x82, 0x05, 0xD7, 0x30, 0x82, 0x03,
	0xBF, 0xA0, 0x03, 0x02, 0x01, 0x02, 0x02, 0x0A, 0x61, 0x07, 0x76, 0x56,
	0x00, 0x00, 0x00, 0x00, 0x00, 0x08, 0x30, 0x0D, 0x06, 0x09, 0x2A, 0x86,
	0x48, 0x86, 0xF7, 0x0D, 0x01, 0x01, 0x0B, 0x05, 0x00, 0x30, 0x81, 0x88,
	0x31, 0x0B, 0x30, 0x09, 0x06, 0x03, 0x55, 0x04, 0x06, 0x13, 0x02, 0x55,
	0x53, 0x31, 0x13, 0x30, 0x11, 0x06, 0x03, 0x55, 0x04, 0x08, 0x13, 0x0A,
	0x57, 0x61, 0x73, 0x68, 0x69, 0x6E, 0x67, 0x74, 0x6F, 0x6E, 0x31, 0x10,
	0x30, 0x0E, 0x06, 0x03, 0x55, 0x04, 0x07, 0x13, 0x07, 0x52, 0x65, 0x64,
	0x6D, 0x6F, 0x6E, 0x64, 0x31, 0x1E, 0x30, 0x1C, 0x06, 0x03, 0x55, 0x04,
	0x0A, 0x13, 0x15, 0x4D, 0x69, 0x63, 0x72, 0x6F, 0x73, 0x6F, 0x66, 0x74,
	0x20, 0x43, 0x6F, 0x72, 0x70, 0x6F, 0x72, 0x61, 0x74, 0x69, 0x6F, 0x6E,
	0x31, 0x32, 0x30, 0x30, 0x06, 0x03, 0x55, 0x04, 0x03, 0x13, 0x29, 0x4D,
	0x69, 0x63, 0x72, 0x6F, 0x73, 0x6F, 0x66, 0x74, 0x20, 0x52, 0x6F, 0x6F,
	0x74, 0x20, 0x43, 0x65, 0x72, 0x74, 0x69, 0x66, 0x69, 0x63, 0x61, 0x74,
	0x65, 0x20, 0x41, 0x75, 0x74, 0x68, 0x6F, 0x72, 0x69, 0x74, 0x79, 0x20,
	0x32, 0x30, 0x31, 0x30, 0x30, 0x1E, 0x17, 0x0D, 0x31, 0x31, 0x31, 0x30,
	0x31, 0x39, 0x31, 0x38, 0x34, 0x31, 0x34, 0x32, 0x5A, 0x17, 0x0D, 0x32,
	0x36, 0x31, 0x30, 0x31, 0x39, 0x31, 0x38, 0x35, 0x31, 0x34, 0x32, 0x5A,
	0x30, 0x81, 0x84, 0x31, 0x0B, 0x30, 0x09, 0x06, 0x03, 0x55, 0x04, 0x06,
	0x13, 0x02, 0x55, 0x53, 0x31, 0x13, 0x30, 0x11, 0x06, 0x03, 0x55, 0x04,
	0x08, 0x13, 0x0A, 0x57, 0x61, 0x73, 0x68, 0x69, 0x6E, 0x67, 0x74, 0x6F,
	0x6E, 0x31, 0x10, 0x30, 0x0E, 0x06, 0x03, 0x55, 0x04, 0x07, 0x13, 0x07,
	0x52, 0x65, 0x64, 0x6D, 0x6F, 0x6E, 0x64, 0x31, 0x1E, 0x30, 0x1C, 0x06,
	0x03, 0x55, 0x04, 0x0A, 0x13, 0x15, 0x4D, 0x69, 0x63, 0x72, 0x6F, 0x73,
	0x6F, 0x66, 0x74, 0x20, 0x43, 0x6F, 0x72, 0x70, 0x6F, 0x72, 0x61, 0x74,
	0x69, 0x6F, 0x6E, 0x31, 0x2E, 0x30, 0x2C, 0x06, 0x03, 0x55, 0x04, 0x03,
	0x13, 0x25, 0x4D, 0x69, 0x63, 0x72, 0x6F, 0x73, 0x6F, 0x66, 0x74, 0x20,
	0x57, 0x69, 0x6E, 0x64, 0x6F, 0x77, 0x73, 0x20, 0x50, 0x72, 0x6F, 0x64,
	0x75, 0x63, 0x74, 0x69, 0x6F, 0x6E, 0x20, 0x50, 0x43, 0x41, 0x20, 0x32,
	0x30, 0x31, 0x31, 0x30, 0x82, 0x01, 0x22, 0x30, 0x0D, 0x06, 0x09, 0x2A,
	0x86, 0x48, 0x86, 0xF7, 0x0D, 0x01, 0x01, 0x01, 0x05, 0x00, 0x03, 0x82,
	0x01, 0x0F, 0x00, 0x30, 0x82, 0x01, 0x0A, 0x02, 0x82, 0x01, 0x01, 0x00,
	0xDD, 0x0C, 0xBB, 0xA2, 0xE4, 0x2E, 0x09, 0xE3, 0xE7, 0xC5, 0xF7, 0x96,
	0x69, 0xBC, 0x00, 0x21, 0xBD, 0x69, 0x33, 0x33, 0xEF, 0xAD, 0x04, 0xCB,
	0x54, 0x80, 0xEE, 0x06, 0x83, 0xBB, 0xC5, 0x20, 0x84, 0xD9, 0xF7, 0xD2,
	0x8B, 0xF3, 0x38, 0xB0, 0xAB, 0xA4, 0xAD, 0x2D, 0x7C, 0x62, 0x79, 0x05,
	0xFF, 0xE3, 0x4A, 0x3F, 0x04, 0x35, 0x20, 0x70, 0xE3, 0xC4, 0xE7, 0x6B,
	0xE0, 0x9C, 0xC0, 0x36, 0x75, 0xE9, 0x8A, 0x31, 0xDD, 0x8D, 0x70, 0xE5,
	0xDC, 0x37, 0xB5, 0x74, 0x46, 0x96, 0x28, 0x5B, 0x87, 0x60, 0x23, 0x2C,
	0xBF, 0xDC, 0x47, 0xA5, 0x67, 0xF7, 0x51, 0x27, 0x9E, 0x72, 0xEB, 0x07,
	0xA6, 0xC9, 0xB9, 0x1E, 0x3B, 0x53, 0x35, 0x7C, 0xE5, 0xD3, 0xEC, 0x27,
	0xB9, 0x87, 0x1C, 0xFE, 0xB9, 0xC9, 0x23, 0x09, 0x6F, 0xA8, 0x46, 0x91,
	0xC1, 0x6E, 0x96, 0x3C, 0x41, 0xD3, 0xCB, 0xA3, 0x3F, 0x5D, 0x02, 0x6A,
	0x4D, 0xEC, 0x69, 0x1F, 0x25, 0x28, 0x5C, 0x36, 0xFF, 0xFD, 0x43, 0x15,
	0x0A, 0x94, 0xE0, 0x19, 0xB4, 0xCF, 0xDF, 0xC2, 0x12, 0xE2, 0xC2, 0x5B,
	0x27, 0xEE, 0x27, 0x78, 0x30, 0x8B, 0x5B, 0x2A, 0x09, 0x6B, 0x22, 0x89,
	0x53, 0x60, 0x16, 0x2C, 0xC0, 0x68, 0x1D, 0x53, 0xBA, 0xEC, 0x49, 0xF3,
	0x9D, 0x61, 0x8C, 0x85, 0x68, 0x09, 0x73, 0x44, 0x5D, 0x7D, 0xA2, 0x54,
	0x2B, 0xDD, 0x79, 0xF7, 0x15, 0xCF, 0x35, 0x5D, 0x6C, 0x1C, 0x2B, 0x5C,
	0xCE, 0xBC, 0x9C, 0x23, 0x8B, 0x6F, 0x6E, 0xB5, 0x26, 0xD9, 0x36, 0x13,
	0xC3, 0x4F, 0xD6, 0x27, 0xAE, 0xB9, 0x32, 0x3B, 0x41, 0x92, 0x2C, 0xE1,
	0xC7, 0xCD, 0x77, 0xE8, 0xAA, 0x54, 0x4E, 0xF7, 0x5C, 0x0B, 0x04, 0x87,
	0x65, 0xB4, 0x43, 0x18, 0xA8, 0xB2, 0xE0, 0x6D, 0x19, 0x77, 0xEC, 0x5A,
	0x24, 0xFA, 0x48, 0x03, 0x02, 0x03, 0x01, 0x00, 0x01, 0xA3, 0x82, 0x01,
	0x43, 0x30, 0x82, 0x01, 0x3F, 0x30, 0x10, 0x06, 0x09, 0x2B, 0x06, 0x01,
	0x04, 0x01, 0x82, 0x37, 0x15, 0x01, 0x04, 0x03, 0x02, 0x01, 0x00, 0x30,
	0x1D, 0x06, 0x03, 0x55, 0x1D, 0x0E, 0x04, 0x16, 0x04, 0x14, 0xA9, 0x29,
	0x02, 0x39, 0x8E, 0x16, 0xC4, 0x97, 0x78, 0xCD, 0x90, 0xF9, 0x9E, 0x4F,
	0x9A, 0xE1, 0x7C, 0x55, 0xAF, 0x53, 0x30, 0x19, 0x06, 0x09, 0x2B, 0x06,
	0x01, 0x04, 0x01, 0x82, 0x37, 0x14, 0x02, 0x04, 0x0C, 0x1E, 0x0A, 0x00,
	0x53, 0x00, 0x75, 0x00, 0x62, 0x00, 0x43, 0x00, 0x41, 0x30, 0x0B, 0x06,
	0x03, 0x55, 0x1D, 0x0F, 0x04, 0x04, 0x03, 0x02, 0x01, 0x86, 0x30, 0x0F,
	0x06, 0x03, 0x55, 0x1D, 0x13, 0x01, 0x01, 0xFF, 0x04, 0x05, 0x30, 0x03,
	0x01, 0x01, 0xFF, 0x30, 0x1F, 0x06, 0x03, 0x55, 0x1D, 0x23, 0x04, 0x18,
	0x30, 0x16, 0x80, 0x14, 0xD5, 0xF6, 0x56, 0xCB, 0x8F, 0xE8, 0xA2, 0x5C,
	0x62, 0x68, 0xD1, 0x3D, 0x94, 0x90, 0x5B, 0xD7, 0xCE, 0x9A, 0x18, 0xC4,
	0x30, 0x56, 0x06, 0x03, 0x55, 0x1D, 0x1F, 0x04, 0x4F, 0x30, 0x4D, 0x30,
	0x4B, 0xA0, 0x49, 0xA0, 0x47, 0x86, 0x45, 0x68, 0x74, 0x74, 0x70, 0x3A,
	0x2F, 0x2F, 0x63, 0x72, 0x6C, 0x2E, 0x6D, 0x69, 0x63, 0x72, 0x6F, 0x73,
	0x6F, 0x66, 0x74, 0x2E, 0x63, 0x6F, 0x6D, 0x2F, 0x70, 0x6B, 0x69, 0x2F,
	0x63, 0x72, 0x6C, 0x2F, 0x70, 0x72, 0x6F, 0x64, 0x75, 0x63, 0x74, 0x73,
	0x2F, 0x4D, 0x69, 0x63, 0x52, 0x6F, 0x6F, 0x43, 0x65, 0x72, 0x41, 0x75,
	0x74, 0x5F, 0x32, 0x30, 0x31, 0x30, 0x2D, 0x30, 0x36, 0x2D, 0x32, 0x33,
	0x2E, 0x63, 0x72, 0x6C, 0x30, 0x5A, 0x06, 0x08, 0x2B, 0x06, 0x01, 0x05,
	0x05, 0x07, 0x01, 0x01, 0x04, 0x4E, 0x30, 0x4C, 0x30, 0x4A, 0x06, 0x08,
	0x2B, 0x06, 0x01, 0x05, 0x05, 0x07, 0x30, 0x02, 0x86, 0x3E, 0x68, 0x74,
	0x74, 0x70, 0x3A, 0x2F, 0x2F, 0x77, 0x77, 0x77, 0x2E, 0x6D, 0x69, 0x63,
	0x72, 0x6F, 0x73, 0x6F, 0x66, 0x74, 0x2E, 0x63, 0x6F, 0x6D, 0x2F, 0x70,
	0x6B, 0x69, 0x2F, 0x63, 0x65, 0x72, 0x74, 0x73, 0x2F, 0x4D, 0x69, 0x63,
	0x52, 0x6F, 0x6F, 0x43, 0x65, 0x72, 0x41, 0x75, 0x74, 0x5F, 0x32, 0x30,
	0x31, 0x30, 0x2D, 0x30, 0x36, 0x2D, 0x32, 0x33, 0x2E, 0x63, 0x72, 0x74,
	0x30, 0x0D, 0x06, 0x09, 0x2A, 0x86, 0x48, 0x86, 0xF7, 0x0D, 0x01, 0x01,
	0x0B, 0x05, 0x00, 0x03, 0x82, 0x02, 0x01, 0x00, 0x14, 0xFC, 0x7C, 0x71,
	0x51, 0xA5, 0x79, 0xC2, 0x6E, 0xB2, 0xEF, 0x39, 0x3E, 0xBC, 0x3C, 0x52,
	0x0F, 0x6E, 0x2B, 0x3F, 0x10, 0x13, 0x73, 0xFE, 0xA8, 0x68, 0xD0, 0x48,
	0xA6, 0x34, 0x4D, 0x8A, 0x96, 0x05, 0x26, 0xEE, 0x31, 0x46, 0x90, 0x61,
	0x79, 0xD6, 0xFF, 0x38, 0x2E, 0x45, 0x6B, 0xF4, 0xC0, 0xE5, 0x28, 0xB8,
	0xDA, 0x1D, 0x8F, 0x8A, 0xDB, 0x09, 0xD7, 0x1A, 0xC7, 0x4C, 0x0A, 0x36,
	0x66, 0x6A, 0x8C, 0xEC, 0x1B, 0xD7, 0x04, 0x90, 0xA8, 0x18, 0x17, 0xA4,
	0x9B, 0xB9, 0xE2, 0x40, 0x32, 0x36, 0x76, 0xC4, 0xC1, 0x5A, 0xC6, 0xBF,
	0xE4, 0x04, 0xC0, 0xEA, 0x16, 0xD3, 0xAC, 0xC3, 0x68, 0xEF, 0x62, 0xAC,
	0xDD, 0x54, 0x6C, 0x50, 0x30, 0x58, 0xA6, 0xEB, 0x7C, 0xFE, 0x94, 0xA7,
	0x4E, 0x8E, 0xF4, 0xEC, 0x7C, 0x86, 0x73, 0x57, 0xC2, 0x52, 0x21, 0x73,
	0x34, 0x5A, 0xF3, 0xA3, 0x8A, 0x56, 0xC8, 0x04, 0xDA, 0x07, 0x09, 0xED,
	0xF8, 0x8B, 0xE3, 0xCE, 0xF4, 0x7E, 0x8E, 0xAE, 0xF0, 0xF6, 0x0B, 0x8A,
	0x08, 0xFB, 0x3F, 0xC9, 0x1D, 0x72, 0x7F, 0x53, 0xB8, 0xEB, 0xBE, 0x63,
	0xE0, 0xE3, 0x3D, 0x31, 0x65, 0xB0, 0x81, 0xE5, 0xF2, 0xAC, 0xCD, 0x16,
	0xA4, 0x9F, 0x3D, 0xA8, 0xB1, 0x9B, 0xC2, 0x42, 0xD0, 0x90, 0x84, 0x5F,
	0x54, 0x1D, 0xFF, 0x89, 0xEA, 0xBA, 0x1D, 0x47, 0x90, 0x6F, 0xB0, 0x73,
	0x4E, 0x41, 0x9F, 0x40, 0x9F, 0x5F, 0xE5, 0xA1, 0x2A, 0xB2, 0x11, 0x91,
	0x73, 0x8A, 0x21, 0x28, 0xF0, 0xCE, 0xDE, 0x73, 0x39, 0x5F, 0x3E, 0xAB,
	0x5C, 0x60, 0xEC, 0xDF, 0x03, 0x10, 0xA8, 0xD3, 0x09, 0xE9, 0xF4, 0xF6,
	0x96, 0x85, 0xB6, 0x7F, 0x51, 0x88, 0x66, 0x47, 0x19, 0x8D, 0xA2, 0xB0,
	0x12, 0x3D, 0x81, 0x2A, 0x68, 0x05, 0x77, 0xBB, 0x91, 0x4C, 0x62, 0x7B,
	0xB6, 0xC1, 0x07, 0xC7, 0xBA, 0x7A, 0x87, 0x34, 0x03, 0x0E, 0x4B, 0x62,
	0x7A, 0x99, 0xE9, 0xCA, 0xFC, 0xCE, 0x4A, 0x37, 0xC9, 0x2D, 0xA4, 0x57,
	0x7C, 0x1C, 0xFE, 0x3D, 0xDC, 0xB8, 0x0F, 0x5A, 0xFA, 0xD6, 0xC4, 0xB3,
	0x02, 0x85, 0x02, 0x3A, 0xEA, 0xB3, 0xD9, 0x6E, 0xE4, 0x69, 0x21, 0x37,
	0xDE, 0x81, 0xD1, 0xF6, 0x75, 0x19, 0x05, 0x67, 0xD3, 0x93, 0x57, 0x5E,
	0x29, 0x1B, 0x39, 0xC8, 0xEE, 0x2D, 0xE1, 0xCD, 0xE4, 0x45, 0x73, 0x5B,
	0xD0, 0xD2, 0xCE, 0x7A, 0xAB, 0x16, 0x19, 0x82, 0x46, 0x58, 0xD0, 0x5E,
	0x9D, 0x81, 0xB3, 0x67, 0xAF, 0x6C, 0x35, 0xF2, 0xBC, 0xE5, 0x3F, 0x24,
	0xE2, 0x35, 0xA2, 0x0A, 0x75, 0x06, 0xF6, 0x18, 0x56, 0x99, 0xD4, 0x78,
	0x2C, 0xD1, 0x05, 0x1B, 0xEB, 0xD0, 0x88, 0x01, 0x9D, 0xAA, 0x10, 0xF1,
	0x05, 0xDF, 0xBA, 0x7E, 0x2C, 0x63, 0xB7, 0x06, 0x9B, 0x23, 0x21, 0xC4,
	0xF9, 0x78, 0x6C, 0xE2, 0x58, 0x17, 0x06, 0x36, 0x2B, 0x91, 0x12, 0x03,
	0xCC, 0xA4, 0xD9, 0xF2, 0x2D, 0xBA, 0xF9, 0x94, 0x9D, 0x40, 0xED, 0x18,
	0x45, 0xF1, 0xCE, 0x8A, 0x5C, 0x6B, 0x3E, 0xAB, 0x03, 0xD3, 0x70, 0x18,
	0x2A, 0x0A, 0x6A, 0xE0, 0x5F, 0x47, 0xD1, 0xD5, 0x63, 0x0A, 0x32, 0xF2,
	0xAF, 0xD7, 0x36, 0x1F, 0x2A, 0x70, 0x5A, 0xE5, 0x42, 0x59, 0x08, 0x71,
	0x4B, 0x57, 0xBA, 0x7E, 0x83, 0x81, 0xF0, 0x21, 0x3C, 0xF4, 0x1C, 0xC1,
	0xC5, 0xB9, 0x90, 0x93, 0x0E, 0x88, 0x45, 0x93, 0x86, 0xE9, 0xB1, 0x20,
	0x99, 0xBE, 0x98, 0xCB, 0xC5, 0x95, 0xA4, 0x5D, 0x62, 0xD6, 0xA0, 0x63,
	0x08, 0x20, 0xBD, 0x75, 0x10, 0x77, 0x7D, 0x3D, 0xF3, 0x45, 0xB9, 0x9F,
	0x97, 0x9F, 0xCB, 0x57, 0x80, 0x6F, 0x33, 0xA9, 0x04, 0xCF, 0x77, 0xA4,
	0x62, 0x1C, 0x59, 0x7E, 0x31, 0x82, 0x1A, 0x93, 0x30, 0x82, 0x1A, 0x8F,
	0x02, 0x01, 0x01, 0x30, 0x81, 0x9C, 0x30, 0x81, 0x84, 0x31, 0x0B, 0x30,
	0x09, 0x06, 0x03, 0x55, 0x04, 0x06, 0x13, 0x02, 0x55, 0x53, 0x31, 0x13,
	0x30, 0x11, 0x06, 0x03, 0x55, 0x04, 0x08, 0x13, 0x0A, 0x57, 0x61, 0x73,
	0x68, 0x69, 0x6E, 0x67, 0x74, 0x6F, 0x6E, 0x31, 0x10, 0x30, 0x0E, 0x06,
	0x03, 0x55, 0x04, 0x07, 0x13, 0x07, 0x52, 0x65, 0x64, 0x6D, 0x6F, 0x6E,
	0x64, 0x31, 0x1E, 0x30, 0x1C, 0x06, 0x03, 0x55, 0x04, 0x0A, 0x13, 0x15,
	0x4D, 0x69, 0x63, 0x72, 0x6F, 0x73, 0x6F, 0x66, 0x74, 0x20, 0x43, 0x6F,
	0x72, 0x70, 0x6F, 0x72, 0x61, 0x74, 0x69, 0x6F, 0x6E, 0x31, 0x2E, 0x30,
	0x2C, 0x06, 0x03, 0x55, 0x04, 0x03, 0x13, 0x25, 0x4D, 0x69, 0x63, 0x72,
	0x6F, 0x73, 0x6F, 0x66, 0x74, 0x20, 0x57, 0x69, 0x6E, 0x64, 0x6F, 0x77,
	0x73, 0x20, 0x50, 0x72, 0x6F, 0x64, 0x75, 0x63, 0x74, 0x69, 0x6F, 0x6E,
	0x20, 0x50, 0x43, 0x41, 0x20, 0x32, 0x30, 0x31, 0x31, 0x02, 0x13, 0x33,
	0x00, 0x00, 0x05, 0x9A, 0x57, 0x99, 0xD4, 0x1E, 0xE6, 0x32, 0x2D, 0x2E,
	0x00, 0x00, 0x00, 0x00, 0x05, 0x9A, 0x30, 0x0D, 0x06, 0x09, 0x60, 0x86,
	0x48, 0x01, 0x65, 0x03, 0x04, 0x02, 0x01, 0x05, 0x00, 0xA0, 0x82, 0x01,
	0x18, 0x30, 0x19, 0x06, 0x09, 0x2A, 0x86, 0x48, 0x86, 0xF7, 0x0D, 0x01,
	0x09, 0x03, 0x31, 0x0C, 0x06, 0x0A, 0x2B, 0x06, 0x01, 0x04, 0x01, 0x82,
	0x37, 0x02, 0x01, 0x04, 0x30, 0x1C, 0x06, 0x0A, 0x2B, 0x06, 0x01, 0x04,
	0x01, 0x82, 0x37, 0x02, 0x01, 0x0B, 0x31, 0x0E, 0x30, 0x0C, 0x06, 0x0A,
	0x2B, 0x06, 0x01, 0x04, 0x01, 0x82, 0x37, 0x02, 0x01, 0x15, 0x30, 0x2F,
	0x06, 0x09, 0x2A, 0x86, 0x48, 0x86, 0xF7, 0x0D, 0x01, 0x09, 0x04, 0x31,
	0x22, 0x04, 0x20, 0x51, 0x22, 0x69, 0x03, 0x39, 0xAF, 0xED, 0x9E, 0x78,
	0x94, 0xB7, 0x18, 0x28, 0xE6, 0xAF, 0x96, 0xA4, 0x3B, 0xF1, 0xA7, 0x13,
	0xDF, 0x6D, 0x96, 0x6F, 0xB7, 0xCE, 0x48, 0x1F, 0xBC, 0xE2, 0xE7, 0x30,
	0x50, 0x06, 0x0A, 0x2B, 0x06, 0x01, 0x04, 0x01, 0x82, 0x37, 0x0A, 0x03,
	0x1C, 0x31, 0x42, 0x0C, 0x40, 0x42, 0x42, 0x33, 0x35, 0x37, 0x37, 0x41,
	0x33, 0x45, 0x36, 0x30, 0x38, 0x36, 0x43, 0x37, 0x32, 0x46, 0x44, 0x33,
	0x32, 0x34, 0x45, 0x44, 0x46, 0x38, 0x36, 0x33, 0x45, 0x45, 0x42, 0x41,
	0x31, 0x43, 0x44, 0x30, 0x39, 0x39, 0x32, 0x41, 0x44, 0x39, 0x32, 0x39,
	0x46, 0x39, 0x37, 0x41, 0x31, 0x35, 0x35, 0x30, 0x39, 0x41, 0x34, 0x34,
	0x45, 0x33, 0x35, 0x37, 0x36, 0x37, 0x39, 0x43, 0x32, 0x30, 0x5A, 0x06,
	0x0A, 0x2B, 0x06, 0x01, 0x04, 0x01, 0x82, 0x37, 0x02, 0x01, 0x0C, 0x31,
	0x4C, 0x30, 0x4A, 0xA0, 0x24, 0x80, 0x22, 0x00, 0x4D, 0x00, 0x69, 0x00,
	0x63, 0x00, 0x72, 0x00, 0x6F, 0x00, 0x73, 0x00, 0x6F, 0x00, 0x66, 0x00,
	0x74, 0x00, 0x20, 0x00, 0x57, 0x00, 0x69, 0x00, 0x6E, 0x00, 0x64, 0x00,
	0x6F, 0x00, 0x77, 0x00, 0x73, 0xA1, 0x22, 0x80, 0x20, 0x68, 0x74, 0x74,
	0x70, 0x3A, 0x2F, 0x2F, 0x77, 0x77, 0x77, 0x2E, 0x6D, 0x69, 0x63, 0x72,
	0x6F, 0x73, 0x6F, 0x66, 0x74, 0x2E, 0x63, 0x6F, 0x6D, 0x2F, 0x77, 0x69,
	0x6E, 0x64, 0x6F, 0x77, 0x73, 0x30, 0x0D, 0x06, 0x09, 0x2A, 0x86, 0x48,
	0x86, 0xF7, 0x0D, 0x01, 0x01, 0x01, 0x05, 0x00, 0x04, 0x82, 0x01, 0x00,
	0xC3, 0x44, 0xF8, 0xE3, 0xF3, 0xBA, 0xB8, 0x4C, 0xAA, 0xD5, 0x31, 0x82,
	0x27, 0x3B, 0x05, 0x93, 0x9E, 0xE0, 0xF6, 0x34, 0xFB, 0x60, 0x41, 0x00,
	0x0B, 0x24, 0x1D, 0x8B, 0x0D, 0xCE, 0x98, 0x2C, 0xA6, 0x76, 0xD9, 0x51,
	0x06, 0x72, 0x8F, 0x98, 0x3C, 0xBE, 0xB7, 0x07, 0x46, 0x00, 0x8B, 0x46,
	0x68, 0x69, 0x42, 0x16, 0xF2, 0x4F, 0x34, 0x64, 0xC6, 0x75, 0xAD, 0x9B,
	0x81, 0xAE, 0x75, 0xC3, 0xF8, 0x08, 0x8C, 0x13, 0xDE, 0x8B, 0x1F, 0x83,
	0xB8, 0x82, 0x44, 0x3A, 0x34, 0x9F, 0xBA, 0xE0, 0xA7, 0x7D, 0xAA, 0x7E,
	0x72, 0x05, 0xDC, 0x6F, 0x0C, 0xC6, 0x1B, 0x9D, 0x5B, 0x60, 0x03, 0x07,
	0xAF, 0x3C, 0xDC, 0x5E, 0xDC, 0x4C, 0x28, 0x06, 0x7A, 0xB6, 0x34, 0xF4,
	0xA4, 0x84, 0x1C, 0x68, 0x1C, 0x44, 0xE7, 0xB5, 0xC6, 0xC6, 0x02, 0x7F,
	0x1D, 0x5B, 0x02, 0xC6, 0x95, 0x64, 0xAC, 0xE9, 0xC0, 0xD5, 0xEE, 0xD4,
	0xD6, 0x73, 0x9C, 0xD2, 0xBA, 0xE0, 0x43, 0xC9, 0x77, 0xE3, 0x8F, 0xEE,
	0xE7, 0x43, 0xEC, 0x54, 0x21, 0x4B, 0x24, 0x45, 0xC3, 0x44, 0x7B, 0x3C,
	0x5E, 0x72, 0xC2, 0x0F, 0xF8, 0x1E, 0x87, 0xC6, 0xB9, 0x35, 0x04, 0xA4,
	0x15, 0x27, 0xD1, 0x47, 0x2E, 0x13, 0xAA, 0x04, 0x94, 0xF3, 0x1C, 0xB8,
	0xE1, 0xC6, 0x93, 0x61, 0x5B, 0x6C, 0xB6, 0xAB, 0x72, 0x70, 0xF5, 0x61,
	0xEA, 0x47, 0x26, 0x9F, 0x39, 0xC8, 0x39, 0x16, 0x89, 0xD2, 0x2F, 0x08,
	0x5B, 0xD4, 0x66, 0x95, 0x85, 0x3E, 0x81, 0xAF, 0x5F, 0x6F, 0x03, 0x96,
	0xC0, 0xCA, 0x30, 0xCC, 0xCD, 0x50, 0x5E, 0x2D, 0xE3, 0x4D, 0xBE, 0x95,
	0x69, 0x22, 0x3B, 0x27, 0x04, 0x34, 0xEF, 0xC0, 0xAA, 0xA3, 0x86, 0x97,
	0x48, 0x35, 0xF0, 0x0C, 0x24, 0x96, 0xA2, 0x2B, 0x88, 0x88, 0x3F, 0xBF,
	0x2D, 0x3B, 0xB9, 0xE0, 0xA1, 0x82, 0x17, 0xAB, 0x30, 0x82, 0x17, 0xA7,
	0x06, 0x0A, 0x2B, 0x06, 0x01, 0x04, 0x01, 0x82, 0x37, 0x03, 0x03, 0x01,
	0x31, 0x82, 0x17, 0x97, 0x30, 0x82, 0x17, 0x93, 0x06, 0x09, 0x2A, 0x86,
	0x48, 0x86, 0xF7, 0x0D, 0x01, 0x07, 0x02, 0xA0, 0x82, 0x17, 0x84, 0x30,
	0x82, 0x17, 0x80, 0x02, 0x01, 0x03, 0x31, 0x0F, 0x30, 0x0D, 0x06, 0x09,
	0x60, 0x86, 0x48, 0x01, 0x65, 0x03, 0x04, 0x02, 0x01, 0x05, 0x00, 0x30,
	0x82, 0x01, 0x59, 0x06, 0x0B, 0x2A, 0x86, 0x48, 0x86, 0xF7, 0x0D, 0x01,
	0x09, 0x10, 0x01, 0x04, 0xA0, 0x82, 0x01, 0x48, 0x04, 0x82, 0x01, 0x44,
	0x30, 0x82, 0x01, 0x40, 0x02, 0x01, 0x01, 0x06, 0x0A, 0x2B, 0x06, 0x01,
	0x04, 0x01, 0x84, 0x59, 0x0A, 0x03, 0x01, 0x30, 0x31, 0x30, 0x0D, 0x06,
	0x09, 0x60, 0x86, 0x48, 0x01, 0x65, 0x03, 0x04, 0x02, 0x01, 0x05, 0x00,
	0x04, 0x20, 0x92, 0xE4, 0xDC, 0x84, 0x88, 0x6E, 0x9A, 0xD0, 0x12, 0x1E,
	0x2F, 0xEB, 0xA5, 0xF6, 0x0B, 0x2A, 0x7A, 0x40, 0xB3, 0x9D, 0x6F, 0x59,
	0xCA, 0xEA, 0xCB, 0x05, 0x51, 0xAC, 0xE7, 0x33, 0xA4, 0xDC, 0x02, 0x06,
	0x6A, 0x11, 0x93, 0xBB, 0xD9, 0xED, 0x18, 0x12, 0x32, 0x30, 0x32, 0x36,
	0x30, 0x36, 0x30, 0x36, 0x30, 0x34, 0x33, 0x39, 0x32, 0x32, 0x2E, 0x34,
	0x33, 0x5A, 0x30, 0x04, 0x80, 0x02, 0x01, 0xF4, 0xA0, 0x81, 0xD9, 0xA4,
	0x81, 0xD6, 0x30, 0x81, 0xD3, 0x31, 0x0B, 0x30, 0x09, 0x06, 0x03, 0x55,
	0x04, 0x06, 0x13, 0x02, 0x55, 0x53, 0x31, 0x13, 0x30, 0x11, 0x06, 0x03,
	0x55, 0x04, 0x08, 0x13, 0x0A, 0x57, 0x61, 0x73, 0x68, 0x69, 0x6E, 0x67,
	0x74, 0x6F, 0x6E, 0x31, 0x10, 0x30, 0x0E, 0x06, 0x03, 0x55, 0x04, 0x07,
	0x13, 0x07, 0x52, 0x65, 0x64, 0x6D, 0x6F, 0x6E, 0x64, 0x31, 0x1E, 0x30,
	0x1C, 0x06, 0x03, 0x55, 0x04, 0x0A, 0x13, 0x15, 0x4D, 0x69, 0x63, 0x72,
	0x6F, 0x73, 0x6F, 0x66, 0x74, 0x20, 0x43, 0x6F, 0x72, 0x70, 0x6F, 0x72,
	0x61, 0x74, 0x69, 0x6F, 0x6E, 0x31, 0x2D, 0x30, 0x2B, 0x06, 0x03, 0x55,
	0x04, 0x0B, 0x13, 0x24, 0x4D, 0x69, 0x63, 0x72, 0x6F, 0x73, 0x6F, 0x66,
	0x74, 0x20, 0x49, 0x72, 0x65, 0x6C, 0x61, 0x6E, 0x64, 0x20, 0x4F, 0x70,
	0x65, 0x72, 0x61, 0x74, 0x69, 0x6F, 0x6E, 0x73, 0x20, 0x4C, 0x69, 0x6D,
	0x69, 0x74, 0x65, 0x64, 0x31, 0x27, 0x30, 0x25, 0x06, 0x03, 0x55, 0x04,
	0x0B, 0x13, 0x1E, 0x6E, 0x53, 0x68, 0x69, 0x65, 0x6C, 0x64, 0x20, 0x54,
	0x53, 0x53, 0x20, 0x45, 0x53, 0x4E, 0x3A, 0x36, 0x35, 0x31, 0x41, 0x2D,
	0x30, 0x35, 0x45, 0x30, 0x2D, 0x44, 0x39, 0x34, 0x37, 0x31, 0x25, 0x30,
	0x23, 0x06, 0x03, 0x55, 0x04, 0x03, 0x13, 0x1C, 0x4D, 0x69, 0x63, 0x72,
	0x6F, 0x73, 0x6F, 0x66, 0x74, 0x20, 0x54, 0x69, 0x6D, 0x65, 0x2D, 0x53,
	0x74, 0x61, 0x6D, 0x70, 0x20, 0x53, 0x65, 0x72, 0x76, 0x69, 0x63, 0x65,
	0xA0, 0x82, 0x11, 0xFA, 0x30, 0x82, 0x07, 0x28, 0x30, 0x82, 0x05, 0x10,
	0xA0, 0x03, 0x02, 0x01, 0x02, 0x02, 0x13, 0x33, 0x00, 0x00, 0x02, 0x15,
	0x18, 0x03, 0xD3, 0x81, 0x07, 0x26, 0x7C, 0x53, 0x00, 0x01, 0x00, 0x00,
	0x02, 0x15, 0x30, 0x0D, 0x06, 0x09, 0x2A, 0x86, 0x48, 0x86, 0xF7, 0x0D,
	0x01, 0x01, 0x0B, 0x05, 0x00, 0x30, 0x7C, 0x31, 0x0B, 0x30, 0x09, 0x06,
	0x03, 0x55, 0x04, 0x06, 0x13, 0x02, 0x55, 0x53, 0x31, 0x13, 0x30, 0x11,
	0x06, 0x03, 0x55, 0x04, 0x08, 0x13, 0x0A, 0x57, 0x61, 0x73, 0x68, 0x69,
	0x6E, 0x67, 0x74, 0x6F, 0x6E, 0x31, 0x10, 0x30, 0x0E, 0x06, 0x03, 0x55,
	0x04, 0x07, 0x13, 0x07, 0x52, 0x65, 0x64, 0x6D, 0x6F, 0x6E, 0x64, 0x31,
	0x1E, 0x30, 0x1C, 0x06, 0x03, 0x55, 0x04, 0x0A, 0x13, 0x15, 0x4D, 0x69,
	0x63, 0x72, 0x6F, 0x73, 0x6F, 0x66, 0x74, 0x20, 0x43, 0x6F, 0x72, 0x70,
	0x6F, 0x72, 0x61, 0x74, 0x69, 0x6F, 0x6E, 0x31, 0x26, 0x30, 0x24, 0x06,
	0x03, 0x55, 0x04, 0x03, 0x13, 0x1D, 0x4D, 0x69, 0x63, 0x72, 0x6F, 0x73,
	0x6F, 0x66, 0x74, 0x20, 0x54, 0x69, 0x6D, 0x65, 0x2D, 0x53, 0x74, 0x61,
	0x6D, 0x70, 0x20, 0x50, 0x43, 0x41, 0x20, 0x32, 0x30, 0x31, 0x30, 0x30,
	0x1E, 0x17, 0x0D, 0x32, 0x35, 0x30, 0x38, 0x31, 0x34, 0x31, 0x38, 0x34,
	0x38, 0x32, 0x30, 0x5A, 0x17, 0x0D, 0x32, 0x36, 0x31, 0x31, 0x31, 0x33,
	0x31, 0x38, 0x34, 0x38, 0x32, 0x30, 0x5A, 0x30, 0x81, 0xD3, 0x31, 0x0B,
	0x30, 0x09, 0x06, 0x03, 0x55, 0x04, 0x06, 0x13, 0x02, 0x55, 0x53, 0x31,
	0x13, 0x30, 0x11, 0x06, 0x03, 0x55, 0x04, 0x08, 0x13, 0x0A, 0x57, 0x61,
	0x73, 0x68, 0x69, 0x6E, 0x67, 0x74, 0x6F, 0x6E, 0x31, 0x10, 0x30, 0x0E,
	0x06, 0x03, 0x55, 0x04, 0x07, 0x13, 0x07, 0x52, 0x65, 0x64, 0x6D, 0x6F,
	0x6E, 0x64, 0x31, 0x1E, 0x30, 0x1C, 0x06, 0x03, 0x55, 0x04, 0x0A, 0x13,
	0x15, 0x4D, 0x69, 0x63, 0x72, 0x6F, 0x73, 0x6F, 0x66, 0x74, 0x20, 0x43,
	0x6F, 0x72, 0x70, 0x6F, 0x72, 0x61, 0x74, 0x69, 0x6F, 0x6E, 0x31, 0x2D,
	0x30, 0x2B, 0x06, 0x03, 0x55, 0x04, 0x0B, 0x13, 0x24, 0x4D, 0x69, 0x63,
	0x72, 0x6F, 0x73, 0x6F, 0x66, 0x74, 0x20, 0x49, 0x72, 0x65, 0x6C, 0x61,
	0x6E, 0x64, 0x20, 0x4F, 0x70, 0x65, 0x72, 0x61, 0x74, 0x69, 0x6F, 0x6E,
	0x73, 0x20, 0x4C, 0x69, 0x6D, 0x69, 0x74, 0x65, 0x64, 0x31, 0x27, 0x30,
	0x25, 0x06, 0x03, 0x55, 0x04, 0x0B, 0x13, 0x1E, 0x6E, 0x53, 0x68, 0x69,
	0x65, 0x6C, 0x64, 0x20, 0x54, 0x53, 0x53, 0x20, 0x45, 0x53, 0x4E, 0x3A,
	0x36, 0x35, 0x31, 0x41, 0x2D, 0x30, 0x35, 0x45, 0x30, 0x2D, 0x44, 0x39,
	0x34, 0x37, 0x31, 0x25, 0x30, 0x23, 0x06, 0x03, 0x55, 0x04, 0x03, 0x13,
	0x1C, 0x4D, 0x69, 0x63, 0x72, 0x6F, 0x73, 0x6F, 0x66, 0x74, 0x20, 0x54,
	0x69, 0x6D, 0x65, 0x2D, 0x53, 0x74, 0x61, 0x6D, 0x70, 0x20, 0x53, 0x65,
	0x72, 0x76, 0x69, 0x63, 0x65, 0x30, 0x82, 0x02, 0x22, 0x30, 0x0D, 0x06,
	0x09, 0x2A, 0x86, 0x48, 0x86, 0xF7, 0x0D, 0x01, 0x01, 0x01, 0x05, 0x00,
	0x03, 0x82, 0x02, 0x0F, 0x00, 0x30, 0x82, 0x02, 0x0A, 0x02, 0x82, 0x02,
	0x01, 0x00, 0xC3, 0x71, 0xD5, 0xDE, 0x15, 0x71, 0x2F, 0x49, 0x44, 0x60,
	0xF5, 0x74, 0xDD, 0x77, 0x8D, 0x29, 0x9E, 0x75, 0xED, 0x52, 0x1B, 0x81,
	0xEC, 0x61, 0x94, 0x33, 0xDD, 0xA5, 0x7C, 0x03, 0x4B, 0x40, 0x58, 0xB7,
	0x13, 0xF0, 0x8B, 0x85, 0xD8, 0xA5, 0x94, 0x75, 0x95, 0xDD, 0x2E, 0xE9,
	0xCA, 0xF6, 0x5E, 0x3B, 0xAE, 0x81, 0xD8, 0x39, 0xD0, 0x35, 0x31, 0xE5,
	0x61, 0xCB, 0xD1, 0x08, 0x58, 0xD9, 0xDF, 0x6F, 0x90, 0x94, 0xA4, 0xD3,
	0x6A, 0xC4, 0xFF, 0xBE, 0x61, 0x70, 0xAB, 0x7D, 0xD6, 0x6D, 0x88, 0x87,
	0x6F, 0x3B, 0x41, 0x1C, 0x51, 0x32, 0x61, 0x6E, 0xDC, 0x11, 0x7A, 0xE3,
	0xAE, 0xA4, 0xF2, 0xAA, 0x79, 0xB9, 0x7B, 0x5F, 0x7B, 0xAB, 0x9C, 0x8A,
	0xAE, 0x3D, 0x61, 0xA4, 0xBC, 0xA7, 0xE7, 0x73, 0xBF, 0x7B, 0x93, 0x6A,
	0xB0, 0xF8, 0x85, 0x0F, 0x14, 0x4F, 0xB2, 0xDA, 0xF7, 0x9A, 0x4E, 0x26,
	0x24, 0x6A, 0xC7, 0x17, 0x74, 0xA8, 0xE1, 0x8B, 0x10, 0x2B, 0xC7, 0x2C,
	0x45, 0xCF, 0x5E, 0x2A, 0x0D, 0x4B, 0x1F, 0x69, 0xCA, 0x1C, 0xE1, 0x9B,
	0xA9, 0x6D, 0xED, 0xEC, 0xCB, 0xC4, 0x97, 0x85, 0x55, 0x8B, 0x71, 0x4A,
	0x19, 0x1A, 0xBC, 0xFA, 0x19, 0x37, 0x47, 0x4E, 0x0A, 0x26, 0x1E, 0x87,
	0x82, 0xA0, 0xA0, 0xAA, 0x32, 0x6A, 0x0C, 0xCC, 0xB9, 0x28, 0x8B, 0x0A,
	0x23, 0x14, 0x5B, 0x85, 0x1E, 0xE1, 0x0B, 0x26, 0xEB, 0x9F, 0x05, 0x24,
	0xD1, 0x93, 0x36, 0x1E, 0xD5, 0xE6, 0xA5, 0xD8, 0x54, 0x0E, 0xA4, 0xE7,
	0x18, 0xF0, 0xE5, 0x67, 0x96, 0x74, 0xA3, 0xB3, 0xD2, 0x2F, 0x40, 0xE6,
	0x30, 0x5C, 0x6D, 0x8F, 0x5F, 0x54, 0xEA, 0x3F, 0x70, 0x0F, 0x22, 0xD5,
	0xBC, 0xAD, 0xCD, 0xC0, 0xD3, 0xC5, 0xBD, 0xE7, 0x72, 0xD7, 0x25, 0xCB,
	0xCF, 0xCE, 0x61, 0xE3, 0x6C, 0xB6, 0x46, 0x9B, 0xFC, 0x8B, 0x2A, 0xDC,
	0x2C, 0x5E, 0xD6, 0xFA, 0xBD, 0xE9, 0xF2, 0x07, 0x13, 0x5F, 0x99, 0x1A,
	0x62, 0x63, 0x91, 0xAD, 0x6C, 0xA1, 0xDC, 0x2A, 0x3F, 0x27, 0x15, 0xA7,
	0xFD, 0xAD, 0x6F, 0xE0, 0x63, 0xBA, 0x53, 0xCB, 0xE4, 0x3E, 0xAB, 0x81,
	0x45, 0xD3, 0x3C, 0x5F, 0x38, 0x53, 0xCD, 0x91, 0x2C, 0xA1, 0xD5, 0xE7,
	0xB6, 0xC1, 0xF1, 0xF1, 0xD1, 0xA6, 0x09, 0xE3, 0x71, 0x60, 0x50, 0xB9,
	0x73, 0xE0, 0x55, 0xE4, 0x97, 0xA4, 0x44, 0x56, 0x8A, 0x6B, 0x74, 0x34,
	0x5D, 0xA5, 0x08, 0xE2, 0xF3, 0xAA, 0x0A, 0xEF, 0x4B, 0xFB, 0xD8, 0xA9,
	0xD7, 0xB9, 0x2E, 0x7F, 0x58, 0x94, 0xA2, 0xA1, 0x01, 0x9F, 0xF1, 0x0C,
	0x4D, 0x13, 0x2C, 0x82, 0x2B, 0xEB, 0xE2, 0x3F, 0xD8, 0x94, 0xED, 0x5C,
	0xFD, 0xF8, 0x9D, 0xF8, 0xD3, 0x10, 0xD5, 0x6A, 0x30, 0x12, 0x12, 0x59,
	0xC6, 0xA4, 0x23, 0x10, 0x30, 0x19, 0xBD, 0xD1, 0x07, 0x9C, 0x87, 0x0B,
	0x1C, 0xA7, 0x20, 0x53, 0x55, 0x2D, 0xC7, 0xCA, 0x02, 0xC1, 0x1D, 0x0B,
	0x95, 0x36, 0x7A, 0x6D, 0x1F, 0x02, 0xF9, 0x95, 0xBF, 0x4B, 0x28, 0x9E,
	0xA9, 0xEF, 0xD7, 0xB7, 0x2E, 0x69, 0x88, 0xB6, 0x78, 0x22, 0xD6, 0x86,
	0x82, 0xB5, 0x21, 0xCF, 0x39, 0x0F, 0x0E, 0xEC, 0xFE, 0x58, 0x5C, 0x5E,
	0xB0, 0x69, 0x63, 0x89, 0xFF, 0x46, 0x5E, 0x65, 0xDF, 0x01, 0xF3, 0xB3,
	0x8B, 0xCE, 0x22, 0x1B, 0xBC, 0xEC, 0x32, 0x32, 0xE5, 0x05, 0x1A, 0x12,
	0xEA, 0x44, 0xB3, 0x26, 0x34, 0x35, 0x6A, 0xA0, 0x23, 0x80, 0x56, 0x97,
	0xAB, 0xF5, 0xC2, 0x0B, 0x1E, 0xFA, 0x5F, 0x03, 0x58, 0x57, 0x94, 0x5E,
	0x87, 0xE1, 0x52, 0xE0, 0xA0, 0x55, 0x3B, 0x93, 0x1C, 0xDD, 0xCA, 0xF2,
	0x27, 0x68, 0x31, 0xB9, 0xFC, 0x43, 0x77, 0x9D, 0x50, 0x81, 0x02, 0x03,
	0x01, 0x00, 0x01, 0xA3, 0x82, 0x01, 0x49, 0x30, 0x82, 0x01, 0x45, 0x30,
	0x1D, 0x06, 0x03, 0x55, 0x1D, 0x0E, 0x04, 0x16, 0x04, 0x14, 0x89, 0x21,
	0x77, 0xF1, 0x72, 0xA0, 0x30, 0x16, 0xA1, 0xA3, 0xF6, 0x37, 0x70, 0x42,
	0xD7, 0x52, 0xA9, 0xA7, 0x63, 0xD7, 0x30, 0x1F, 0x06, 0x03, 0x55, 0x1D,
	0x23, 0x04, 0x18, 0x30, 0x16, 0x80, 0x14, 0x9F, 0xA7, 0x15, 0x5D, 0x00,
	0x5E, 0x62, 0x5D, 0x83, 0xF4, 0xE5, 0xD2, 0x65, 0xA7, 0x1B, 0x53, 0x35,
	0x19, 0xE9, 0x72, 0x30, 0x5F, 0x06, 0x03, 0x55, 0x1D, 0x1F, 0x04, 0x58,
	0x30, 0x56, 0x30, 0x54, 0xA0, 0x52, 0xA0, 0x50, 0x86, 0x4E, 0x68, 0x74,
	0x74, 0x70, 0x3A, 0x2F, 0x2F, 0x77, 0x77, 0x77, 0x2E, 0x6D, 0x69, 0x63,
	0x72, 0x6F, 0x73, 0x6F, 0x66, 0x74, 0x2E, 0x63, 0x6F, 0x6D, 0x2F, 0x70,
	0x6B, 0x69, 0x6F, 0x70, 0x73, 0x2F, 0x63, 0x72, 0x6C, 0x2F, 0x4D, 0x69,
	0x63, 0x72, 0x6F, 0x73, 0x6F, 0x66, 0x74, 0x25, 0x32, 0x30, 0x54, 0x69,
	0x6D, 0x65, 0x2D, 0x53, 0x74, 0x61, 0x6D, 0x70, 0x25, 0x32, 0x30, 0x50,
	0x43, 0x41, 0x25, 0x32, 0x30, 0x32, 0x30, 0x31, 0x30, 0x28, 0x31, 0x29,
	0x2E, 0x63, 0x72, 0x6C, 0x30, 0x6C, 0x06, 0x08, 0x2B, 0x06, 0x01, 0x05,
	0x05, 0x07, 0x01, 0x01, 0x04, 0x60, 0x30, 0x5E, 0x30, 0x5C, 0x06, 0x08,
	0x2B, 0x06, 0x01, 0x05, 0x05, 0x07, 0x30, 0x02, 0x86, 0x50, 0x68, 0x74,
	0x74, 0x70, 0x3A, 0x2F, 0x2F, 0x77, 0x77, 0x77, 0x2E, 0x6D, 0x69, 0x63,
	0x72, 0x6F, 0x73, 0x6F, 0x66, 0x74, 0x2E, 0x63, 0x6F, 0x6D, 0x2F, 0x70,
	0x6B, 0x69, 0x6F, 0x70, 0x73, 0x2F, 0x63, 0x65, 0x72, 0x74, 0x73, 0x2F,
	0x4D, 0x69, 0x63, 0x72, 0x6F, 0x73, 0x6F, 0x66, 0x74, 0x25, 0x32, 0x30,
	0x54, 0x69, 0x6D, 0x65, 0x2D, 0x53, 0x74, 0x61, 0x6D, 0x70, 0x25, 0x32,
	0x30, 0x50, 0x43, 0x41, 0x25, 0x32, 0x30, 0x32, 0x30, 0x31, 0x30, 0x28,
	0x31, 0x29, 0x2E, 0x63, 0x72, 0x74, 0x30, 0x0C, 0x06, 0x03, 0x55, 0x1D,
	0x13, 0x01, 0x01, 0xFF, 0x04, 0x02, 0x30, 0x00, 0x30, 0x16, 0x06, 0x03,
	0x55, 0x1D, 0x25, 0x01, 0x01, 0xFF, 0x04, 0x0C, 0x30, 0x0A, 0x06, 0x08,
	0x2B, 0x06, 0x01, 0x05, 0x05, 0x07, 0x03, 0x08, 0x30, 0x0E, 0x06, 0x03,
	0x55, 0x1D, 0x0F, 0x01, 0x01, 0xFF, 0x04, 0x04, 0x03, 0x02, 0x07, 0x80,
	0x30, 0x0D, 0x06, 0x09, 0x2A, 0x86, 0x48, 0x86, 0xF7, 0x0D, 0x01, 0x01,
	0x0B, 0x05, 0x00, 0x03, 0x82, 0x02, 0x01, 0x00, 0x77, 0x8D, 0x87, 0xB5,
	0x5F, 0xA4, 0x19, 0xBB, 0xF1, 0xCC, 0xB0, 0x53, 0x0B, 0x93, 0xBB, 0xBE,
	0x40, 0x88, 0x04, 0xFC, 0xBF, 0x07, 0x0A, 0x63, 0x0B, 0x37, 0x8B, 0xE7,
	0x78, 0x40, 0x88, 0x43, 0x9E, 0x6E, 0x9F, 0x95, 0x74, 0xD9, 0xF0, 0x9B,
	0xD1, 0x95, 0x09, 0xF6, 0x2A, 0xDC, 0xA3, 0x1F, 0xAE, 0x3E, 0x14, 0xBC,
	0xA4, 0x13, 0x50, 0x06, 0x92, 0xE5, 0x99, 0x30, 0x7B, 0x58, 0x2F, 0x67,
	0x79, 0x63, 0x49, 0x29, 0xC2, 0x3B, 0x24, 0xB9, 0x3B, 0x03, 0x6E, 0xF5,
	0xDA, 0x60, 0xDF, 0x0C, 0x3E, 0x41, 0x6D, 0x9E, 0x39, 0xC4, 0x8B, 0x93,
	0x25, 0x40, 0x58, 0x5A, 0xCB, 0x9F, 0xA2, 0x22, 0x83, 0x74, 0xC2, 0xFF,
	0x35, 0x8C, 0xBD, 0x58, 0x6A, 0x5E, 0xD7, 0x45, 0x84, 0x6D, 0x8A, 0x27,
	0x59, 0x52, 0x6C, 0xDD, 0xB6, 0xD9, 0xCB, 0x18, 0xDC, 0x4D, 0xFF, 0x06,
	0xB1, 0xA5, 0xB8, 0x09, 0x6F, 0x11, 0x3F, 0x60, 0x9B, 0x15, 0x72, 0xCB,
	0x13, 0x72, 0xE7, 0xDF, 0xFB, 0x24, 0x5E, 0x73, 0x20, 0x67, 0x09, 0x89,
	0xBC, 0x9D, 0xC6, 0xCF, 0x78, 0x24, 0xBD, 0x41, 0xB4, 0xF8, 0x17, 0x24,
	0xE7, 0xD9, 0xCD, 0x0F, 0xBF, 0xDE, 0x24, 0xDC, 0xE9, 0xE0, 0xED, 0x99,
	0xA5, 0x93, 0xE8, 0x32, 0x9D, 0x9C, 0x9A, 0x1C, 0xA7, 0xCC, 0x24, 0x5C,
	0xA5, 0x8F, 0x22, 0xC0, 0x44, 0x7E, 0x40, 0xFA, 0x93, 0x54, 0x22, 0xB7,
	0x0B, 0xED, 0xD2, 0x61, 0xEB, 0x39, 0x16, 0xA1, 0xEF, 0x94, 0xA3, 0x79,
	0xC3, 0x8A, 0xB7, 0x8A, 0x16, 0x6B, 0x25, 0x4B, 0x90, 0xF4, 0xE1, 0xA3,
	0x5D, 0x9E, 0xD2, 0x89, 0xE0, 0x12, 0x0D, 0x5C, 0x8D, 0xEE, 0x5F, 0xC5,
	0x26, 0x46, 0xB6, 0x1A, 0xCC, 0xAD, 0x62, 0xAF, 0x23, 0x84, 0x7B, 0x1C,
	0x40, 0xBB, 0x93, 0xC9, 0x9A, 0x1F, 0xD7, 0x8F, 0x03, 0x75, 0x62, 0x1F,
	0x40, 0x95, 0x49, 0x23, 0x9E, 0x7D, 0xA3, 0xD3, 0x18, 0xCC, 0xC8, 0x84,
	0x70, 0xA8, 0xE6, 0x9D, 0xE3, 0x1B, 0x94, 0x8C, 0x73, 0x23, 0xB7, 0x78,
	0x0F, 0x6E, 0x11, 0xA6, 0x10, 0x24, 0x84, 0xC9, 0x94, 0xB1, 0xB7, 0x07,
	0x0C, 0x06, 0x9B, 0x2A, 0x58, 0xEC, 0x2F, 0xFC, 0xFE, 0x78, 0xF5, 0x48,
	0xE8, 0x60, 0xC7, 0x51, 0xE0, 0x27, 0x4C, 0xB0, 0x38, 0x92, 0xFD, 0xC5,
	0xF3, 0xF8, 0x00, 0xE7, 0x16, 0x98, 0x27, 0xDB, 0xB2, 0xA8, 0x06, 0x6C,
	0x26, 0x82, 0xED, 0x61, 0xF9, 0xB0, 0x83, 0x5D, 0xCD, 0xF3, 0x1A, 0xAF,
	0xC5, 0x7B, 0x60, 0xD1, 0x6A, 0x91, 0xB0, 0x86, 0x50, 0xA8, 0x5C, 0xF0,
	0x6A, 0x48, 0xC8, 0x4F, 0x8C, 0x2A, 0x7C, 0x95, 0x9F, 0x7D, 0xE3, 0xB2,
	0xE6, 0x86, 0x02, 0x53, 0x51, 0x83, 0xB7, 0x55, 0x45, 0x44, 0xA8, 0x60,
	0xB2, 0x71, 0xBD, 0x4B, 0x30, 0xF4, 0x63, 0xB0, 0xC8, 0x1A, 0x41, 0xC1,
	0xB1, 0x3D, 0xB2, 0xA3, 0x8B, 0x9B, 0xE1, 0xEC, 0x3B, 0x4D, 0x28, 0x17,
	0x6D, 0xCF, 0x32, 0x2A, 0x3B, 0x58, 0x55, 0xDC, 0x15, 0x36, 0x40, 0x8E,
	0x9D, 0xEE, 0x8E, 0x28, 0x41, 0x01, 0xF2, 0xEB, 0x5C, 0x80, 0xA0, 0x18,
	0xE1, 0xCF, 0x76, 0x46, 0x74, 0xE3, 0x6B, 0xB5, 0x2D, 0x9A, 0x8E, 0x72,
	0x79, 0x6B, 0xDD, 0x7C, 0xEF, 0x80, 0xC7, 0xBE, 0x98, 0xF3, 0xF2, 0x6A,
	0xC5, 0xBC, 0x7F, 0x4A, 0xED, 0xCC, 0x98, 0xF7, 0x57, 0x91, 0x3F, 0x10,
	0xA8, 0xB2, 0x42, 0x53, 0xF1, 0x8F, 0xD3, 0x1F, 0xAB, 0x6C, 0x7D, 0x86,
	0x29, 0xA7, 0x95, 0x75, 0x86, 0x64, 0x25, 0x4F, 0x78, 0x40, 0x51, 0x3A,
	0xB3, 0x5B, 0x0D, 0x80, 0x5F, 0x6B, 0x34, 0xF2, 0x2C, 0xD0, 0x8E, 0x4E,
	0xC4, 0x6D, 0x92, 0xC3, 0x92, 0x57, 0x71, 0x41, 0xB4, 0xF9, 0xE9, 0x42,
	0xD2, 0xCD, 0xEF, 0x9E, 0x30, 0x82, 0x07, 0x71, 0x30, 0x82, 0x05, 0x59,
	0xA0, 0x03, 0x02, 0x01, 0x02, 0x02, 0x13, 0x33, 0x00, 0x00, 0x00, 0x15,
	0xC5, 0xE7, 0x6B, 0x9E, 0x02, 0x9B, 0x49, 0x99, 0x00, 0x00, 0x00, 0x00,
	0x00, 0x15, 0x30, 0x0D, 0x06, 0x09, 0x2A, 0x86, 0x48, 0x86, 0xF7, 0x0D,
	0x01, 0x01, 0x0B, 0x05, 0x00, 0x30, 0x81, 0x88, 0x31, 0x0B, 0x30, 0x09,
	0x06, 0x03, 0x55, 0x04, 0x06, 0x13, 0x02, 0x55, 0x53, 0x31, 0x13, 0x30,
	0x11, 0x06, 0x03, 0x55, 0x04, 0x08, 0x13, 0x0A, 0x57, 0x61, 0x73, 0x68,
	0x69, 0x6E, 0x67, 0x74, 0x6F, 0x6E, 0x31, 0x10, 0x30, 0x0E, 0x06, 0x03,
	0x55, 0x04, 0x07, 0x13, 0x07, 0x52, 0x65, 0x64, 0x6D, 0x6F, 0x6E, 0x64,
	0x31, 0x1E, 0x30, 0x1C, 0x06, 0x03, 0x55, 0x04, 0x0A, 0x13, 0x15, 0x4D,
	0x69, 0x63, 0x72, 0x6F, 0x73, 0x6F, 0x66, 0x74, 0x20, 0x43, 0x6F, 0x72,
	0x70, 0x6F, 0x72, 0x61, 0x74, 0x69, 0x6F, 0x6E, 0x31, 0x32, 0x30, 0x30,
	0x06, 0x03, 0x55, 0x04, 0x03, 0x13, 0x29, 0x4D, 0x69, 0x63, 0x72, 0x6F,
	0x73, 0x6F, 0x66, 0x74, 0x20, 0x52, 0x6F, 0x6F, 0x74, 0x20, 0x43, 0x65,
	0x72, 0x74, 0x69, 0x66, 0x69, 0x63, 0x61, 0x74, 0x65, 0x20, 0x41, 0x75,
	0x74, 0x68, 0x6F, 0x72, 0x69, 0x74, 0x79, 0x20, 0x32, 0x30, 0x31, 0x30,
	0x30, 0x1E, 0x17, 0x0D, 0x32, 0x31, 0x30, 0x39, 0x33, 0x30, 0x31, 0x38,
	0x32, 0x32, 0x32, 0x35, 0x5A, 0x17, 0x0D, 0x33, 0x30, 0x30, 0x39, 0x33,
	0x30, 0x31, 0x38, 0x33, 0x32, 0x32, 0x35, 0x5A, 0x30, 0x7C, 0x31, 0x0B,
	0x30, 0x09, 0x06, 0x03, 0x55, 0x04, 0x06, 0x13, 0x02, 0x55, 0x53, 0x31,
	0x13, 0x30, 0x11, 0x06, 0x03, 0x55, 0x04, 0x08, 0x13, 0x0A, 0x57, 0x61,
	0x73, 0x68, 0x69, 0x6E, 0x67, 0x74, 0x6F, 0x6E, 0x31, 0x10, 0x30, 0x0E,
	0x06, 0x03, 0x55, 0x04, 0x07, 0x13, 0x07, 0x52, 0x65, 0x64, 0x6D, 0x6F,
	0x6E, 0x64, 0x31, 0x1E, 0x30, 0x1C, 0x06, 0x03, 0x55, 0x04, 0x0A, 0x13,
	0x15, 0x4D, 0x69, 0x63, 0x72, 0x6F, 0x73, 0x6F, 0x66, 0x74, 0x20, 0x43,
	0x6F, 0x72, 0x70, 0x6F, 0x72, 0x61, 0x74, 0x69, 0x6F, 0x6E, 0x31, 0x26,
	0x30, 0x24, 0x06, 0x03, 0x55, 0x04, 0x03, 0x13, 0x1D, 0x4D, 0x69, 0x63,
	0x72, 0x6F, 0x73, 0x6F, 0x66, 0x74, 0x20, 0x54, 0x69, 0x6D, 0x65, 0x2D,
	0x53, 0x74, 0x61, 0x6D, 0x70, 0x20, 0x50, 0x43, 0x41, 0x20, 0x32, 0x30,
	0x31, 0x30, 0x30, 0x82, 0x02, 0x22, 0x30, 0x0D, 0x06, 0x09, 0x2A, 0x86,
	0x48, 0x86, 0xF7, 0x0D, 0x01, 0x01, 0x01, 0x05, 0x00, 0x03, 0x82, 0x02,
	0x0F, 0x00, 0x30, 0x82, 0x02, 0x0A, 0x02, 0x82, 0x02, 0x01, 0x00, 0xE4,
	0xE1, 0xA6, 0x4C, 0xE7, 0xB4, 0x72, 0x21, 0x0B, 0x79, 0xA2, 0xCB, 0xD7,
	0x24, 0x79, 0xBD, 0x0E, 0xD5, 0x82, 0xD3, 0xFD, 0xEE, 0x9C, 0x07, 0x07,
	0xD2, 0xA9, 0x6C, 0x4E, 0x75, 0xC8, 0xCA, 0x35, 0x57, 0xF6, 0x01, 0x7F,
	0x6C, 0x4A, 0xE0, 0xE2, 0xBD, 0xB9, 0x3E, 0x17, 0x60, 0x33, 0xFF, 0x5C,
	0x4F, 0xC7, 0x66, 0xF7, 0x95, 0x53, 0x71, 0x5A, 0xE2, 0x7E, 0x4A, 0x5A,
	0xFE, 0xB8, 0x36, 0x67, 0x85, 0x46, 0x23, 0x0C, 0xB5, 0x8D, 0x13, 0xCF,
	0x77, 0x32, 0xC0, 0x10, 0x18, 0xE8, 0x60, 0x7D, 0x6A, 0x52, 0x83, 0x44,
	0xB7, 0xA6, 0x8E, 0x46, 0x6B, 0x07, 0x14, 0xF3, 0xC5, 0x76, 0xF5, 0x86,
	0x50, 0xDC, 0xC1, 0x44, 0xC8, 0x71, 0x5C, 0x51, 0x31, 0x37, 0xA0, 0x0A,
	0x38, 0x6E, 0x8D, 0xED, 0xD7, 0x0F, 0xD8, 0x26, 0x53, 0x7C, 0x39, 0x61,
	0x02, 0x7A, 0xC4, 0xAA, 0xFD, 0x72, 0x69, 0xAF, 0x1D, 0xAB, 0xAC, 0xF6,
	0x36, 0xBE, 0x35, 0x26, 0x64, 0xDA, 0x98, 0x3B, 0xBA, 0x1A, 0x7B, 0x33,
	0xAD, 0x80, 0x5B, 0x7E, 0x8C, 0x10, 0x1C, 0x9D, 0x52, 0xFE, 0xB6, 0xE8,
	0x62, 0x25, 0xDC, 0x6A, 0x0F, 0xCF, 0x5D, 0xF4, 0xFE, 0x8E, 0x53, 0xCF,
	0xD6, 0xEC, 0x85, 0x56, 0x4D, 0xEF, 0xDD, 0xBC, 0x8D, 0xA4, 0xE3, 0x91,
	0x8F, 0xB2, 0x39, 0x2C, 0x51, 0x9C, 0xE9, 0x70, 0x69, 0x0D, 0xCA, 0x36,
	0x2D, 0x70, 0x8E, 0x31, 0xC8, 0x35, 0x28, 0xBD, 0xE3, 0xB4, 0x87, 0x24,
	0xC3, 0xE0, 0xC9, 0x8F, 0x7E, 0xB5, 0x54, 0x8F, 0xDC, 0xFA, 0x05, 0x55,
	0x98, 0x6D, 0x68, 0x3B, 0x9A, 0x46, 0xBD, 0xED, 0xA4, 0xAE, 0x7A, 0x29,
	0x37, 0xAC, 0xCB, 0xEB, 0x83, 0x45, 0xE7, 0x46, 0x6E, 0xCA, 0x32, 0xD5,
	0xC0, 0x86, 0x30, 0x5C, 0x4F, 0x2C, 0xE2, 0x62, 0xB2, 0xCD, 0xB9, 0xE2,
	0x8D, 0x88, 0xE4, 0x96, 0xAC, 0x01, 0x4A, 0xBB, 0xBE, 0x71, 0xA9, 0x17,
	0x5B, 0x67, 0x60, 0xDE, 0xF8, 0x92, 0x91, 0x1E, 0x1D, 0x3D, 0xFD, 0x20,
	0xCF, 0x73, 0x7D, 0x41, 0x9A, 0x46, 0x75, 0xCD, 0xC4, 0x5F, 0x34, 0xDD,
	0x12, 0x89, 0xD6, 0xFD, 0xA5, 0x20, 0x7D, 0x7E, 0xFC, 0xD9, 0x9E, 0x45,
	0xDF, 0xB6, 0x72, 0x2F, 0xDB, 0x7D, 0x5F, 0x80, 0xBA, 0xDB, 0xAA, 0x7E,
	0x36, 0xEC, 0x36, 0x4C, 0xF6, 0x2B, 0x6E, 0xA8, 0x12, 0x51, 0xE8, 0xBF,
	0x05, 0x03, 0xA3, 0xD1, 0x73, 0xA6, 0x4D, 0x37, 0x74, 0x94, 0x1C, 0x34,
	0x82, 0x0F, 0xF0, 0x10, 0xF2, 0xB7, 0x47, 0x18, 0xED, 0xA7, 0xE8, 0x99,
	0x7C, 0x3F, 0x4C, 0xDB, 0xAF, 0x5E, 0xC2, 0xF3, 0xD5, 0xD8, 0x73, 0x3D,
	0x43, 0x4E, 0xC1, 0x33, 0x39, 0x4C, 0x8E, 0x02, 0xBC, 0x42, 0x68, 0x2E,
	0x10, 0xEA, 0x84, 0x51, 0x46, 0xE2, 0xD1, 0xBD, 0x6A, 0x18, 0x5A, 0x61,
	0x01, 0x73, 0xCA, 0x67, 0xA2, 0x5E, 0xD7, 0x28, 0x76, 0x02, 0xE2, 0x33,
	0x18, 0x72, 0xD7, 0xA7, 0x20, 0xF0, 0xC2, 0xFA, 0x12, 0x0A, 0xD7, 0x63,
	0x6F, 0x0C, 0xC9, 0x36, 0x64, 0x8B, 0x5B, 0xA0, 0xA6, 0x83, 0x21, 0x5D,
	0x5F, 0x30, 0x74, 0x91, 0x94, 0x94, 0xD8, 0xB9, 0x50, 0xF9, 0x0B, 0x89,
	0x61, 0xF3, 0x36, 0x06, 0x35, 0x18, 0x84, 0x47, 0xDB, 0xDC, 0x1B, 0xD1,
	0xFD, 0xB2, 0xD4, 0x1C, 0xC5, 0x6B, 0xF6, 0x5C, 0x52, 0x51, 0x5D, 0x12,
	0xDB, 0x25, 0xBA, 0xAF, 0x50, 0x05, 0x7A, 0x6C, 0xC5, 0x11, 0x1D, 0x72,
	0xEF, 0x8D, 0xF9, 0x52, 0xC4, 0x85, 0x17, 0x93, 0xC0, 0x3C, 0x15, 0xDB,
	0x1A, 0x37, 0xC7, 0x08, 0x15, 0x18, 0x3F, 0x78, 0xAB, 0x45, 0xB6, 0xF5,
	0x1E, 0x87, 0x5E, 0xDA, 0x8F, 0x9E, 0x16, 0x72, 0x69, 0xC6, 0xAE, 0x7B,
	0xB7, 0xB7, 0x3E, 0x6A, 0xE2, 0x2E, 0xAD, 0x02, 0x03, 0x01, 0x00, 0x01,
	0xA3, 0x82, 0x01, 0xDD, 0x30, 0x82, 0x01, 0xD9, 0x30, 0x12, 0x06, 0x09,
	0x2B, 0x06, 0x01, 0x04, 0x01, 0x82, 0x37, 0x15, 0x01, 0x04, 0x05, 0x02,
	0x03, 0x01, 0x00, 0x01, 0x30, 0x23, 0x06, 0x09, 0x2B, 0x06, 0x01, 0x04,
	0x01, 0x82, 0x37, 0x15, 0x02, 0x04, 0x16, 0x04, 0x14, 0x2A, 0xA7, 0x52,
	0xFE, 0x64, 0xC4, 0x9A, 0xBE, 0x82, 0x91, 0x3C, 0x46, 0x35, 0x29, 0xCF,
	0x10, 0xFF, 0x2F, 0x04, 0xEE, 0x30, 0x1D, 0x06, 0x03, 0x55, 0x1D, 0x0E,
	0x04, 0x16, 0x04, 0x14, 0x9F, 0xA7, 0x15, 0x5D, 0x00, 0x5E, 0x62, 0x5D,
	0x83, 0xF4, 0xE5, 0xD2, 0x65, 0xA7, 0x1B, 0x53, 0x35, 0x19, 0xE9, 0x72,
	0x30, 0x5C, 0x06, 0x03, 0x55, 0x1D, 0x20, 0x04, 0x55, 0x30, 0x53, 0x30,
	0x51, 0x06, 0x0C, 0x2B, 0x06, 0x01, 0x04, 0x01, 0x82, 0x37, 0x4C, 0x83,
	0x7D, 0x01, 0x01, 0x30, 0x41, 0x30, 0x3F, 0x06, 0x08, 0x2B, 0x06, 0x01,
	0x05, 0x05, 0x07, 0x02, 0x01, 0x16, 0x33, 0x68, 0x74, 0x74, 0x70, 0x3A,
	0x2F, 0x2F, 0x77, 0x77, 0x77, 0x2E, 0x6D, 0x69, 0x63, 0x72, 0x6F, 0x73,
	0x6F, 0x66, 0x74, 0x2E, 0x63, 0x6F, 0x6D, 0x2F, 0x70, 0x6B, 0x69, 0x6F,
	0x70, 0x73, 0x2F, 0x44, 0x6F, 0x63, 0x73, 0x2F, 0x52, 0x65, 0x70, 0x6F,
	0x73, 0x69, 0x74, 0x6F, 0x72, 0x79, 0x2E, 0x68, 0x74, 0x6D, 0x30, 0x13,
	0x06, 0x03, 0x55, 0x1D, 0x25, 0x04, 0x0C, 0x30, 0x0A, 0x06, 0x08, 0x2B,
	0x06, 0x01, 0x05, 0x05, 0x07, 0x03, 0x08, 0x30, 0x19, 0x06, 0x09, 0x2B,
	0x06, 0x01, 0x04, 0x01, 0x82, 0x37, 0x14, 0x02, 0x04, 0x0C, 0x1E, 0x0A,
	0x00, 0x53, 0x00, 0x75, 0x00, 0x62, 0x00, 0x43, 0x00, 0x41, 0x30, 0x0B,
	0x06, 0x03, 0x55, 0x1D, 0x0F, 0x04, 0x04, 0x03, 0x02, 0x01, 0x86, 0x30,
	0x0F, 0x06, 0x03, 0x55, 0x1D, 0x13, 0x01, 0x01, 0xFF, 0x04, 0x05, 0x30,
	0x03, 0x01, 0x01, 0xFF, 0x30, 0x1F, 0x06, 0x03, 0x55, 0x1D, 0x23, 0x04,
	0x18, 0x30, 0x16, 0x80, 0x14, 0xD5, 0xF6, 0x56, 0xCB, 0x8F, 0xE8, 0xA2,
	0x5C, 0x62, 0x68, 0xD1, 0x3D, 0x94, 0x90, 0x5B, 0xD7, 0xCE, 0x9A, 0x18,
	0xC4, 0x30, 0x56, 0x06, 0x03, 0x55, 0x1D, 0x1F, 0x04, 0x4F, 0x30, 0x4D,
	0x30, 0x4B, 0xA0, 0x49, 0xA0, 0x47, 0x86, 0x45, 0x68, 0x74, 0x74, 0x70,
	0x3A, 0x2F, 0x2F, 0x63, 0x72, 0x6C, 0x2E, 0x6D, 0x69, 0x63, 0x72, 0x6F,
	0x73, 0x6F, 0x66, 0x74, 0x2E, 0x63, 0x6F, 0x6D, 0x2F, 0x70, 0x6B, 0x69,
	0x2F, 0x63, 0x72, 0x6C, 0x2F, 0x70, 0x72, 0x6F, 0x64, 0x75, 0x63, 0x74,
	0x73, 0x2F, 0x4D, 0x69, 0x63, 0x52, 0x6F, 0x6F, 0x43, 0x65, 0x72, 0x41,
	0x75, 0x74, 0x5F, 0x32, 0x30, 0x31, 0x30, 0x2D, 0x30, 0x36, 0x2D, 0x32,
	0x33, 0x2E, 0x63, 0x72, 0x6C, 0x30, 0x5A, 0x06, 0x08, 0x2B, 0x06, 0x01,
	0x05, 0x05, 0x07, 0x01, 0x01, 0x04, 0x4E, 0x30, 0x4C, 0x30, 0x4A, 0x06,
	0x08, 0x2B, 0x06, 0x01, 0x05, 0x05, 0x07, 0x30, 0x02, 0x86, 0x3E, 0x68,
	0x74, 0x74, 0x70, 0x3A, 0x2F, 0x2F, 0x77, 0x77, 0x77, 0x2E, 0x6D, 0x69,
	0x63, 0x72, 0x6F, 0x73, 0x6F, 0x66, 0x74, 0x2E, 0x63, 0x6F, 0x6D, 0x2F,
	0x70, 0x6B, 0x69, 0x2F, 0x63, 0x65, 0x72, 0x74, 0x73, 0x2F, 0x4D, 0x69,
	0x63, 0x52, 0x6F, 0x6F, 0x43, 0x65, 0x72, 0x41, 0x75, 0x74, 0x5F, 0x32,
	0x30, 0x31, 0x30, 0x2D, 0x30, 0x36, 0x2D, 0x32, 0x33, 0x2E, 0x63, 0x72,
	0x74, 0x30, 0x0D, 0x06, 0x09, 0x2A, 0x86, 0x48, 0x86, 0xF7, 0x0D, 0x01,
	0x01, 0x0B, 0x05, 0x00, 0x03, 0x82, 0x02, 0x01, 0x00, 0x9D, 0x55, 0x7D,
	0xFC, 0x2A, 0xAD, 0xE1, 0x2C, 0x1F, 0x67, 0x01, 0x31, 0x24, 0x5B, 0xE1,
	0x9E, 0x72, 0x4B, 0xFC, 0xA9, 0x6F, 0xEA, 0x5C, 0x14, 0xB6, 0x3E, 0x4E,
	0x47, 0x64, 0x78, 0xB1, 0x06, 0x93, 0x97, 0x3D, 0x31, 0x33, 0xB5, 0x39,
	0xD7, 0xC2, 0x71, 0x36, 0x3F, 0xDA, 0x64, 0x6C, 0x7C, 0xD0, 0x75, 0x39,
	0x6D, 0xBB, 0x0F, 0x31, 0xE4, 0xC2, 0x8F, 0xFB, 0x6C, 0xD1, 0xA1, 0x94,
	0x18, 0x22, 0xEE, 0xE9, 0x66, 0x67, 0x3A, 0x53, 0x4D, 0xDD, 0x98, 0xBA,
	0xB6, 0x1E, 0x78, 0xD8, 0x36, 0x2E, 0x9C, 0xA9, 0x82, 0x56, 0x00, 0x03,
	0xB0, 0x05, 0xBE, 0x89, 0xE8, 0x69, 0xE0, 0xBA, 0x09, 0xEE, 0x7B, 0xDF,
	0x6A, 0x6F, 0xBE, 0x29, 0xCB, 0x6E, 0xD8, 0x3F, 0x48, 0x75, 0x01, 0xD9,
	0x18, 0xDE, 0x6D, 0x82, 0x0C, 0xF5, 0x6D, 0x23, 0x54, 0xE4, 0x78, 0x53,
	0x75, 0x24, 0x57, 0xB9, 0xDD, 0x9F, 0xF3, 0x8E, 0x3D, 0xC6, 0xF3, 0x68,
	0xDF, 0x65, 0xF6, 0xA4, 0x56, 0xAA, 0xF7, 0x95, 0xB6, 0x28, 0x55, 0x27,
	0xD0, 0x24, 0xBD, 0x40, 0xA0, 0xBF, 0x19, 0xB6, 0x12, 0x12, 0x11, 0x5D,
	0x3D, 0x27, 0xE0, 0x40, 0x96, 0x38, 0xAC, 0xF7, 0xF9, 0x29, 0x89, 0xC3,
	0xBC, 0x17, 0xB0, 0x54, 0x85, 0x42, 0xB3, 0xFC, 0x0C, 0x9E, 0x8B, 0x19,
	0x89, 0xE7, 0xF0, 0x0B, 0x6A, 0x81, 0xC2, 0x81, 0x19, 0x42, 0x19, 0x52,
	0x75, 0x8A, 0x36, 0xC2, 0x1D, 0xC3, 0x61, 0x73, 0x2E, 0x2C, 0x6B, 0x7B,
	0x6E, 0x3F, 0x2C, 0x09, 0x78, 0x14, 0xE9, 0x91, 0xB2, 0xA9, 0x5B, 0xDF,
	0x49, 0xA3, 0x74, 0x0C, 0xBC, 0xEC, 0x91, 0x80, 0xD2, 0x3D, 0xE6, 0x4A,
	0x3E, 0x66, 0x3B, 0x4F, 0xBB, 0x86, 0xFA, 0x32, 0x1A, 0xD9, 0x96, 0xF4,
	0x8F, 0xF6, 0x91, 0x01, 0xF6, 0xCE, 0xC6, 0x74, 0xFD, 0xF6, 0x4C, 0x72,
	0x6F, 0x10, 0xAB, 0x75, 0x30, 0xC5, 0x34, 0xB0, 0x7A, 0xD8, 0x50, 0xFE,
	0x0A, 0x58, 0xDD, 0x40, 0x3C, 0xC7, 0x54, 0x6D, 0x9D, 0x63, 0x74, 0x48,
	0x2C, 0xB1, 0x4E, 0x47, 0x2D, 0xC1, 0x14, 0x04, 0x71, 0xBF, 0x64, 0xF9,
	0x24, 0xBE, 0x73, 0x6D, 0xCA, 0x8E, 0x09, 0xBD, 0xB3, 0x01, 0x57, 0x49,
	0x54, 0x64, 0xD9, 0x73, 0xD7, 0x7F, 0x1E, 0x5B, 0x44, 0x01, 0x8E, 0x5A,
	0x19, 0x91, 0x6B, 0x0D, 0x9F, 0xA4, 0x28, 0xDC, 0x67, 0x19, 0x28, 0x24,
	0xBA, 0x38, 0x4B, 0x9A, 0x6E, 0xFB, 0x21, 0x54, 0x6B, 0x6A, 0x45, 0x11,
	0x47, 0xA9, 0xF1, 0xB7, 0xAE, 0xC8, 0xE8, 0x89, 0x5E, 0x4F, 0x9D, 0xD2,
	0xD0, 0x4C, 0x76, 0xB5, 0x57, 0x54, 0x09, 0xB1, 0x69, 0x01, 0x44, 0x7E,
	0x7C, 0xA1, 0x61, 0x6C, 0x73, 0xFE, 0x0A, 0xBB, 0xEC, 0x41, 0x66, 0x3D,
	0x69, 0xFD, 0xCB, 0xC1, 0x41, 0x49, 0x7E, 0x7E, 0x93, 0xBE, 0xCB, 0xF8,
	0x3B, 0xE4, 0xB7, 0x15, 0xBF, 0xB4, 0xCE, 0x3E, 0xA5, 0x31, 0x51, 0x84,
	0xBC, 0xBF, 0x02, 0xC1, 0x82, 0xA2, 0x7B, 0x17, 0x1D, 0x15, 0x89, 0x8D,
	0x70, 0xFE, 0xE7, 0xB5, 0xD0, 0x28, 0x1A, 0x89, 0x0B, 0x8F, 0x36, 0xDA,
	0xBA, 0x4C, 0xF9, 0x9B, 0xFF, 0x0A, 0xE9, 0x34, 0xF8, 0x24, 0x35, 0x67,
	0x2B, 0xE0, 0x0D, 0xB8, 0xE6, 0x8C, 0x99, 0xD6, 0xE1, 0x22, 0xEA, 0xF0,
	0x27, 0x42, 0x3D, 0x25, 0x94, 0xE6, 0x74, 0x74, 0x5B, 0x6A, 0xD1, 0x9E,
	0x3E, 0xED, 0x7E, 0xA0, 0x31, 0x33, 0x7D, 0xBC, 0xCB, 0xE9, 0x7B, 0xBF,
	0x38, 0x70, 0x44, 0xD1, 0x90, 0xF1, 0xC8, 0xAB, 0x3A, 0x8A, 0x3A, 0x08,
	0x62, 0x7F, 0xD9, 0x70, 0x63, 0x53, 0x4D, 0x8D, 0xEE, 0x82, 0x6D, 0xA5,
	0x05, 0x10, 0xC1, 0x71, 0x06, 0x6A, 0x10, 0xB4, 0x1D, 0x55, 0x33, 0x58,
	0xB3, 0xA1, 0x70, 0x66, 0xF2, 0xA1, 0x82, 0x03, 0x55, 0x30, 0x82, 0x02,
	0x3D, 0x02, 0x01, 0x01, 0x30, 0x82, 0x01, 0x01, 0xA1, 0x81, 0xD9, 0xA4,
	0x81, 0xD6, 0x30, 0x81, 0xD3, 0x31, 0x0B, 0x30, 0x09, 0x06, 0x03, 0x55,
	0x04, 0x06, 0x13, 0x02, 0x55, 0x53, 0x31, 0x13, 0x30, 0x11, 0x06, 0x03,
	0x55, 0x04, 0x08, 0x13, 0x0A, 0x57, 0x61, 0x73, 0x68, 0x69, 0x6E, 0x67,
	0x74, 0x6F, 0x6E, 0x31, 0x10, 0x30, 0x0E, 0x06, 0x03, 0x55, 0x04, 0x07,
	0x13, 0x07, 0x52, 0x65, 0x64, 0x6D, 0x6F, 0x6E, 0x64, 0x31, 0x1E, 0x30,
	0x1C, 0x06, 0x03, 0x55, 0x04, 0x0A, 0x13, 0x15, 0x4D, 0x69, 0x63, 0x72,
	0x6F, 0x73, 0x6F, 0x66, 0x74, 0x20, 0x43, 0x6F, 0x72, 0x70, 0x6F, 0x72,
	0x61, 0x74, 0x69, 0x6F, 0x6E, 0x31, 0x2D, 0x30, 0x2B, 0x06, 0x03, 0x55,
	0x04, 0x0B, 0x13, 0x24, 0x4D, 0x69, 0x63, 0x72, 0x6F, 0x73, 0x6F, 0x66,
	0x74, 0x20, 0x49, 0x72, 0x65, 0x6C, 0x61, 0x6E, 0x64, 0x20, 0x4F, 0x70,
	0x65, 0x72, 0x61, 0x74, 0x69, 0x6F, 0x6E, 0x73, 0x20, 0x4C, 0x69, 0x6D,
	0x69, 0x74, 0x65, 0x64, 0x31, 0x27, 0x30, 0x25, 0x06, 0x03, 0x55, 0x04,
	0x0B, 0x13, 0x1E, 0x6E, 0x53, 0x68, 0x69, 0x65, 0x6C, 0x64, 0x20, 0x54,
	0x53, 0x53, 0x20, 0x45, 0x53, 0x4E, 0x3A, 0x36, 0x35, 0x31, 0x41, 0x2D,
	0x30, 0x35, 0x45, 0x30, 0x2D, 0x44, 0x39, 0x34, 0x37, 0x31, 0x25, 0x30,
	0x23, 0x06, 0x03, 0x55, 0x04, 0x03, 0x13, 0x1C, 0x4D, 0x69, 0x63, 0x72,
	0x6F, 0x73, 0x6F, 0x66, 0x74, 0x20, 0x54, 0x69, 0x6D, 0x65, 0x2D, 0x53,
	0x74, 0x61, 0x6D, 0x70, 0x20, 0x53, 0x65, 0x72, 0x76, 0x69, 0x63, 0x65,
	0xA2, 0x23, 0x0A, 0x01, 0x01, 0x30, 0x07, 0x06, 0x05, 0x2B, 0x0E, 0x03,
	0x02, 0x1A, 0x03, 0x15, 0x00, 0x8F, 0xA7, 0x93, 0x7A, 0x36, 0xEE, 0x60,
	0x4D, 0x48, 0x7E, 0x36, 0xDF, 0xAE, 0xDE, 0xAD, 0x5D, 0xEB, 0xC2, 0x51,
	0x20, 0xA0, 0x81, 0x83, 0x30, 0x81, 0x80, 0xA4, 0x7E, 0x30, 0x7C, 0x31,
	0x0B, 0x30, 0x09, 0x06, 0x03, 0x55, 0x04, 0x06, 0x13, 0x02, 0x55, 0x53,
	0x31, 0x13, 0x30, 0x11, 0x06, 0x03, 0x55, 0x04, 0x08, 0x13, 0x0A, 0x57,
	0x61, 0x73, 0x68, 0x69, 0x6E, 0x67, 0x74, 0x6F, 0x6E, 0x31, 0x10, 0x30,
	0x0E, 0x06, 0x03, 0x55, 0x04, 0x07, 0x13, 0x07, 0x52, 0x65, 0x64, 0x6D,
	0x6F, 0x6E, 0x64, 0x31, 0x1E, 0x30, 0x1C, 0x06, 0x03, 0x55, 0x04, 0x0A,
	0x13, 0x15, 0x4D, 0x69, 0x63, 0x72, 0x6F, 0x73, 0x6F, 0x66, 0x74, 0x20,
	0x43, 0x6F, 0x72, 0x70, 0x6F, 0x72, 0x61, 0x74, 0x69, 0x6F, 0x6E, 0x31,
	0x26, 0x30, 0x24, 0x06, 0x03, 0x55, 0x04, 0x03, 0x13, 0x1D, 0x4D, 0x69,
	0x63, 0x72, 0x6F, 0x73, 0x6F, 0x66, 0x74, 0x20, 0x54, 0x69, 0x6D, 0x65,
	0x2D, 0x53, 0x74, 0x61, 0x6D, 0x70, 0x20, 0x50, 0x43, 0x41, 0x20, 0x32,
	0x30, 0x31, 0x30, 0x30, 0x0D, 0x06, 0x09, 0x2A, 0x86, 0x48, 0x86, 0xF7,
	0x0D, 0x01, 0x01, 0x0B, 0x05, 0x00, 0x02, 0x05, 0x00, 0xED, 0xCD, 0xDD,
	0x2D, 0x30, 0x22, 0x18, 0x0F, 0x32, 0x30, 0x32, 0x36, 0x30, 0x36, 0x30,
	0x35, 0x32, 0x33, 0x34, 0x31, 0x33, 0x33, 0x5A, 0x18, 0x0F, 0x32, 0x30,
	0x32, 0x36, 0x30, 0x36, 0x30, 0x36, 0x32, 0x33, 0x34, 0x31, 0x33, 0x33,
	0x5A, 0x30, 0x73, 0x30, 0x39, 0x06, 0x0A, 0x2B, 0x06, 0x01, 0x04, 0x01,
	0x84, 0x59, 0x0A, 0x04, 0x01, 0x31, 0x2B, 0x30, 0x29, 0x30, 0x0A, 0x02,
	0x05, 0x00, 0xED, 0xCD, 0xDD, 0x2D, 0x02, 0x01, 0x00, 0x30, 0x06, 0x02,
	0x01, 0x00, 0x02, 0x01, 0x24, 0x30, 0x07, 0x02, 0x01, 0x00, 0x02, 0x02,
	0x12, 0x57, 0x30, 0x0A, 0x02, 0x05, 0x00, 0xED, 0xCF, 0x2E, 0xAD, 0x02,
	0x01, 0x00, 0x30, 0x36, 0x06, 0x0A, 0x2B, 0x06, 0x01, 0x04, 0x01, 0x84,
	0x59, 0x0A, 0x04, 0x02, 0x31, 0x28, 0x30, 0x26, 0x30, 0x0C, 0x06, 0x0A,
	0x2B, 0x06, 0x01, 0x04, 0x01, 0x84, 0x59, 0x0A, 0x03, 0x02, 0xA0, 0x0A,
	0x30, 0x08, 0x02, 0x01, 0x00, 0x02, 0x03, 0x07, 0xA1, 0x20, 0xA1, 0x0A,
	0x30, 0x08, 0x02, 0x01, 0x00, 0x02, 0x03, 0x01, 0x86, 0xA0, 0x30, 0x0D,
	0x06, 0x09, 0x2A, 0x86, 0x48, 0x86, 0xF7, 0x0D, 0x01, 0x01, 0x0B, 0x05,
	0x00, 0x03, 0x82, 0x01, 0x01, 0x00, 0xAD, 0x1D, 0xA8, 0x05, 0x45, 0x17,
	0x79, 0xBC, 0xB0, 0x14, 0xF7, 0x87, 0x17, 0x8A, 0xAD, 0xDF, 0xEF, 0xF7,
	0xB3, 0xF3, 0x93, 0x35, 0x82, 0x69, 0x86, 0x12, 0x31, 0x6B, 0x3F, 0xE1,
	0xF7, 0x4E, 0x6A, 0x7D, 0x44, 0x2E, 0x21, 0x36, 0x91, 0x2B, 0x69, 0xD7,
	0x51, 0x5A, 0x85, 0xB0, 0xA6, 0x8E, 0xEC, 0x71, 0x55, 0xBF, 0x41, 0x33,
	0x1A, 0xBF, 0x10, 0xA8, 0x8B, 0x4B, 0xB7, 0x4F, 0x24, 0x09, 0x08, 0x38,
	0xA7, 0xED, 0x45, 0x7B, 0x36, 0x4B, 0xC2, 0xA0, 0x57, 0xFB, 0x83, 0xF4,
	0x81, 0xA5, 0x24, 0x1E, 0xAE, 0xA2, 0x12, 0xF0, 0xD3, 0xF5, 0xCE, 0x5F,
	0xCC, 0xDA, 0xFA, 0x01, 0xAB, 0xBB, 0xD9, 0xC2, 0x03, 0xA6, 0x56, 0x15,
	0xB6, 0x80, 0xFA, 0xBD, 0xAE, 0x0F, 0x11, 0x5F, 0xBE, 0xB8, 0x90, 0x0A,
	0x82, 0x41, 0x44, 0x05, 0xCE, 0xF8, 0x43, 0xF1, 0xB2, 0x6B, 0x57, 0xBC,
	0x90, 0x8E, 0x73, 0x56, 0xD9, 0x39, 0xC9, 0xD6, 0xED, 0xC9, 0x7A, 0x78,
	0x95, 0xE0, 0x01, 0x2B, 0xC6, 0x52, 0x1C, 0x82, 0x2C, 0xEC, 0x7B, 0xEE,
	0x00, 0x81, 0x27, 0x2D, 0xC3, 0xB8, 0x55, 0xE9, 0x23, 0x2B, 0x00, 0x1C,
	0x83, 0xBD, 0xA8, 0x82, 0x83, 0xFB, 0x6F, 0xB9, 0x2D, 0x7B, 0x21, 0x81,
	0xB8, 0x27, 0xA2, 0x5E, 0xC9, 0x64, 0x82, 0x94, 0xE1, 0x7F, 0x6C, 0x88,
	0x4E, 0xC3, 0x43, 0x5F, 0xBE, 0x43, 0xAE, 0xC2, 0x5A, 0x48, 0x13, 0xE6,
	0x2E, 0x46, 0xC7, 0x8A, 0x58, 0x61, 0xCD, 0x46, 0x05, 0xF9, 0x2D, 0xCB,
	0x52, 0x78, 0x1D, 0x1B, 0xBF, 0x1D, 0x40, 0xA0, 0x92, 0x8E, 0x82, 0x49,
	0x08, 0x9D, 0x00, 0x3E, 0x4F, 0xE1, 0x4B, 0xA1, 0x0B, 0x7D, 0xAD, 0xDA,
	0xCF, 0x60, 0x10, 0x9C, 0xD4, 0x72, 0x7B, 0xD6, 0xFB, 0x97, 0xD0, 0xD8,
	0x6A, 0x59, 0xFA, 0x36, 0xCF, 0x5B, 0x09, 0xAE, 0x92, 0x9C, 0x31, 0x82,
	0x04, 0x0D, 0x30, 0x82, 0x04, 0x09, 0x02, 0x01, 0x01, 0x30, 0x81, 0x93,
	0x30, 0x7C, 0x31, 0x0B, 0x30, 0x09, 0x06, 0x03, 0x55, 0x04, 0x06, 0x13,
	0x02, 0x55, 0x53, 0x31, 0x13, 0x30, 0x11, 0x06, 0x03, 0x55, 0x04, 0x08,
	0x13, 0x0A, 0x57, 0x61, 0x73, 0x68, 0x69, 0x6E, 0x67, 0x74, 0x6F, 0x6E,
	0x31, 0x10, 0x30, 0x0E, 0x06, 0x03, 0x55, 0x04, 0x07, 0x13, 0x07, 0x52,
	0x65, 0x64, 0x6D, 0x6F, 0x6E, 0x64, 0x31, 0x1E, 0x30, 0x1C, 0x06, 0x03,
	0x55, 0x04, 0x0A, 0x13, 0x15, 0x4D, 0x69, 0x63, 0x72, 0x6F, 0x73, 0x6F,
	0x66, 0x74, 0x20, 0x43, 0x6F, 0x72, 0x70, 0x6F, 0x72, 0x61, 0x74, 0x69,
	0x6F, 0x6E, 0x31, 0x26, 0x30, 0x24, 0x06, 0x03, 0x55, 0x04, 0x03, 0x13,
	0x1D, 0x4D, 0x69, 0x63, 0x72, 0x6F, 0x73, 0x6F, 0x66, 0x74, 0x20, 0x54,
	0x69, 0x6D, 0x65, 0x2D, 0x53, 0x74, 0x61, 0x6D, 0x70, 0x20, 0x50, 0x43,
	0x41, 0x20, 0x32, 0x30, 0x31, 0x30, 0x02, 0x13, 0x33, 0x00, 0x00, 0x02,
	0x15, 0x18, 0x03, 0xD3, 0x81, 0x07, 0x26, 0x7C, 0x53, 0x00, 0x01, 0x00,
	0x00, 0x02, 0x15, 0x30, 0x0D, 0x06, 0x09, 0x60, 0x86, 0x48, 0x01, 0x65,
	0x03, 0x04, 0x02, 0x01, 0x05, 0x00, 0xA0, 0x82, 0x01, 0x4A, 0x30, 0x1A,
	0x06, 0x09, 0x2A, 0x86, 0x48, 0x86, 0xF7, 0x0D, 0x01, 0x09, 0x03, 0x31,
	0x0D, 0x06, 0x0B, 0x2A, 0x86, 0x48, 0x86, 0xF7, 0x0D, 0x01, 0x09, 0x10,
	0x01, 0x04, 0x30, 0x2F, 0x06, 0x09, 0x2A, 0x86, 0x48, 0x86, 0xF7, 0x0D,
	0x01, 0x09, 0x04, 0x31, 0x22, 0x04, 0x20, 0x91, 0x07, 0x3D, 0x8E, 0x51,
	0xD9, 0x1B, 0x8D, 0xB4, 0x35, 0xF2, 0xF0, 0x11, 0x85, 0xD3, 0x14, 0x98,
	0xA1, 0xE6, 0x31, 0xC6, 0xCC, 0x91, 0x94, 0x19, 0xF2, 0xD7, 0x08, 0xC6,
	0xC7, 0xEE, 0xB7, 0x30, 0x81, 0xFA, 0x06, 0x0B, 0x2A, 0x86, 0x48, 0x86,
	0xF7, 0x0D, 0x01, 0x09, 0x10, 0x02, 0x2F, 0x31, 0x81, 0xEA, 0x30, 0x81,
	0xE7, 0x30, 0x81, 0xE4, 0x30, 0x81, 0xBD, 0x04, 0x20, 0x70, 0x10, 0xF4,
	0x76, 0x3C, 0x3A, 0xD3, 0x14, 0xB7, 0x2B, 0xB5, 0x0B, 0x0A, 0xAD, 0x48,
	0xBB, 0xA3, 0x3E, 0x49, 0x35, 0x10, 0x85, 0xFC, 0xA4, 0x47, 0x32, 0x28,
	0x52, 0x35, 0xEE, 0xEC, 0x8A, 0x30, 0x81, 0x98, 0x30, 0x81, 0x80, 0xA4,
	0x7E, 0x30, 0x7C, 0x31, 0x0B, 0x30, 0x09, 0x06, 0x03, 0x55, 0x04, 0x06,
	0x13, 0x02, 0x55, 0x53, 0x31, 0x13, 0x30, 0x11, 0x06, 0x03, 0x55, 0x04,
	0x08, 0x13, 0x0A, 0x57, 0x61, 0x73, 0x68, 0x69, 0x6E, 0x67, 0x74, 0x6F,
	0x6E, 0x31, 0x10, 0x30, 0x0E, 0x06, 0x03, 0x55, 0x04, 0x07, 0x13, 0x07,
	0x52, 0x65, 0x64, 0x6D, 0x6F, 0x6E, 0x64, 0x31, 0x1E, 0x30, 0x1C, 0x06,
	0x03, 0x55, 0x04, 0x0A, 0x13, 0x15, 0x4D, 0x69, 0x63, 0x72, 0x6F, 0x73,
	0x6F, 0x66, 0x74, 0x20, 0x43, 0x6F, 0x72, 0x70, 0x6F, 0x72, 0x61, 0x74,
	0x69, 0x6F, 0x6E, 0x31, 0x26, 0x30, 0x24, 0x06, 0x03, 0x55, 0x04, 0x03,
	0x13, 0x1D, 0x4D, 0x69, 0x63, 0x72, 0x6F, 0x73, 0x6F, 0x66, 0x74, 0x20,
	0x54, 0x69, 0x6D, 0x65, 0x2D, 0x53, 0x74, 0x61, 0x6D, 0x70, 0x20, 0x50,
	0x43, 0x41, 0x20, 0x32, 0x30, 0x31, 0x30, 0x02, 0x13, 0x33, 0x00, 0x00,
	0x02, 0x15, 0x18, 0x03, 0xD3, 0x81, 0x07, 0x26, 0x7C, 0x53, 0x00, 0x01,
	0x00, 0x00, 0x02, 0x15, 0x30, 0x22, 0x04, 0x20, 0x67, 0xFC, 0x22, 0x6E,
	0xD8, 0x37, 0xE6, 0xDE, 0x85, 0xFC, 0x3A, 0xE8, 0x29, 0xF9, 0xC5, 0x3A,
	0xA4, 0x32, 0x96, 0x13, 0xCC, 0xFA, 0x44, 0xC3, 0x89, 0xAC, 0x02, 0xD1,
	0x86, 0x53, 0xD6, 0xCE, 0x30, 0x0D, 0x06, 0x09, 0x2A, 0x86, 0x48, 0x86,
	0xF7, 0x0D, 0x01, 0x01, 0x0B, 0x05, 0x00, 0x04, 0x82, 0x02, 0x00, 0x34,
	0x47, 0xC4, 0x9B, 0x15, 0x5E, 0xE9, 0x0D, 0xD4, 0x40, 0xC2, 0x78, 0xEF,
	0xFB, 0x0D, 0xCA, 0x70, 0x14, 0xEB, 0x63, 0xA3, 0x0E, 0x27, 0xF8, 0xE1,
	0xD5, 0x90, 0x47, 0xCC, 0x28, 0x21, 0x06, 0x02, 0x28, 0xE0, 0x69, 0xA4,
	0xB8, 0x90, 0xEE, 0xB5, 0x9E, 0xC3, 0xCF, 0x4A, 0x9F, 0xEE, 0x9C, 0x5C,
	0xE1, 0x41, 0x14, 0x37, 0xB8, 0x17, 0xCC, 0x3D, 0x80, 0x8B, 0x75, 0x52,
	0xEF, 0xD6, 0x84, 0xC2, 0x55, 0xCE, 0x2D, 0xEF, 0x66, 0x75, 0xCA, 0x7B,
	0x45, 0x08, 0x46, 0x34, 0x8C, 0x2A, 0x6B, 0xB5, 0xC6, 0xEC, 0xFA, 0xCE,
	0x35, 0x00, 0x93, 0xFC, 0x54, 0x5E, 0x06, 0x7C, 0x42, 0x4C, 0x93, 0xA4,
	0x21, 0x3D, 0x87, 0x7B, 0xDF, 0xE5, 0x85, 0xB2, 0x07, 0x4A, 0x24, 0x54,
	0xCB, 0x34, 0xE6, 0x66, 0xB2, 0xF8, 0x16, 0x49, 0x63, 0x78, 0xE8, 0xD1,
	0x80, 0xA9, 0xB8, 0xF6, 0x05, 0x4E, 0x00, 0x9E, 0xC4, 0x89, 0x86, 0x06,
	0x36, 0x53, 0x5C, 0x8F, 0xD4, 0xC6, 0xB4, 0x37, 0x89, 0xEC, 0x11, 0xBF,
	0x13, 0xBD, 0x8B, 0xD8, 0xF6, 0x37, 0x86, 0xFB, 0xF9, 0x36, 0xB2, 0x77,
	0xE4, 0x40, 0xE5, 0xFD, 0x6D, 0x16, 0xE7, 0x2F, 0x5B, 0xBA, 0x18, 0xB2,
	0xBC, 0x38, 0xD8, 0x63, 0xC6, 0x85, 0x1B, 0x96, 0x71, 0x37, 0x8C, 0xDB,
	0x5A, 0xA5, 0x8B, 0x6C, 0xD0, 0x3C, 0x80, 0xF6, 0x7D, 0x4C, 0x90, 0x72,
	0x08, 0xA7, 0xF2, 0x49, 0x38, 0x68, 0xD0, 0xF5, 0x1C, 0x37, 0x10, 0xA1,
	0x3D, 0x19, 0x26, 0x42, 0xB5, 0xE1, 0xB9, 0xC3, 0xFF, 0x58, 0x18, 0x15,
	0x86, 0x32, 0xF5, 0xBD, 0xBA, 0xC4, 0x15, 0x73, 0x59, 0x3F, 0x10, 0x95,
	0xBB, 0x74, 0x6C, 0x05, 0xE8, 0xDA, 0xC3, 0x6A, 0xBD, 0xB5, 0x14, 0x60,
	0x54, 0xB3, 0x4C, 0x3E, 0x80, 0xE3, 0xCA, 0x63, 0x2B, 0x1A, 0xE8, 0x08,
	0x6C, 0x0E, 0xA8, 0xCF, 0x4D, 0xF8, 0xDA, 0x11, 0x5C, 0x97, 0x95, 0xD0,
	0x8E, 0x11, 0xA9, 0xF7, 0x7A, 0x50, 0xBE, 0x38, 0xB3, 0x6A, 0xD8, 0x53,
	0x56, 0xAC, 0x90, 0xB1, 0x66, 0x52, 0x53, 0xBC, 0xCD, 0xEA, 0xF6, 0xE4,
	0xE4, 0xF7, 0x9F, 0x01, 0x6C, 0x5F, 0x26, 0xD6, 0xE4, 0xE3, 0x10, 0x8E,
	0xDE, 0x12, 0x1E, 0xB9, 0xA0, 0xA8, 0xC3, 0x77, 0x90, 0x61, 0x2E, 0x81,
	0x7F, 0x0F, 0x47, 0x8E, 0x74, 0x2B, 0xB2, 0x31, 0x22, 0xD1, 0xBA, 0xC4,
	0x72, 0xF6, 0xAA, 0x40, 0x7B, 0x0F, 0x9D, 0x1F, 0xC2, 0x09, 0xFD, 0xB4,
	0xC4, 0xFC, 0xE3, 0x39, 0x99, 0x72, 0xCE, 0xF5, 0xF2, 0xAA, 0x1F, 0xD1,
	0x3B, 0x47, 0xC3, 0x72, 0xCB, 0xF1, 0x49, 0x6F, 0x10, 0xD0, 0xD0, 0x5E,
	0xF4, 0x89, 0x77, 0x46, 0xC2, 0x61, 0xAF, 0x91, 0xB9, 0x1C, 0x9D, 0xAE,
	0xF9, 0x49, 0x08, 0x34, 0x86, 0xEC, 0xB9, 0x82, 0x7F, 0xBA, 0x3D, 0xD7,
	0x1F, 0x33, 0x5B, 0xF8, 0x84, 0x18, 0x30, 0x7F, 0xB3, 0x19, 0xF3, 0xB2,
	0x84, 0x0E, 0xAA, 0x37, 0x8A, 0xE7, 0x9E, 0x0C, 0x8F, 0x41, 0x12, 0x2E,
	0x0F, 0x07, 0x89, 0x8B, 0xFF, 0xE4, 0xDF, 0x55, 0x0F, 0x0E, 0xB7, 0xFE,
	0x24, 0x79, 0xED, 0x51, 0x43, 0x8E, 0x72, 0x8B, 0x48, 0x16, 0xE0, 0xAD,
	0xA8, 0xE8, 0x4F, 0xC1, 0x2C, 0x3C, 0xDA, 0x2F, 0xFB, 0xBA, 0xAB, 0x58,
	0xCE, 0xF2, 0x55, 0x59, 0x72, 0xB4, 0x58, 0xD8, 0x2C, 0x16, 0xB4, 0xA3,
	0x91, 0xC2, 0x3E, 0x02, 0x97, 0x53, 0x47, 0x38, 0x5B, 0xB7, 0x82, 0x27,
	0x52, 0x84, 0x37, 0x7E, 0x2F, 0xA4, 0x63, 0x06, 0x67, 0xA3, 0x23, 0x0E,
	0x70, 0xEC, 0x3E, 0x9D, 0xBB, 0x7B, 0x67, 0x70, 0x06, 0x1A, 0xF9, 0xD2,
	0x8D, 0xB0, 0x11, 0x8A, 0x59, 0xE0, 0x30, 0x79, 0x54, 0x9F, 0xB4, 0x27,
	0x68, 0x3F, 0xDF, 0xFB, 0xBA, 0xCB, 0x2D, 0x00, 0x00, 0x00, 0x00
};
